,SMILES,ID,is_active,mw,logP,charge
0,CCN(CC)C(=O)[C@@H]1OC(C(O)O)=C[C@H](N=C(N)N)[C@H]1NC(C)=O,247120,1,343.3840000000001,-2.4050999999999956,0
1,CCC[C@@](C)(OC)[C@H](NC(C)=O)[C@@H]1N[C@@H](C(O)=O)C[C@H]1/C=C\C,424102,1,326.43700000000007,1.7037000000000002,0
2,CC[C@@H](CCc1ccccc1)O[C@@H]2C=C(C(O)=O)C[C@H](N)[C@H]2NC(C)=O,129821,1,360.4540000000001,2.0296999999999996,0
3,CCCN(CCC)C(=O)[C@@H]1OC(C(O)=O)=C[C@H](N)[C@H]1NC(=O)C(F)(F)F,265778,1,381.35100000000006,0.37670000000000065,0
4,C/C=C\[C@@H]1C[C@H](C(O)=O)N[C@H]1[C@@H](NC(C)=O)[C@@H]2CCC=CCO2,424100,1,322.4050000000001,1.2337000000000005,0
5,CCN(CC)C(=O)[C@@H]1OC(C(O)O)=C[C@H](N)[C@H]1NC(C)=O,642823,1,301.3430000000001,-1.7197999999999964,0
6,CCC(CC)O[C@H]1C=C(C(O)=O)C[C@H](NC(N)=N)[C@@H]1NC(C)=O,129831,1,326.39700000000005,0.33127000000000273,0
7,CCC(C)O[C@H]1C=C(C(O)=O)C[C@H](NC(N)=N)[C@@H]1NC(C)=O,129958,1,312.37000000000006,-0.05882999999999833,0
8,CC(=O)N[C@H]1C([C@@H](O)[C@@H](O)CO)OC(C(O)=O)=C[C@@H]1NC(N)=N,22044,1,332.313,-3.5758299999999963,0
9,CO[C@@H](C=C)[C@H](NC(C)=O)[C@@H]1N[C@@H](C(O)=O)C[C@H]1/C=C\C,424092,1,296.367,0.6995000000000002,0
10,CCCN(CCc1ccccc1)C(=O)[C@@H]2OC(C(O)O)=C[C@H](N=C(N)N)[C@H]2NC(C)=O,247094,1,433.5090000000001,-0.7921999999999949,0
11,CCCN(CCc1ccccc1)C(=O)[C@@H]2OC(C(O)O)=C[C@H](N)[C@H]2NC(C)=O,642829,1,391.4680000000001,-0.10689999999999839,0
12,CO[C@@H](CC=C)[C@H](NC(C)=O)[C@@H]1N[C@@H](C(O)=O)C[C@H]1/C=C\C,424095,1,310.39400000000006,1.0896,0
13,CCCN(CCc1ccccc1)C(=O)[C@@H]2OC(C(O)=O)=C[C@H](N)[C@H]2NC(=O)CC,265741,1,403.47900000000016,1.0571000000000008,0
14,CC(=O)NC1[C@@H](NC(N)=N)C=C(C(O)=O)O[C@H]1[C@H](O)C(O)CO,320904,1,332.31300000000005,-3.5758299999999976,0
15,CCOC(=O)C1=C[C@@H](OC(CC)CC)[C@H](NC(C)=O)[C@@H](N)C1,228121,1,312.41,1.2853999999999997,0
16,CCC(CC)[C@H](NC(C)=O)[C@@H]1C[C@@H](C(O)=O)C[C@H]1N=C(N)N,227780,1,312.41400000000004,0.6801000000000026,0
17,CCC(CC)[C@H](NC(C)=O)[C@@H]1[C@H](O)[C@@H](C(O)=O)C[C@H]1NC(N)=N,228354,1,328.413,-0.1394299999999976,0
18,CCN(CC)C(=O)[C@@H]1OC(C(O)=O)=C[C@H](NC(N)=N)[C@@H]1NC(C)=O,162719,1,341.36800000000005,-1.4215299999999969,0
19,CC[C@@H](CC=C)O[C@@H]1C=C(C(O)=O)C[C@H](N)[C@H]1NC(C)=O,129296,1,296.367,0.9729999999999999,0
20,CC[C@@H](CCC1CCCCC1)O[C@@H]2C=C(C(O)=O)C[C@H](N)[C@H]2NC(C)=O,130595,1,366.5020000000001,2.7574000000000005,0
21,CCCCCCC[C@H](CC)O[C@@H]1C=C(C(O)=O)C[C@H](N)[C@H]1NC(C)=O,130570,1,354.49100000000004,2.7574000000000005,0
22,CC(=O)N[C@@H]1[C@@H](NC(N)=N)C=C(C(O)O)O[C@H]1C(O)[C@H](O)CO,247243,1,334.32900000000006,-4.349729999999996,0
23,CCC[C@@](C)(O)[C@H](NC(C)=O)[C@@H]1N[C@@H](C(O)=O)C[C@H]1/C=C\C,424101,1,312.4100000000001,1.0495999999999999,0
24,CCC[C@H](O)[C@H](NC(C)=O)[C@@H]1N[C@@H](C(O)=O)C[C@H]1/C=C\C,424084,1,298.383,0.6595000000000004,0
25,CCC(CC)C(NC(C)=O)[C@@H]1[C@@H](O)[C@@H](C(O)=O)C[C@H]1NC(N)=N,192932,1,328.413,-0.1394299999999976,0
26,C/C=C\[C@@H]1C[C@H](C(O)=O)N[C@H]1[C@@H](NC(C)=O)[C@@H](O)CC=C,424086,1,296.3670000000001,0.43550000000000055,0
27,CCCN(CCc1ccccc1)C(=O)[C@@H]2OC(C(O)=O)=C[C@H](N)[C@H]2NC(C)=O,115145,1,389.4520000000001,0.6670000000000011,0
28,CCCN(CCc2cccc(c1ccccc1)c2)C(=O)[C@@H]3OC(C(O)=O)=C[C@H](N)[C@H]3NC(C)=O,277548,1,465.55000000000024,2.3339999999999996,0
29,CCCN(CCc2ccc(c1ccccc1)cc2)C(=O)[C@@H]3OC(C(O)=O)=C[C@H](N)[C@H]3NC(C)=O,163226,1,465.55000000000024,2.3339999999999996,0
30,CCC(C)O[C@H]1C=C(C(O)=O)C[C@H](N)[C@@H]1NC(C)=O,130069,1,270.329,0.41680000000000017,0
31,C/C=C\[C@@H]1C[C@H](C(O)=O)N[C@H]1[C@@H](NC(C)=O)[C@@H](O)C=C,424082,1,282.34000000000003,0.04540000000000105,0
32,CC(=O)Nc1ccc(C(O)=O)cc1NC(N)=N,87625,1,236.231,0.6485700000000001,0
33,CC[C@H](O)[C@H](NC(C)=O)[C@@H]1N[C@@H](C(O)=O)C[C@H]1/C=C\C,424080,1,284.35600000000005,0.26940000000000075,0
34,CC[C@H](CC=C)O[C@@H]1C=C(C(O)=O)C[C@H](N)[C@H]1NC(C)=O,129362,1,296.367,0.9729999999999999,0
35,CCCN(CCc1ccccc1)C(=O)[C@@H]2OC(C(O)=O)=C[C@H](N)[C@H]2NC(=O)C(F)(F)F,265738,1,443.4220000000001,1.2093999999999998,0
36,CCCN(CCc1cccc(O)c1)C(=O)[C@@H]2OC(C(O)=O)=C[C@H](N)[C@H]2NC(C)=O,277782,1,405.45100000000014,0.37260000000000126,0
37,CC(=O)N[C@@H]1[C@@H](N)CC(C(O)=O)=C[C@H]1N2CCCCC2,28765,1,281.35600000000005,0.08760000000000057,0
38,CCN(CCc1ccccc1)C(=O)[C@@H]2OC(C(O)=O)=C[C@H](N)[C@H]2NC(C)=O,162485,1,375.42500000000007,0.2769000000000016,0
39,CC1CCC(C)N1C(=O)[C@@H]2OC(C(O)=O)=C[C@H](N)[C@H]2NC(C)=O,276725,1,325.36500000000007,-0.41489999999999805,0
40,CCCN(CCc1ccccc1)C(=O)[C@@H]2OC(C(O)=O)=C[C@H](N=C(N)N)[C@H]2NC(C)=O,162626,1,431.49300000000017,-0.01829999999999593,0
41,CC(=O)NC([C@@H]2CCC(=C1SCCCS1)C2)C(O)=O,88734,1,301.433,2.4575000000000005,0
42,CC(=O)N[C@@H]1[C@@H](N)CC(C(O)=O)=C[C@H]1N2CCCCCC2,28861,1,295.3830000000001,0.47770000000000046,0
43,CC(=O)N[C@@H]1[C@@H](N)CC(C(O)=O)=C[C@H]1N2CCCCC[C@@H]2CO,28685,1,325.4090000000001,-0.16139999999999882,0
44,C/C=C\[C@@H]1C[C@H](C(O)=O)N[C@H]1[C@@H](NC(C)=O)[C@H]2CC=CCO2,424098,1,308.37800000000004,0.8436000000000008,0
45,CC[C@H](CCc1ccccc1)O[C@@H]2C=C(C(O)=O)C[C@H](N)[C@H]2NC(C)=O,129819,1,360.4540000000001,2.0296999999999996,0
46,CC(=O)N[C@@H]1[C@@H](N)CC(C(O)=O)=C[C@H]1N2CCCCCCC2,28702,1,309.41000000000014,0.8678000000000003,0
47,CCN(CC)C(=O)C(NC(C)=O)[C@H]1CC(C(O)=O)C[C@@H]1N=C(N)N,89881,1,341.4120000000001,-0.8876999999999968,0
48,CC[C@@H](CC1CCCCC1)O[C@@H]2C=C(C(O)=O)C[C@H](N)[C@H]2NC(C)=O,130635,1,352.4750000000001,2.3673,0
49,CCCN(CCCc1ccccc1)C(=O)[C@@H]2OC(C(O)=O)=C[C@H](N)[C@H]2NC(C)=O,276335,1,403.47900000000016,1.0571000000000006,0
50,CC(=O)N[C@@H]1[C@@H](N)CC(C(O)=O)=C[C@H]1OC2CCCC2,82165,1,282.34000000000003,0.5609000000000004,0
51,C/C=C\[C@@H]1C[C@H](C(O)=O)N[C@H]1[C@@H](NC(C)=O)[C@@H]2CC=CCO2,424099,1,308.37800000000004,0.8436000000000008,0
52,CC(=O)N[C@@H]1[C@@H](N)CC(C(O)=O)=C[C@H]1N2C3CCCC2CC3,28862,1,307.3940000000001,0.6186000000000007,0
53,CC(=O)N[C@@H]1[C@@H](N)CC(C(O)=O)=C[C@H]1N2CCCC2,28857,1,267.329,-0.3024999999999993,0
54,CC(=O)N[C@@H]1[C@@H](N)CC(C(O)=O)=C[C@H]1N2CCOCC2,28877,1,283.32800000000003,-1.0660999999999978,0
55,CCCC2CCN([C@@H]1C=C(C(O)=O)C[C@H](N)[C@H]1NC(C)=O)CC2,28864,1,323.4370000000001,1.113800000000001,0
56,CC(=O)NC([C@H]1CC(C(O)=O)C[C@@H]1N=C(N)N)C(=O)N2CCOCC2,88880,1,355.39500000000015,-1.8972999999999953,0
57,CC(=O)N[C@@H]1[C@@H](N)CC(C(O)=O)=C[C@H]1N2CCCCCCCC2,28673,1,323.4370000000002,1.2579,0
58,CC(C)C[C@H](NC(C)=O)[C@@H]1N[C@@H](C(O)=O)C[C@H]1c2cc[nH]n2,322776,1,308.382,0.8592000000000004,0
59,CC(=O)N[C@@H]1[C@@H](N)C=C(C(O)=O)O[C@H]1C(=O)N(CCc2ccccc2)C3CC3,277082,1,387.43600000000015,0.4194000000000022,0
60,CCC(CC)Nc1cc(C(O)=O)ccc1N2C(=O)CCC2(CO)CO,121545,1,350.4150000000002,1.8355000000000001,0
61,CCCCC(NC(C)=O)[C@@H]1CC(C(O)=O)C[C@H]1N=C(N)N,192931,1,298.38700000000006,0.4341000000000024,0
62,CCCN(CCc1ccccc1)C(=O)[C@@H]2OC(C(O)=O)=C[C@H](N)[C@H]2NC(=O)C3CC3,265739,1,415.4900000000002,1.0571000000000008,0
63,CC2CCN([C@@H]1C=C(C(O)=O)C[C@H](N)[C@H]1NC(C)=O)CC2,28832,1,295.3830000000001,0.33360000000000145,0
64,CC1CCN(C)N1C(=O)[C@@H]2OC(C(O)=O)=C[C@H](N)[C@H]2NC(C)=O,643043,1,326.35300000000007,-1.3466999999999958,0
65,CCC2CCN([C@@H]1C=C(C(O)=O)C[C@H](N)[C@H]1NC(C)=O)CC2,28831,1,309.41000000000014,0.7237000000000012,0
66,CC(=O)N[C@@H]1[C@@H](N)CC(C(O)=O)=C[C@H]1OC2CCCCC2,81658,1,296.3670000000001,0.9510000000000003,0
67,CC(=O)N[C@@H]1[C@@H](N)CC(C(O)=O)=C[C@H]1OCCCc3ccc(c2ccccc2)cc3,129814,1,408.49800000000005,2.9181000000000017,0
68,CC(=O)N[C@@H]1[C@@H](N)CC(C(O)=O)=C[C@H]1N2CCC2,28724,1,253.30199999999996,-0.692599999999999,0
69,CN(CCc1ccccc1)[C@@H]2C=C(C(O)=O)C[C@H](N)[C@H]2NC(C)=O,185866,1,331.41600000000005,0.7762000000000007,0
70,CC1CCC(C)N1C(=O)[C@H]2OC(C(O)=O)=C[C@H](N)[C@H]2NC(C)=O,277315,1,325.36500000000007,-0.41489999999999805,0
71,CC(=O)NC([C@H]1CC(C(O)=O)C[C@@H]1N=C(N)N)C(=O)N2CCCCC2,88698,1,353.4230000000002,-0.7435999999999976,0
72,CCCC1CCCCN1C(=O)C(NC(C)=O)[C@H]2CC(C(O)=O)C[C@@H]2N=C(N)N,89928,1,395.5040000000002,0.4251000000000038,0
73,CCC1CCCCN1C(=O)C(NC(C)=O)[C@H]2CC(C(O)=O)C[C@@H]2N=C(N)N,88586,1,381.4770000000002,0.03500000000000386,0
74,CN(C1CCCCC1)[C@@H]2C=C(C(O)=O)C[C@H](N)[C@H]2NC(C)=O,185188,1,309.41,0.8662000000000012,0
75,CCCN(CC1CC1)C(=O)C(NC(C)=O)[C@H]2CC(C(O)=O)C[C@@H]2N=C(N)N,89444,1,381.47700000000015,-0.10749999999999582,0
76,CC(=O)NC([C@H]1CC(C(O)=O)C[C@@H]1N=C(N)N)C(=O)N2CCSCC2,88954,1,371.46300000000014,-1.180699999999997,0
77,CC(CCc1ccccc1)NC(=O)C(NC(C)=O)[C@H]2CC(C(O)=O)C[C@@H]2N=C(N)N,89009,1,417.5100000000002,0.3814000000000026,0
78,CC1CCCCN1C(=O)C(NC(C)=O)[C@H]2CC(C(O)=O)C[C@@H]2N=C(N)N,88625,1,367.45000000000016,-0.3550999999999966,0
79,CC(C)C[C@H](NC(C)=O)[C@@H]1N[C@@H](C(O)=O)C[C@H]1c2ccon2,323094,1,309.36600000000004,1.1240999999999999,0
80,CC(C)C[C@H](NC(C)=O)[C@@H]1N[C@@H](C(O)=O)C[C@H]1c2ccno2,323095,1,309.36600000000004,1.1241000000000003,0
81,CCC2(CC)CN([C@@H]1C=C(C(O)=O)C[C@H](N)[C@H]1NC(C)=O)C2,28701,1,309.4100000000001,0.7237000000000013,0
82,CCCN(CCc2ccc(Cc1ccccc1)cc2)C(=O)[C@@H]3OC(C(O)=O)=C[C@H](N)[C@H]3NC(C)=O,276776,1,479.5770000000002,2.2578000000000005,0
83,CCC1CCC(CC)N1C(=O)[C@@H]2OC(C(O)=O)=C[C@H](N)[C@H]2NC(C)=O,277314,1,353.4190000000001,0.3653000000000023,0
84,CC1CCCN1C(=O)[C@@H]2OC(C(O)=O)=C[C@H](N)[C@H]2NC(C)=O,276792,1,311.338,-0.8033999999999983,0
85,CC(C)C[C@H](NC(C)=O)[C@@H]1N[C@@H](C(O)=O)C[C@H]1c2nccs2,323219,1,325.434,1.5926,0
86,CCCCc2nnc([C@@H]1OC(C(O)=O)=C[C@H](N)[C@H]1NC(C)=O)n2CCC,115150,1,365.43400000000014,0.9025000000000007,0
87,CC(C)C[C@H](NC(C)=O)[C@@H]1N[C@@H](C(O)=O)C[C@H]1c2cscn2,323218,1,325.434,1.5925999999999998,0
88,CC(C)C[C@H](NC(C)=O)[C@@H]1N[C@@H](C(O)=O)C[C@H]1c2ncc[nH]2,322989,1,308.382,0.8592000000000004,0
89,COC(=O)[C@@H]1C[C@H](C(O)=O)O[C@H]1[C@H](CC(C)C)NC(C)=O,304734,1,301.339,0.5685,0
90,CC(=O)NC([C@H]1CC(C(O)=O)C[C@@H]1N=C(N)N)C(=O)N2CCCC2,88601,1,339.39600000000013,-1.1336999999999975,0
91,CC(=O)N[C@@H]1[C@@H](N)CC(C(O)=O)=C[C@H]1Oc2ccccc2,81480,1,290.319,0.6807000000000005,0
92,CC(C)C[C@H](NC(C)=O)[C@@H]1O[C@@H](C(O)=O)C[C@H]1c2c[nH]cn2,304736,1,309.366,1.2861999999999996,0
93,CC(C)C[C@H](NC(C)=O)[C@@H]1N[C@@H](C(O)=O)C[C@H]1c2c[nH]cn2,322879,1,308.382,0.8592000000000004,0
94,CC(=O)N[C@@H]1[C@@H](N)CC(C(O)=O)=C[C@H]1OCc2ccccc2,130592,1,304.346,0.8185000000000007,0
95,CCN(Cc1ccccc1)C(=O)C(NC(C)=O)[C@H]2CC(C(O)=O)C[C@@H]2N=C(N)N,89409,1,403.4830000000002,0.29260000000000264,0
96,CC(=O)NC([C@H]1CC(C(O)=O)C[C@@H]1N=C(N)N)C(=O)N2CCC2,89318,1,325.3690000000001,-1.523799999999997,0
97,CC(=O)NC([C@H]1CC(C(O)=O)C[C@@H]1N=C(N)N)C(=O)N2CCCCCC2,88428,1,367.4500000000002,-0.3534999999999977,0
0,C[C@@H](O)[C@@H](NC(=O)c1cnc2ccccc2n1)C(=O)O,C01615674,0,275.264,0.1935999999999995,0
1,O=C(O)CCCNC(=O)N[C@H]1CCS(=O)(=O)C1,C05612944,0,264.30300000000005,-0.6624999999999988,0
2,Nc1c([N+](=O)[O-])cc([N+](=O)[O-])cc1S(=O)(=O)O,C04522678,0,263.18699999999995,0.3318999999999999,0
3,O=C(O)CNS(=O)(=O)c1ccc2c(c1)CC(=O)N2,C11888718,0,270.26599999999996,-0.45590000000000036,0
4,CN(C)C(=O)CNC(=O)NC1(C(=O)O)CCCCC1,C19261934,0,271.317,0.16130000000000067,0
5,NC(=O)C[C@@H](NC(=O)c1cc(F)ccc1F)C(=O)O,C19427051,0,272.20699999999994,0.02319999999999961,0
6,NC(=O)C[C@H](NC(=O)c1cc(F)ccc1F)C(=O)O,C19427053,0,272.20699999999994,0.02319999999999961,0
7,C[C@@H](O)[C@@H](NC(=O)c1cc([N+](=O)[O-])cn1C)C(=O)O,C20214058,0,271.229,-0.5029000000000003,0
8,C[C@H](O)[C@H](NC(=O)c1cc([N+](=O)[O-])cn1C)C(=O)O,C20214069,0,271.229,-0.5029000000000003,0
9,O=C1N[C@H](C(=O)NC2(C(=O)O)CCCCC2)CS1,C20259713,0,272.3259999999999,0.7150999999999998,0
10,O=C1N[C@@H](C(=O)NC2(C(=O)O)CCCCC2)CS1,C20259714,0,272.3259999999999,0.7150999999999998,0
11,O=c1[nH]c(C[P@@](=O)(O)CO)nc2ccc(F)cc12,C20745385,0,272.172,0.7823999999999998,0
12,Cc1cccc(S(=O)(=O)N[C@H](C(=O)O)[C@H](C)O)c1,C21954410,0,273.31,0.10731999999999986,0
13,O=C(Cc1noc2ccccc12)N[C@@H](CO)C(=O)O,C22164833,0,264.23699999999997,-0.06800000000000023,0
14,Cn1c(=O)[nH]c(=O)c2[nH]c(CSCC(=O)O)nc21,C32221280,0,270.27,-0.7322999999999997,0
15,O=C(c1cc(O)[nH]c(=O)c1)N1CCN(CCO)CC1,C35609673,0,267.28499999999997,-1.1694000000000002,0
16,O=C(N[C@@H](CO)C(=O)O)c1cc([N+](=O)[O-])ccc1F,C37373449,0,272.188,-0.09080000000000027,0
17,C[C@@H](O)[C@@H](NC(=O)c1ccc(N(C)C)nc1)C(=O)O,C37431929,0,267.28499999999997,-0.28860000000000025,0
18,Cc1csc(=O)n1CC(=O)N[C@H](C(=O)O)[C@@H](C)O,C37432178,0,274.298,-0.8315799999999993,0
19,CC1(C)NC(=O)N(CC(=O)N[C@@](C)(C(=O)O)C2CC2)C1=O,C37456391,0,297.3110000000001,-0.3136999999999994,0
20,O=C1CCC(C(=O)NC2CCC(C(=O)O)CC2)=NN1,C37561484,0,267.2849999999999,0.011999999999999844,0
21,O=C(O)c1c[nH]nc1S(=O)(=O)Nc1ncccn1,C37731776,0,269.242,-0.30130000000000057,0
22,O=C(NC1(C(=O)O)CCCCC1)c1ncccc1O,C37760215,0,264.28099999999995,1.3044999999999993,0
23,O=C(N[C@@H]1Nn2cnnc2S1)c1ccc(O)nn1,C39617576,0,265.25800000000004,-0.8635000000000006,0
24,O=C(O)[C@@H]1NN(c2nc(=O)cn[nH]2)[C@H]2CCCC[C@H]12,C39783559,0,265.27299999999997,-0.4985000000000006,0
25,CCc1cccc(C)c1NC(=O)N[C@@H](CO)C(=O)O,C40533176,0,266.29699999999997,1.1244199999999998,0
26,C[C@@H](NC(=O)N[C@@H](C(=O)O)[C@@H](C)O)c1cccs1,C40576628,0,272.326,0.9422999999999999,0
27,C[C@](NC(=O)NC[C@H]1COCCO1)(C(=O)O)C1CC1,C40605000,0,272.30100000000004,-0.04569999999999963,0
28,C[C@@H](O)[C@H](NC(=O)Nc1cccc(F)c1F)C(=O)O,C40605148,0,274.223,0.9202999999999999,0
29,C[C@H]1CCC[C@](NC(=O)CN2C(=O)CNC2=O)(C(=O)O)C1,C41034549,0,297.31100000000004,-0.31209999999999916,0
30,C[C@]1(C(=O)NCC(=O)O)Oc2ccccc2NC1=O,C41545265,0,264.237,-0.02300000000000052,0
31,COC/C(O)=N/S(=O)(=O)c1cc(C(N)=O)n(C)c1,C42345931,0,275.286,-0.5843999999999991,0
32,C[C@@H](CN(C)C(=O)Cc1cc(=O)[nH]c(=O)[nH]1)C(=O)O,C42696884,0,269.257,-1.2151999999999978,0
33,O=C(O)CNC(=O)CNC(=O)N1CCO[C@H]2CCC[C@H]21,C43428508,0,285.3,-0.8498999999999994,0
34,Cc1n[nH]c(C)c1C(=O)N[C@@]1(C(=O)O)CCSC1,C43511007,0,269.32599999999996,0.7166399999999999,0
35,O=C(O)[C@@H]1C[C@H](O)CN1C(=O)[C@@H]1NCCc2ccccc21,C43595733,0,290.319,-0.08019999999999938,0
36,O=C1COc2ccc(C(=O)NCc3nnn[nH]3)cc2N1,C44927538,0,274.24,-0.5394000000000003,0
37,Cc1n[nH]c(C)c1S(=O)(=O)N[C@@H](C)c1nnn[nH]1,C44930369,0,271.306,-0.4208600000000002,0
38,O=C(NC1CCC(O)CC1)/C(O)=N/c1nncs1,C48719222,0,270.31399999999996,0.5457999999999987,0
39,O=C(CNC(=O)/C(O)=N/c1nncs1)NC1CC1,C48720348,0,269.28600000000006,-0.47909999999999964,0
40,CCNC(=O)NC(=O)[C@H](C)n1nnc(C(=O)O)c1C,C50215335,0,269.26099999999997,-0.3085800000000001,0
41,O=C(CNC(=O)C1(C(=O)O)CCC1)N1CCNCC1,C50291476,0,269.301,-1.2106999999999977,0
42,C[C@@H](NC(=O)NC(=O)/C=C/C(=O)O)c1nncn1C,C50420841,0,267.245,-0.6572999999999998,0
43,Nc1nc(C(=O)NC2(C(=O)O)CCCCC2)cs1,C55188255,0,269.3259999999999,1.2425999999999997,0
44,O=C1CNC(/N=C(\O)c2ccc3c(c2)NC(=O)CO3)=N1,C56214104,0,274.236,-0.19210000000000033,0
45,O=C(Cn1cc(C(=O)O)nn1)NNc1ccccn1,C50213267,0,262.229,-0.48540000000000005,0
46,CC[C@@]1(C)NC(=O)N(C/C(O)=N/c2ncn[nH]2)C1=O,C61844677,0,266.261,0.11319999999999975,0
47,O=C(O)CCCC(=O)NC(=O)N1CCNC(=O)CC1,C62101727,0,271.273,-0.7005999999999988,0
48,Cc1ccc2c(c1)S(=O)(=O)N=C(NCC(=O)O)N2,C62324716,0,269.282,0.13941999999999943,0
49,C[C@@H](C(=O)O)n1c(CO)cc(=O)c(O)c1CN(C)C,C62383463,0,270.285,-0.24659999999999993,0
50,O=C(O)CNS(=O)(=O)c1ccc2c(c1)CCC(=O)N2,C04716685,0,284.29299999999995,-0.06580000000000047,0
51,Cc1cc(C(=O)N[C@H](C(=O)O)[C@H](C)O)c2ccccc2n1,C19423897,0,288.30300000000005,1.10702,0
52,O=C(O)/C=C/C(=O)NC(=O)N[C@H]1CCS(=O)(=O)C1,C20218141,0,276.27000000000004,-1.3598999999999992,0
53,O=C(NCCNC(=O)c1ccco1)c1ccc(O)nn1,C23041549,0,276.252,-0.06500000000000028,0
54,NS(=O)(=O)c1nnc(NN2C(=O)c3cccnc3C2=O)s1,C27739774,0,326.3190000000001,-0.7963999999999996,0
55,C[C@@]1(C(=O)O)N[C@H](c2ccc(C#N)cc2)[C@H]2C(O)=NC(=O)[C@@H]21,C33474721,0,299.28600000000006,0.7749799999999998,0
56,NC(=O)CN1O[C@@H]2C(O)=NC(=O)[C@H]2[C@H]1c1ccc(F)cc1,C33633872,0,293.254,0.0808000000000011,0
57,Cc1ccc(C)c([C@H]2N[C@](C)(C(=O)O)[C@@H]3C(O)=NC(=O)[C@@H]23)c1,C34772311,0,302.33000000000004,1.5201399999999998,0
58,Cc1c(C(=O)O)sc2c1c(=O)n(CC(N)=O)c(=O)n2C,C34779048,0,297.292,-0.7463799999999996,0
59,Cc1n[nH]c(C)c1C(=O)NC1(C(=O)O)CCCCCC1,C36167276,0,279.34,1.9339399999999993,0
60,Cc1cc2c(N[C@H](CO)C(=O)O)nc(Cl)nc2s1,C36277628,0,287.728,1.5105199999999999,0
61,Cc1n[nH]c(C)c1NS(=O)(=O)c1cnn(CC(=O)O)c1,C36736444,0,299.312,0.10843999999999959,0
62,NC(=O)C[C@@H](NC(=O)c1cc2cc(F)ccc2s1)C(=O)O,C37411597,0,310.30600000000004,1.0988,0
63,CNC(=O)c1cc(S(=O)(=O)N[C@@H](C)C(=O)O)cn1C,C37418971,0,289.313,-0.863899999999999,0
64,C[C@H](O)[C@@H](NC(=O)c1cn(C)c2ccccc12)C(=O)O,C37432160,0,276.292,0.7420999999999995,0
65,O=C(O)Cc1csc(NC(=O)CN2C(=O)CNC2=O)n1,C37433678,0,298.28000000000003,-0.7395000000000003,0
66,O=C(O)c1c[nH]nc1S(=O)(=O)N1CCC[C@H](CO)C1,C37732094,0,289.31300000000005,-0.4990999999999999,0
67,O=C(O)c1c[nH]nc1S(=O)(=O)NC[C@@H]1CCS(=O)(=O)C1,C38082999,0,323.35200000000003,-1.1790999999999998,0
68,O=c1[nH]cc(S(=O)(=O)NC2=NC3=CCC=CC3=N2)c(=O)[nH]1,C39162246,0,307.29100000000005,-1.0041000000000004,0
69,C1COCCN1[C@H]2N=C3C(=NC(=NC3=O)[NH-])N2COCCO,C39777119,0,309.3060000000001,-1.3278999999999987,-1
70,Cn1cc(NC(=O)NC2(C(=O)O)CCCCCC2)cn1,C40577096,0,280.3279999999999,1.7191999999999992,0
71,Cc1cc(C)n2c(CNC(=O)c3cc(O)[nH]c(=O)c3)nnc2n1,C40819054,0,314.30500000000006,0.06503999999999971,0
72,Cc1n[nH]c(C)c1C(=O)N[C@@]1(C(=O)O)CCC[C@@H](C)C1,C41034631,0,279.34,1.7898399999999994,0
73,C[C@@H](O)[C@H](NC(=O)c1ccc([N+](=O)[O-])cc1F)C(=O)O,C43570362,0,286.215,0.29769999999999985,0
74,Cc1cc([N+](=O)[O-])ccc1C(=O)N[C@H](C(=O)O)[C@H](C)O,C44747643,0,282.252,0.4670199999999998,0
75,C[C@]1(NC(=O)NC2(C(=O)O)CCCC2)CCS(=O)(=O)C1,C44882251,0,304.368,0.26019999999999976,0
76,C[C@@]1(NC(=O)NC(=O)CCC(=O)O)CCS(=O)(=O)C1,C44934073,0,292.31300000000005,-0.7457999999999991,0
77,C[C@H](O)c1ccc(S(=O)(=O)NCc2nnn[nH]2)cc1,C44976875,0,283.313,-0.2685000000000004,0
78,O=S(=O)(NCc1nnn[nH]1)c1cccc(C#CCO)c1,C44977337,0,293.30800000000005,-0.9780000000000002,0
79,O=S(=O)(NCc1nnn[nH]1)c1ccc(C#CCCO)cc1,C44977358,0,307.33500000000004,-0.5879000000000001,0
80,Cc1cc(C(=O)Nc2nnc(NS(C)(=O)=O)s2)[nH]n1,C48818891,0,302.341,0.19341999999999981,0
81,C[C@H](C(=O)O)S(=O)(=O)N1C(=O)c2cccc(N)c2C1=O,C49047949,0,298.27600000000007,-0.33230000000000043,0
82,C[C@H]1CCC[C@](NC(=O)NCCn2cccn2)(C(=O)O)C1,C49080555,0,294.3550000000001,1.2157999999999995,0
83,Cc1ncc(CNC(=O)NC2(C(=O)O)CCCC2)s1,C49539586,0,283.35299999999995,1.6481199999999994,0
84,O=C(N[C@@H](CO)C(=O)O)c1cc(F)c(F)cc1[N+](=O)[O-],C50016130,0,290.178,0.04830000000000001,0
85,O=C(NC1CCC(C(=O)O)CC1)N[C@@H]1CCCNC1=O,C50398374,0,283.32800000000003,0.20760000000000006,0
86,CC(C)(NC(=O)NC[C@@H]1CCS(=O)(=O)C1)C(=O)O,C50603908,0,278.33,-0.4164999999999995,0
87,C[C@H]1CCC[C@@](NC(=O)N[C@@H]2CCCC[C@@H]2O)(C(=O)O)C1,C52012270,0,298.38300000000004,1.6225999999999998,0
88,O=C(CNC(=O)c1ccc(F)cc1)/N=C1/N=C(O)CN1,C50222802,0,278.243,-0.0021999999999999797,0
89,O=C(O)[C@@H](CO)Nc1ncnc2sc3c(c12)CCC3,C16038902,0,279.3210000000001,1.0373999999999994,0
90,CN(C)C(=O)CNC(=O)c1ccc2c(O)[nH]c(=S)nc2c1,C60604325,0,306.34700000000004,0.8159899999999999,0
91,CN1C(=O)C(=CNc2cccc3c(=O)[nH]nc(O)c23)C(=O)N(C)C1=O,C60863173,0,343.29900000000015,-0.025100000000000233,0
92,O=C1Oc2ccccc2C(=O)/C1=C\N[C@H](CO)C(=O)O,C59171414,0,277.23199999999997,-0.2927,0
93,CC(=O)Nc1ccc(cc1)NC(=O)[C@H]2CC(=O)N=C3N2N=C[N-]3,C13123861,0,313.297,0.8709999999999997,-1
94,C[C@H](O)[C@H](NC(=O)N(C)c1ccc(C#N)cc1)C(=O)O,C61984172,0,277.28000000000003,0.5380799999999999,0
95,C[C@@H](O)[C@@H](NC(=O)N(C)c1ccc(C#N)cc1)C(=O)O,C61984175,0,277.28000000000003,0.5380799999999999,0
96,C[C@H](O)[C@@H](NC(=O)N(C)c1cccc(C#N)c1)C(=O)O,C61984266,0,277.28000000000003,0.5380799999999999,0
97,C[C@@]1(C(=O)O)CCCN(C(=O)c2c[nH]c(=O)[nH]c2=O)C1,C62868469,0,281.2680000000001,-0.6098999999999997,0
98,C[C@]1(C(=O)O)CCN(S(=O)(=O)c2c[nH]c(=O)[nH]c2=O)C1,C62924702,0,303.29600000000005,-1.451499999999999,0
99,N#CC1=C(SCC(N)=O)S[C@@H]2C(O)=CC(=O)N=C12,C12428266,0,281.31800000000004,0.47857999999999984,0
100,Nc1c(S(=O)(=O)O)cc2c3c(cccc13)C(=O)NC2=O,C06094355,0,292.272,0.5523,0
101,NS(=O)(=O)c1cc(O)c2c(S(=O)(=O)O)cccc2c1,C03191756,0,303.317,0.4395000000000001,0
102,NS(=O)(=O)c1ccc2c(c1)[C@H]1C=CC[C@H]1[C@H](C(=O)O)N2,C02474446,0,294.332,0.8724000000000001,0
103,O=C1CC(=O)Nc2cc(S(=O)(=O)N3CCC(C(=O)O)CC3)ccc2N1,C13460188,0,367.3830000000001,0.4525999999999999,0
104,Cc1cc(C(=O)N[C@@H](C(=O)O)[C@@H](C)O)c2ccccc2n1,C19423891,0,288.30300000000005,1.10702,0
105,CC(C)[C@@H](NC(=O)c1cc(=O)[nH]c2ccccc12)C(=O)O,C19470415,0,288.303,1.3671,0
106,O=C(NCCCO)c1c(O)n2c3c(cccc3c1=O)CC2,C02099551,0,288.3030000000001,0.37540000000000007,0
107,O=C(O)CNC(=O)CNC(=O)c1cnc2ccccc2n1,C35098665,0,288.26300000000003,-0.43959999999999977,0
108,NS(=O)(=O)NS(=O)(=O)c1ccc([N+](=O)[O-])cc1,C13528783,0,281.27099999999996,-0.9233999999999991,0
109,Cc1nc(=O)n(CCS(N)(=O)=O)c(C)c1CC(=O)O,C36746163,0,289.313,-1.2242599999999983,0
110,Cc1cc(C)c(C(=O)NC2(C(=O)O)CCCCC2)c(=O)[nH]1,C36978715,0,292.3349999999999,1.5090399999999997,0
111,C[C@@H](O)[C@@H](NC(=O)c1cc([N+](=O)[O-])ccc1F)C(=O)O,C37373396,0,286.215,0.29769999999999985,0
112,O=C(O)[C@@H](CO)NS(=O)(=O)c1cccc2nsnc12,C37374787,0,303.321,-0.5848999999999998,0
113,Cc1cc2ncc(C(=O)N[C@@H](C(=O)O)[C@H](C)O)c(C)n2n1,C37431715,0,292.295,-0.09005999999999997,0
114,CSc1nc(C)nc(C)c1C(=O)N[C@H](CO)C(=O)O,C37451603,0,285.325,-0.009360000000000424,0
115,C[C@](NC(=O)c1cc([N+](=O)[O-])c[nH]c1=O)(C(=O)O)C1CC1,C37456956,0,295.2510000000001,0.2661999999999995,0
116,O=C(O)c1c[nH]nc1S(=O)(=O)N1CCC[C@@H](CO)C1,C37732095,0,289.31300000000005,-0.4990999999999999,0
117,Cn1cc(NS(=O)(=O)c2n[nH]cc2C(=O)O)ccc1=O,C37789828,0,298.28000000000003,-0.3926000000000003,0
118,Cc1nnc(SCC(=O)NNC(=O)CC#N)nc1O,C08685895,0,282.285,-0.9612,0
119,Cc1n[nH]c(C)c1CC(=O)Nc1cnn(CC(=O)O)c1,C38030159,0,277.284,0.4888399999999995,0
120,[H]/N=C/1\C2=NC=N[C@@H]2N=C([N-]1)SCC(=O)Nc3ncccn3,C39351897,0,301.315,0.67787,-1
121,Cc1ccc(NS(=O)(=O)O)c(N2CCN[C@@H](Cl)C2)c1,C39480955,0,305.78700000000003,1.1842199999999998,0
122,Cn1cc(S(N)(=O)=O)c(NS(=O)(=O)N2CCCC2)n1,C40385250,0,309.37300000000016,-1.1799999999999995,0
123,O=C(NNc1ncnc(O)c1[N+](=O)[O-])c1ccncc1,C40658939,0,276.212,0.24229999999999946,0
124,O=C(NNc1ncnc(O)c1[N+](=O)[O-])c1ccccn1,C40659086,0,276.212,0.24229999999999946,0
125,Cc1ccc([N+](=O)[O-])cc1C(=O)N[C@@H](C(=O)O)[C@@H](C)O,C41031353,0,282.252,0.4670199999999998,0
126,C[C@@H]1CCC[C@@](NC(=O)Nc2cccnc2)(C(=O)O)C1,C41035882,0,277.32400000000007,2.2366,0
127,CNC(=O)CN(C)C(=O)N[C@@]1(C(=O)O)CCC[C@@H](C)C1,C41036202,0,285.34400000000005,0.4073000000000002,0
128,O=C(O)CN(C(=O)NCC(=O)N1CCNCC1)C1CC1,C42305166,0,284.31600000000003,-1.3231999999999977,0
129,Cn1cc(S(=O)(=O)/N=C(\O)c2ccco2)cc1C(N)=O,C42345678,0,297.2920000000001,0.4105000000000002,0
130,Cc1cccc([C@H]2[C@@H]3C(=O)N=C(O)[C@H]3ON2CC(N)=O)c1,C33893526,0,289.291,0.25012000000000023,0
131,O=C1N[C@H](C(=O)N[C@@]2(C(=O)O)CCSC2)CS1,C43508652,0,276.33899999999994,-0.11209999999999964,0
132,O=C(Nc1ccc([N+](=O)[O-])cc1)N[C@]1(C(=O)O)CCSC1,C43511158,0,311.3190000000001,1.6765999999999999,0
133,O=C(Nc1cccc([N+](=O)[O-])c1)N[C@]1(C(=O)O)CCSC1,C43511216,0,311.3190000000001,1.6765999999999996,0
134,CC[C@]1(C)NC(=O)N(CC(=O)N[C@H](C)c2nnn[nH]2)C1=O,C44886133,0,295.30300000000005,-0.9025999999999992,0
135,CC[C@@]1(C)NC(=O)N(CC(=O)NCc2nnn[nH]2)C1=O,C44927455,0,281.27600000000007,-1.4635999999999991,0
136,Cc1nc(-c2c[nH]c(C(=O)NCc3nnn[nH]3)c2)cs1,C44928118,0,289.324,0.8897199999999994,0
137,O=C(CNC(=O)c1cccc(F)c1)NCc1nnn[nH]1,C44928305,0,278.24699999999996,-0.615,0
138,Cc1nc(C)c(CCC(=O)NCc2nnn[nH]2)c(=O)[nH]1,C44928368,0,277.288,-0.8511599999999995,0
139,O=S(=O)(NCc1nnn[nH]1)c1cccc(C#CCCO)c1,C44977361,0,307.3350000000001,-0.5879000000000005,0
140,C[C@H](C(=O)O)S(=O)(=O)N1CCC2(CC1)NC(=O)NC2=O,C49052254,0,305.312,-1.5366999999999982,0
141,C[C@@H](NC(=O)N[C@@H](C(=O)O)[C@@H](C)O)c1ccc(F)cc1,C49502994,0,284.28700000000003,1.0198999999999996,0
142,O=C(O)Cn1cc(S(=O)(=O)N[C@@H]2CCCNC2=O)cn1,C50397483,0,302.312,-1.4753999999999985,0
143,CCc1nnc(/N=C(\O)N2CCO[C@@H](C(N)=O)C2)s1,C51584461,0,285.3289999999999,-0.16789999999999966,0
144,Cc1cc(C(=O)N/N=C/c2ccc(S(=O)(=O)O)o2)[nH]n1,C18173719,0,298.28000000000003,0.3217199999999998,0
145,Cc1[nH]c(=O)sc1S(=O)(=O)N[C@@H](C)c1nnn[nH]1,C44930427,0,290.33,-0.7025800000000006,0
146,Cc1cc(C)nc(NS(=O)(=O)c2c(C)[nH]c(=O)[nH]c2=O)n1,C00207607,0,311.32300000000004,-0.4207400000000003,0
147,C[C@H](CC(=O)O)CC(=O)N1CCC2(CC1)NC(=O)NC2=O,C61836614,0,297.311,-0.31209999999999954,0
148,Cc1ccc2cccc(NC(=O)NC(C)(C)C(=O)O)c2n1,C61875512,0,287.319,2.52792,0
149,C[C@H](CNC(=O)[C@@H]1[N-]C(=NO1)C2=CC=C[C@H]3C2=CC=N3)O,C39959284,0,287.299,0.4024999999999997,-1
150,c1cn(c(=O)nc1N)[C@@H]2[C@H]([C@@H]([C@@H](O2)CCl)O)O,C03871108,0,261.665,-1.3165000000000002,0
151,Cc1cccc(c1)O[C@@H]2[C@@H]([C@@H]([C@@H]([C@@H](O2)CO)O)O)O,C04010936,0,270.281,-0.8262800000000003,0
152,Cc1ccccc1O[C@@H]2[C@@H]([C@@H]([C@@H]([C@@H](O2)CO)O)O)O,C04083751,0,270.281,-0.8262799999999999,0
153,c1ccc2c(c1)[nH]c(=O)n2[C@H]3[C@H]([C@@H]([C@@H](O3)CO)O)O,C05004949,0,266.253,-1.0589000000000004,0
154,C[C@]1([C@]([C@@]([C@@]([C@](O1)(C)OC)(C)O)(C)O)(C)O)CO,C09970407,0,264.318,-0.6168,0
155,C[C@]1([C@@]([C@@]([C@@]([C@](O1)(C)OC)(C)O)(C)O)(C)O)CO,C09970409,0,264.318,-0.6168,0
156,c1c(cc2c(c1N)[nH]c(=O)o2)S(=O)(=O)NC3CC3,C11736975,0,269.28200000000004,0.14399999999999952,0
157,C[C@H](C(=O)NC(=O)NC)Sc1nnc(s1)N,C15156370,0,261.332,0.05649999999999966,0
158,C[C@@H](C(=O)NC(=O)NC)Sc1nnc(s1)N,C15156373,0,261.332,0.05649999999999966,0
159,Cc1cccc(c1)O[C@H]2[C@H]([C@@H]([C@@H]([C@H](O2)CO)O)O)O,C16662521,0,270.281,-0.8262800000000003,0
160,COc1cc(c(c(c1)OC)[C@H]2[C@H]([C@@H]([C@H](O2)CO)O)O)CO,C17214048,0,300.307,-0.6498999999999999,0
161,CNc1c(n(c(=O)[nH]c1=O)c2ccc(cc2)OC)N,C20354545,0,262.269,0.15829999999999977,0
162,C[C@@H]1[C@@H]([C@@H]([C@@H](O1)n2cc(c(nc2=O)N)Cl)O)O,C22054400,0,261.66499999999996,-0.8819999999999999,0
163,C[C@@H]1[C@@H]([C@H]([C@@H](O1)n2cc(c(nc2=O)N)Cl)O)O,C22054403,0,261.66499999999996,-0.8819999999999999,0
164,c1cc(c(cc1N)C(=O)N2CCC(CC2)C(=O)N)F,C35651344,0,265.28799999999995,0.7453999999999996,0
165,c1ccc(cc1)S[C@H]2[C@H]([C@@H]([C@H]([C@@H](O2)CO)O)O)O,C35652999,0,272.322,-0.4214000000000002,0
166,c1cc2c(c(c1)N)C(=O)N(C2=O)CCS(=O)(=O)N,C36745864,0,269.2819999999999,-0.8466999999999993,0
167,Cc1c(n(c2c1c(ncn2)N)CCS(=O)(=O)N)C,C36746192,0,269.33,-0.08115999999999984,0
168,c1cc(c(cc1N)S(=O)(=O)N2CCC[C@H]2C(=O)N)F,C37052777,0,287.316,0.046299999999999675,0
169,c1cc(c(cc1C#CCCO)C(=O)NCCS(=O)(=O)N)F,C37569452,0,314.338,-0.4221000000000003,0
170,NCC#Cc1ccc(NS(=O)(=O)c2cn[nH]c2)c(F)c1,C37745276,0,294.311,0.6597999999999998,0
171,Cn1c(c(c(=O)[nH]c1=O)NCc2ccc(cc2)C#N)N,C37749630,0,271.28,0.13958000000000015,0
172,Cn1c2ccccc2nc1S[C@H]3[C@@H]([C@@H]([C@@H]([C@@H](O3)CO)O)O)O,C39915805,0,326.3740000000001,-0.5347000000000002,0
173,N#Cc1ccsc1NS(=O)(=O)c1cn[nH]c1N,C40322622,0,269.311,0.7258800000000001,0
174,C[C@@H](c1ccncc1)N(C)C(=O)c2ccc(cc2N)N,C40332039,0,270.336,2.0792,0
175,CCn1c(c(c(=O)[nH]c1=O)N2CCC[C@H](C2)CO)N,C40418809,0,268.31699999999995,-0.6525999999999987,0
176,NC1(C(=O)NC2(C(=O)O)CCCCC2)CCCCC1,C40479560,0,268.3569999999999,1.551699999999999,0
177,c1c(c2c(nc1Cl)n(cn2)[C@@H]3C[C@H]([C@@H](O3)CO)O)N,C40506050,0,284.70300000000003,0.30759999999999943,0
178,C[C@@H](C(=O)NC(=O)NC)Oc1ccc(cc1C#N)N,C40887507,0,262.269,0.3633799999999997,0
179,c1cc(c(cc1N2CCS(=O)(=O)CC2)C(=O)N)N,C41083932,0,269.32599999999996,-0.3974999999999988,0
180,Cn1cc(cn1)CNC(=O)c2c[nH]c3c2ccc(c3)N,C41158491,0,269.30800000000005,1.4136000000000004,0
181,C[C@H](C(=O)N)S(=O)(=O)c1nc2cc(ccc2o1)N,C42193021,0,269.282,0.057499999999999996,0
182,c1cc(ncc1S(=O)(=O)N2CCC[C@@H](C2)O)NN,C42471489,0,272.33,-0.4874,0
183,c1cc(oc1)CNC(=O)C2(CCOCC2)/C(=N\O)/N,C44783336,0,267.28499999999997,0.439,0
184,CC(C)(/C(=N/O)/N)C(=O)N[C@H]1CCS(=O)(=O)C1,C44784186,0,263.319,-0.9376999999999993,0
185,Cc1nccc(n1)CNS(=O)(=O)c2ccc(cc2)NN,C45011896,0,293.352,0.5491200000000003,0
186,C[C@H]1C[C@@H](C(=O)O1)Sc2c(c(cc(n2)N)N)C#N,C48380205,0,264.30999999999995,0.91378,0
187,C[C@H]1C[C@H](C(=O)O1)Sc2c(c(cc(n2)N)N)C#N,C48380209,0,264.30999999999995,0.91378,0
188,c1c(c[nH]c(=O)c1Cl)C(=O)NNC(=O)NC2CC2,C49144816,0,270.6760000000001,0.13469999999999988,0
189,c1c(cc(cc1N2CCS(=O)CC2)S(=O)(=O)N)N,C49692558,0,289.38200000000006,-0.515099999999999,0
190,C[C@H]1C[C@@H](n2c(c(cn2)C(=O)NN)N1)C(F)(F)F,C02568984,0,263.223,0.7941,0
191,C[C@]1(C(=O)NC(=O)N1)c2ccc(cc2)S(=O)(=O)N,C57218400,0,269.28200000000004,-0.6113999999999999,0
192,C[C@@]1(C(=O)NC(=O)N1)c2cccc(c2)S(=O)(=O)N,C57218504,0,269.28200000000004,-0.6113999999999999,0
193,c1cc2c(cc1N3CCC[C@@H](C3)CO)NC(=O)[C@@H]2N,C36227335,0,261.325,0.8471999999999995,0
194,CC(C)(C(=S)N)NS(=O)(=O)c1ccc2c(c1)CC(=O)N2,C57658364,0,313.40400000000005,0.5241999999999999,0
195,c1cc2c(cc1N3CCC(CC3)CO)NC(=O)[C@@H]2N,C36194478,0,261.325,0.8471999999999995,0
196,c1cc2c(cc1Sc3c4c(nc[nH]4)ncn3)NC(=O)[C@@H]2N,C51036690,0,298.3310000000001,1.4559999999999995,0
197,c1cc(ccc1N)n2c(ccn2)NC(=O)c3c[nH]nc3,C62775382,0,268.28000000000003,1.4298999999999997,0
198,c1ccc(c(c1)NC(=O)c2cc[nH]n2)S(=O)(=O)N,C62779777,0,266.28200000000004,0.30939999999999984,0
199,c1cc2c(cc1NC(=O)c3c[nH]c(=O)[nH]c3=O)CCN2,C63188114,0,272.26399999999995,0.28349999999999975,0
200,Nc1ncnc2c1ncn2[C@H]1O[C@@H](C(=O)O)[C@@H](O)[C@@H]1O,C04513757,0,281.228,-1.8876999999999995,0
201,Nc1ncnc2c1ncn2[C@@H]1O[C@@H](C(=O)O)[C@@H](O)[C@@H]1O,C04513760,0,281.228,-1.8876999999999995,0
202,Nc1ncnc2c1ncn2[C@@H]1C[C@@H]2CO[P@](=O)(O)O[C@@H]2[C@@H]1O,C05085593,0,327.23699999999997,-0.15380000000000027,0
203,O=c1ccn([C@@H]2O[C@H]3CO[P@](=O)(O)O[C@@H]3[C@@H]2O)c(=O)[nH]1,C05274055,0,306.16700000000003,-1.6893000000000007,0
204,C[C@@]1(NC(=O)Nc2n[nH]c(C(=O)O)n2)CCS(=O)(=O)C1,C03156870,0,303.30000000000007,-0.7983999999999996,0
205,O=C1NC(=O)C(=Cc2ccc(S(=O)(=O)O)o2)C(=O)N1,C02321181,0,286.22099999999995,-0.7242999999999999,0
206,Nc1ncnc2c1ncn2[C@@H]1O[C@H](CO)[C@H]2O[P@@](=O)(O)O[C@H]21,C12405090,0,329.20900000000006,-0.8174000000000008,0
207,O=C(O)/C=C/c1cn([C@@H]2O[C@H](CO)[C@H](O)[C@@H]2O)c(=O)[nH]c1=O,C12652117,0,314.25000000000006,-2.7540999999999998,0
208,O=C(O)/C=C/c1cn([C@@H]2O[C@H](CO)[C@H](O)[C@H]2O)c(=O)[nH]c1=O,C12652120,0,314.25000000000006,-2.7540999999999998,0
209,Nc1ncnc2c1ccn2[C@H]1O[C@H]2CO[P@](=O)(O)O[C@@H]2[C@@H]1O,C04824678,0,328.22099999999995,-0.21240000000000026,0
210,O=[N+]([O-])c1ccc(O)c(/C=N\[C@H]2[C@@H](O)[C@H](O)[C@@H](CO)O[C@@H]2O)c1,C16385652,0,328.27700000000004,-1.4808000000000008,0
211,O=c1ccn([C@@H]2O[C@H](CO)[C@@H]3O[P@@](=O)(O)O[C@H]32)c(=O)[nH]1,C16545996,0,306.16700000000003,-1.6893000000000005,0
212,O=c1nc(O)c2ncn([C@H]3O[C@H](CO)[C@@H](O)[C@@H]3O)c2[nH]1,C12350008,0,284.228,-2.5632999999999995,0
213,O=C(O)CNC(=O)CNC(=O)c1ncnc2nc[nH]c12,C17174204,0,278.228,-1.7164999999999992,0
214,O=C1N=C2Oc3cc(O)ccc3[C@H](c3c(O)[nH]c(=O)[nH]c3=O)[C@H]2C(=O)N1,C34781865,0,358.2660000000001,-0.7368000000000001,0
215,Cc1nc(=O)[nH]c(C)c1CC(=O)N[C@@H](C(=O)O)[C@H](C)O,C36972279,0,283.284,-1.1205599999999984,0
216,Cc1n[nH]c(C)c1S(=O)(=O)N[C@](C)(C(=O)O)C1CC1,C37367494,0,287.34100000000007,0.5581399999999994,0
217,Cc1[nH]c(=O)sc1S(=O)(=O)N[C@@H](C(=O)O)[C@H](C)O,C37417791,0,296.326,-1.1428799999999997,0
218,Cc1cc(C)n2nc(C(=O)N[C@H](C(=O)O)[C@H](C)O)nc2n1,C37431598,0,293.2830000000001,-0.6950599999999996,0
219,Cc1nn(C)c2ncc(C(=O)N[C@@H](C(=O)O)[C@H](C)O)cc12,C37431707,0,292.295,-0.15948,0
220,C[C@@H](O)[C@@H](NC(=O)c1cnc2sccn2c1=O)C(=O)O,C37431897,0,297.29200000000003,-0.6802000000000001,0
221,Cc1nn(C)c(Cl)c1/C=C/C(=O)N[C@H](C(=O)O)[C@@H](C)O,C37432334,0,301.73,0.3453199999999999,0
222,Cc1nn(C)c(Cl)c1/C=C/C(=O)N[C@@H](C(=O)O)[C@@H](C)O,C37432335,0,301.73,0.3453199999999999,0
223,C[C@H](O)[C@H](NC(=O)[C@@H](C)n1cnc2ccccc21)C(=O)O,C37432438,0,291.307,0.547499999999999,0
224,O=C1NC(=O)C2(CCN(C(=O)[C@@H]3C[C@@H]3C(=O)O)CC2)N1,C37834373,0,281.268,-1.092299999999999,0
225,Nc1ccc(S(=O)(=O)NCCS(=O)(=O)O)cc1,C01651870,0,280.327,-0.5650999999999997,0
226,CNC(=O)c1nc[nH]c1N/N=C1\C(=O)NC(=O)N=C1O,C08694877,0,279.216,-1.256499999999999,0
227,C[C@H]1O[C@@H](Nc2ccc(S(=O)(=O)O)c([N+](=O)[O-])c2)[C@@H](O)[C@@H](O)[C@@H]1O,C39777831,0,364.332,-0.9191000000000005,0
228,CS[C@H]1N=C2C(=NC(=NC2=O)[NH-])N1[C@@H]3[C@@H]([C@@H]([C@@H](O3)CO)O)O,C39795778,0,328.3300000000001,-1.8244999999999998,-1
229,C#CCNC(=O)N[C@H](Cc1ccc(O)c(O)c1)C(=O)O,C40520586,0,278.264,0.02589999999999948,0
230,C[C@@](NC(=O)N[C@H]1CCS(=O)(=O)C1)(C(=O)O)C1CC1,C40532968,0,290.34100000000007,-0.274,0
231,Cc1cccnc1NC[C@@H](P(=O)(O)O)S(=O)(=O)O,C40584157,0,296.24100000000004,0.19351999999999991,0
232,Cn1cc(S(N)(=O)=O)cc1C(=O)NC(C)(C)C(=O)O,C40909654,0,289.31300000000005,-0.7344999999999995,0
233,Cc1oc2nc[nH]c(=O)c2c1C(=O)NC(C)(C)C(=O)O,C40910037,0,279.252,0.4175199999999996,0
234,CC(C)(NC(=O)N[C@@]1(C)CCS(=O)(=O)C1)C(=O)O,C44882245,0,278.33,-0.2739999999999994,0
235,CN1C(=O)[C@H](O[C@@H]2O[C@H](C(=O)O)[C@@H](O)[C@H](O)[C@@H]2O)C[C@H]1c1cccnc1,C44963491,0,368.3420000000001,-1.737799999999998,0
236,C[C@@H]1CCC[C@@](NC(=O)NCCn2cccn2)(C(=O)O)C1,C49080559,0,294.3550000000001,1.2157999999999995,0
237,Cc1nc(S(=O)(=O)N[C@H](C(=O)O)[C@@H](C)O)cn1C,C50253075,0,277.302,-1.1591799999999997,0
238,C[C@@](NC(=O)NC[C@H]1CCS(=O)(=O)C1)(C(=O)O)C1CC1,C50603925,0,304.36800000000005,-0.0264000000000002,0
239,Nc1cc([N+](=O)[O-])ccc1S(=O)(=O)NCc1nnn[nH]1,C50672791,0,299.272,-0.8314000000000006,0
240,CNc1nc2sccn2c1S(=O)(=O)NCc1nnn[nH]1,C50672806,0,314.356,-0.5709000000000002,0
241,[H]/N=c\1/c2c(ncn1[O-])n(cn2)[C@H]3[C@@H]([C@H]([C@H](O3)CO)O)O,C55211062,0,282.23600000000005,-2.3303299999999996,-1
242,[H]/N=c\1/c2c(ncn1[O-])n(cn2)[C@@H]3[C@@H]([C@@H]([C@@H](O3)CO)O)O,C36025327,0,282.23600000000005,-2.3303299999999996,-1
243,O=C(O)CN1CCCN(C(=O)c2cc(=O)[nH]c(O)n2)CC1,C61126000,0,296.2830000000001,-1.292,0
244,Cn1c2nc(-n3cnc(C(N)=S)n3)nc-2c(O)n(C)c1=O,C61843551,0,306.3110000000001,-1.4609,0
245,Cc1onc2c(=O)n(CC(=O)NC(N)=O)nc(C(=O)O)c12,C61893975,0,295.211,-1.4139799999999996,0
246,CNC(=O)Cn1nnc(S(=O)(=O)CC(=O)O)c1N,C62316464,0,277.262,-2.5353999999999983,0
247,O=C(Cc1cc(=O)[nH]c(=O)[nH]1)Nc1nccnc1C(=O)O,C63215732,0,291.22300000000007,-1.267399999999999,0
248,NC(=O)CSC1=C(C(N)=O)C2=NC(=O)C=C(O)[C@H]2S1,C36366864,0,299.33299999999997,-0.559699999999999,0
249,CO[C@@H]1[C@@H]([C@H](O[C@H]1N2CN=C3C2=NC(=NC3=O)[NH-])CO)O,C64033173,0,296.26300000000003,-1.8594999999999988,-1
250,O=C(O)CN1C(=O)/C(=C/c2ccc(O)c(O)c2)SC1=S,C03213168,0,311.34000000000003,1.3836,0
251,N#C/C(=C\c1c(S(=O)(=O)O)sc2ccccc12)C(N)=O,C01701069,0,308.3400000000001,1.5402799999999999,0
252,COc1cc([C@@H]2C=C(C(=O)O)NC(=O)N2)cc(OC)c1OC,C11757487,0,308.2900000000001,1.0348,0
253,O=C(O)[C@H](Cc1c[nH]cn1)/N=C/c1c(O)ccc2ccccc12,C05532622,0,309.32500000000005,2.3833,0
254,O=C(CC1(C(=O)O)CCCCC1)NNC(=O)c1ccccn1,C16482122,0,305.334,1.2677999999999994,0
255,NN1C(=O)/C(=C/c2ccccc2OCC(=O)O)SC1=S,C16905035,0,310.356,1.2249,0
256,O=C(N/N=C/c1cccnc1)c1c(O)[nH]c2ccccc2c1=O,C16996483,0,308.297,1.3925999999999998,0
257,Cn1c(O)c2ccc(C(=O)NNC(=O)[C@@H]3CCCO3)cc2nc1=S,C32260899,0,348.384,0.9483899999999993,0
258,O=c1[nH]c(O)ncc1S(=O)(=O)NCc1ccccc1Cl,C05375895,0,315.73800000000006,0.6073999999999999,0
259,CSc1cccc(NS(=O)(=O)c2cnc(O)[nH]c2=O)c1,C33327120,0,313.36,0.9982,0
260,C=CCN1C(=O)/C(=C/c2ccc(O)c(O)c2)C(O)=NC1=S,C09044928,0,304.327,1.7508,0
261,Cc1[nH]c(=O)sc1S(=O)(=O)N[C@H](C(=O)O)C(C)(C)C,C35390812,0,308.3810000000001,0.5224199999999997,0
262,Nc1ccc(S(=O)(=O)NCc2ccncc2)cc1[N+](=O)[O-],C36964225,0,308.3190000000001,1.0504999999999995,0
263,Cc1[nH]c(=O)sc1S(=O)(=O)NC1(C(=O)O)CCCC1,C36983561,0,306.3650000000002,0.42051999999999956,0
264,Cc1ccc(C(=O)NCC(=O)N[C@](C)(C(=O)O)C2CC2)s1,C37456668,0,310.3750000000001,1.1558199999999996,0
265,Cc1ccc(C(=O)NCC(=O)N[C@@](C)(C(=O)O)C2CC2)s1,C37456669,0,310.3750000000001,1.1558199999999996,0
266,Cc1n[nH]c(C)c1S(=O)(=O)Nc1cccc(C#CCO)n1,C37552563,0,306.34700000000004,0.5661400000000003,0
267,Cc1nnsc1C(=O)NC1(c2nc(C(=O)O)c[nH]2)CCC1,C37590805,0,307.3350000000001,1.0770199999999999,0
268,O=c1[nH]ccn1-c1ccc(NS(=O)(=O)c2cn[nH]c2)cc1,C37791356,0,305.319,0.6894999999999997,0
269,COc1cc(NS(=O)(=O)c2ccc(N)cc2)nc(OC)n1,C13233295,0,310.3350000000001,0.8768,0
270,Cn1c(O)c(C(=O)NNC(=O)c2ccccc2F)c(=O)c2ccccc21,C15913583,0,355.3250000000001,1.4579999999999997,0
271,Cc1ccc(NS(=O)(=O)O)c(N2CCN[C@H](I)C2)c1,C39480990,0,397.23800000000006,1.3804200000000002,0
272,O=C(O)CNC(=O)N1CCc2nc[nH]c2[C@H]1c1cccc(F)c1F,C40267130,0,336.298,1.4296000000000002,0
273,Cn1cc(NS(=O)(=O)c2ccc(N)cc2C#N)ccc1=O,C40348972,0,304.331,0.6399800000000002,0
274,Cn1cc(S(=O)(=O)Nc2ccc3nccnc3c2)c(N)n1,C40349200,0,304.3350000000001,0.7463000000000002,0
275,NS(=O)(=O)c1ccc(F)c(NS(=O)(=O)C(F)F)c1,C40385152,0,304.27099999999996,0.4374000000000004,0
276,NS(=O)(=O)c1cc(F)cc(NS(=O)(=O)C(F)F)c1,C40385439,0,304.271,0.4374000000000004,0
277,O=C(NC1CCC(C(=O)O)CC1)N[C@H]1CCS(=O)(=O)C1,C40533002,0,304.36800000000005,0.11609999999999987,0
278,C[C@@H]1CCC[C@](NC(=O)Nc2ncc(Br)s2)(C(=O)O)C1,C41036352,0,362.24900000000014,3.0606,0
279,N#Cc1ccc([C@@H]2N[C@](CC3CCCCC3)(C(=O)O)[C@@H]3C(O)=NC(=O)[C@H]32)cc1,C33887920,0,381.432,2.72548,0
280,C[C@H](NS(=O)(=O)c1cccc(C#CCO)c1)c1nnn[nH]1,C44883033,0,307.335,-0.4170000000000004,0
281,C[C@@H](NS(=O)(=O)c1ccc2c(c1)CCCN2)c1nnn[nH]1,C44934685,0,308.36699999999996,0.5972999999999996,0
282,C[C@H](NC(=O)c1cnc2nc(O)[nH]c(=O)c2c1)c1ccccn1,C47477715,0,311.301,0.9097,0
283,CNC(=O)c1cc(Cl)ccc1NS(=O)(=O)c1cn[nH]c1,C48961679,0,314.754,1.2234999999999998,0
284,O=C1NC(O)=C2C(=NC(=O)[C@]2(O)C(F)(F)F)N1Cc1ccco1,C05304219,0,331.2060000000001,0.8065000000000004,0
285,Nc1ccc(NS(=O)(=O)C2CCS(=O)(=O)CC2)cc1,C50350881,0,304.3930000000001,0.5876999999999997,0
286,Nc1cc([N+](=O)[O-])cc(F)c1S(=O)(=O)Nc1ccncc1,C50649765,0,312.282,1.5119,0
287,CNC(=O)/C(C#N)=C(\O)CN1C(=O)N[C@@]2(C[C@@H](C)CC(C)(C)C2)C1=O,C51350116,0,348.4030000000002,1.2048799999999995,0
288,Cc1noc(C)c1S(=O)(=O)Nc1ccc(CC(N)=S)cc1,C51606070,0,325.415,1.92084,0
289,O=C(NCc1nnc2n1CCC2)c1ccc2c(=O)[nH]c(S)nc2c1,C54151195,0,342.384,0.6794999999999995,0
290,Cc1nn(C)c(Cl)c1S(=O)(=O)Nc1cc(F)cc(S(N)(=O)=O)c1,C55678604,0,382.82600000000014,0.9692200000000002,0
291,N#CC1=C(N)N2C(=O)[C@H](CC(=O)O)SC2=C(C#N)[C@@H]1c1ccccc1Cl,C59293774,0,386.82000000000005,2.28496,0
292,O=C1Nc2c(Br)cc(F)cc2[C@@H]1NCc1nnn[nH]1,C44929201,0,327.1170000000001,0.8842999999999996,0
293,Cc1n[nH]c(C)c1S(=O)(=O)Nc1cccc2c1OCC(=O)N2,C36126576,0,322.34600000000006,1.1582400000000002,0
294,N[C@@H]1c2cccnc2S[C@H]1c1nnc(S)n1C[C@@H]1CCCO1,C63348904,0,335.4580000000002,1.9876,0
295,CN1C(SC/C(O)=N/c2ncn[nH]2)=NN[C@H]1c1ccccc1,C63778109,0,317.37800000000004,1.6306999999999998,0
296,COc1ccc([C@H]2C/C(=C3/C(=O)N(C)C(=S)N=C3O)NN2)cc1OC,C09419529,0,362.41100000000006,1.2103,0
297,N#Cc1c(SCC(=O)Nc2nncs2)sc2c(O)cc(=O)[nH]c12,C13119383,0,365.4210000000001,1.74918,0
298,Cc1ccc(CNC(=O)c2ccc3c(O)[nH]c(=S)nc3c2)cn1,C53801629,0,326.3810000000001,2.63141,0
299,O=C(Nc1ccc(NS(=O)(=O)c2cn[nH]c2)cn1)C1CC1,C67004718,0,307.3350000000001,0.9540000000000001,0
300,c1cc(cc(c1)Cl)O[C@@H]2[C@@H]([C@@H]([C@@H]([C@@H](O2)CO)O)O)O,C04021972,0,290.699,-0.4813000000000005,0
301,c1ccc(c(c1)O[C@H]2[C@@H]([C@@H]([C@@H]([C@@H](O2)CO)O)O)O)Cl,C04275847,0,290.69899999999996,-0.4813000000000003,0
302,c1cc(ccc1N[C@H]2[C@H]([C@H]([C@H](CO2)O)O)O)Br,C09761293,0,304.14,0.2999999999999999,0
303,Cn1c(=O)c(c([nH]c1=S)O)C2=NN[C@H](C2)c3cccc(c3)O,C15834742,0,318.35800000000006,1.2927899999999997,0
304,c1cc(ccc1O[C@H]2[C@H]([C@H]([C@@H]([C@H](O2)CO)O)O)O)Br,C16029520,0,335.15,-0.3722,0
305,CC1([C@H]([C@@H]([C@@H]1n2cnc3c2ncnc3N)CO)CO)C,C17197375,0,277.32800000000003,0.20639999999999992,0
306,Cc1c2c([nH]n1)OC(=C([C@H]2c3ccc(c(c3)OC)O)C#N)N,C05052084,0,298.302,1.6504999999999996,0
307,c1ccnc(c1)NC(=O)CSc2[nH]c(=O)cc(n2)N,C18227517,0,277.30899999999997,0.4778999999999997,0
308,CSC1=NC(=C(C2([C@H]1C(=O)N)CCCCC2)C#N)N,C19867541,0,278.3809999999999,1.50738,0
309,c1cc(c(cc1F)NC(=O)Nc2c[nH]c(=O)[nH]c2=O)F,C20945704,0,282.206,0.9853999999999998,0
310,Cc1c(sc(n1)N)C(=O)NN/C=C/2\C=CC=CC2=O,C04464203,0,276.3210000000001,0.8471200000000001,0
311,Cc1cc(n(n1)C)NS(=O)(=O)c2ccc(cc2)NN,C35354658,0,281.341,0.8149199999999999,0
312,c1c2c(cc(c1N)N[C@H]3CCS(=O)(=O)C3)nc[nH]c2=O,C35383065,0,294.336,0.10429999999999967,0
313,CN(CCc1ccccn1)c2ccc(cc2N)S(=O)(=O)N,C37333566,0,306.391,0.9901000000000002,0
314,Cc1c(c(sc1C(=O)N2CCC(CC2)C(=O)N)N)C#N,C00184153,0,292.364,0.8479000000000003,0
315,Cn1cc(ccc1=O)NC(=O)c2c[nH]c3c2ccc(c3)N,C40306364,0,282.303,1.7010999999999996,0
316,CNC(=O)CNS(=O)(=O)c1cc(c(cc1Cl)F)N,C40314635,0,295.723,0.08559999999999934,0
317,c1cc([nH]c1)C(=O)Nc2cc(cc(c2)S(=O)(=O)N)F,C40382379,0,283.284,1.0535,0
318,c1cc(cc(c1)N)c2nccn2c3ccc(cn3)C(=O)N,C40516843,0,279.30300000000005,1.6153999999999995,0
319,c1cc(ccc1c2nccn2c3cc(ccn3)C(=O)N)N,C40516982,0,279.303,1.6154,0
320,c1cnc(cc1n2cc(c(n2)N)Br)C(=O)N,C40517059,0,282.101,0.7109,0
321,c1cc(c(cc1N)S(=O)(=O)NCc2cc[nH]n2)Cl,C41013841,0,286.744,1.1238,0
322,c1ccc(cc1)c2nnn(n2)c3ccc(cc3C(=O)N)N,C41079688,0,280.291,1.0104,0
323,c1cc(c(c(c1)Cl)F)NC(=O)C(=O)NCCCC(=O)N,C42044404,0,301.70500000000004,0.7992999999999995,0
324,c1c(cnc(c1C(=O)N)Sc2nnc3n2CCCCC3)N,C42140085,0,304.37900000000013,1.2318,0
325,Cc1cc(c(s1)C)[C@H](C)Nc2c(n(c(=O)[nH]c2=O)C)N,C42374362,0,294.38000000000005,1.5072399999999995,0
326,CCN(c1cc(cc(c1)S(=O)(=O)N)N)[C@H](C)COC,C42740297,0,287.385,0.7774000000000001,0
327,CS(=O)(=O)CCCNc1cc2c(cc1N)NC(=O)CC2,C44566346,0,297.3800000000001,1.0001000000000002,0
328,C1CCCC(CC1)(/C(=N\O)/N)C(=O)N2CCNC(=O)C2,C44784591,0,282.34400000000005,0.031800000000000994,0
329,Cc1c(sc(c1C#N)NC(=O)NCCCC(=O)N)C,C49212168,0,280.353,1.6236200000000003,0
330,c1cnn(c1)c2ccc(cc2F)NCC(=O)NC(=O)N,C49236412,0,277.259,0.6181999999999999,0
331,C[C@@]1(CCS(=O)(=O)C1)NC(=O)c2c(c(n[nH]2)C3CC3)N,C50324700,0,298.3680000000001,0.17630000000000068,0
332,c1c(cnc(c1C(=O)Nc2c[nH]nc2)N)Br,C50702650,0,282.101,1.4016999999999997,0
333,c1ccc2c(c1)CN(C2)c3cc(cc(c3)S(=O)(=O)N)N,C50911045,0,289.36000000000007,1.4364000000000001,0
334,c1c(cnc(c1C(=O)NC[C@@H]2CCCO2)NN)Br,C51093218,0,315.17099999999994,1.0384999999999998,0
335,Cc1cc(on1)CNC(=O)c2cc(nc(c2)Cl)NN,C51120859,0,281.70300000000003,1.2470199999999998,0
336,c1ccc2c(c1)cc(nc2NN)C(=O)N3CCNC(=O)C3,C51122016,0,285.307,0.09239999999999943,0
337,COCCCNC(=O)c1cc(cnc1NN)Br,C51123325,0,303.16,0.8960000000000004,0
338,c1csc2c1c(nc(n2)CSc3[nH]ncn3)NN,C51150427,0,279.354,1.3872999999999993,0
339,c1csc2n1c(c(n2)N)S(=O)(=O)N[C@H]3CCCC[C@H]3O,C52015781,0,316.40800000000013,0.5597999999999996,0
340,C[C@@H](c1nc2cc(ccc2n1C3CCC(CC3)O)N)O,C53736081,0,275.352,2.1478,0
341,C[C@H](c1nc2cc(ccc2n1C3CCC(CC3)O)N)O,C53736084,0,275.352,2.1478,0
342,c1cc2cc(ccc2nc1)NC(=O)c3ccc(nn3)NN,C54132898,0,280.291,1.5626999999999995,0
343,c1c2c([nH]c(=O)c1C(=O)N)CCC[C@@H]2NC(=O)C[C@@H]3CCC=C3,C58522053,0,315.373,1.323699999999999,0
344,c1c(c(cc(c1N)F)Br)C(=O)N2CCC(CC2)C(=O)N,C61079508,0,344.1840000000002,1.5078999999999998,0
345,Cn1c(=O)[nH]nc1Sc2cc3c(cc2N)NC(=O)CC3,C61592324,0,291.33600000000007,0.7264999999999997,0
346,c1cc(c(cc1N2CCN(CC2)CCO)Cl)/C(=N\O)/N,C61855831,0,298.77399999999994,0.5488000000000004,0
347,c1cc2c(cc1N)c(c[nH]2)C(=O)N[C@@H]3CCS(=O)(=O)C3,C62832369,0,293.34800000000007,0.6670000000000001,0
348,CC(C)NC(=O)NNC(=O)c1cc(=O)[nH]c2c1cccc2,C63270913,0,288.307,0.8804999999999998,0
349,c1ccc(c(c1)[C@H]2CN(CCO2)Cc3nc(nc(n3)N)N)F,C66846849,0,304.32899999999995,0.7486000000000002,0
350,c1cc(ccc1O[C@H]2[C@H]([C@H]([C@@H]([C@@H](O2)CO)O)O)O)Br,C16029518,0,335.15,-0.3722,0
351,Cc1cc(=O)[nH]c(n1)Sc2ccccc2/C(=N/O)/N,C20077089,0,276.321,1.3240199999999998,0
352,Cc1cc(cc(c1C)S(=O)(=O)N2CCC[C@@H](C2)C(=O)N)N,C20544697,0,311.40700000000004,0.7716399999999999,0
353,c1ccc(cc1)[C@H]2[C@@H](Sc3nnc(n3N2)C(F)(F)F)C(=O)NN,C27028454,0,344.322,1.0458999999999996,0
354,c1cc(c(cc1S(=O)(=O)N2CCC[C@@H](C2)CO)N)O,C36206224,0,286.35299999999995,0.3674000000000002,0
355,c1cc(ccc1NN)S(=O)(=O)N2CCC[C@H](C2)CO,C36228013,0,285.36899999999997,0.3651999999999996,0
356,CN(c1ccc(cc1N)S(=O)(=O)N)C2CCOCC2,C36320426,0,285.369,0.5314000000000001,0
357,CCNC(=O)NC(=O)[C@H](C)n1c2cc(ccc2cn1)N,C36867356,0,275.312,1.0251999999999997,0
358,c1c(cc(c(c1S(=O)(=O)N2CCC[C@H](C2)C(=O)N)F)Cl)N,C37055355,0,335.788,0.9473000000000003,0
359,Cc1c(cn[nH]1)S(=O)(=O)N[C@@H](C)c2cccc(c2)N,C37730301,0,280.353,1.33982,0
360,Cc1[nH]ncc1S(=O)(=O)Nc1ccc(C#CCN)cc1F,C37730755,0,308.338,0.9682199999999996,0
361,c1c(cnc(c1Cl)NCCCC(=O)NN)C(F)(F)F,C20366470,0,296.67999999999995,1.9358,0
362,c1ccc2cc(ccc2c1)S(=O)(=O)N3C[C@H](C[C@@H]3C(=O)NN)O,C06784452,0,335.385,-0.046399999999999775,0
363,c1c2c(cc(c1NC[C@@H]3COCCO3)N)NC(=O)CC2,C38062611,0,277.324,0.9807999999999995,0
364,c1ccc2c(c1)C[C@@H](O2)CNS(=O)(=O)c3c[nH]nc3N,C40347064,0,294.336,0.2738999999999996,0
365,c1cc(c(cc1S(=O)(=O)N)F)NC(=O)[C@@H]2CSC(=O)N2,C40381450,0,319.339,0.23660000000000003,0
366,NC1(C(=O)NC2(C(=O)O)CCCCCC2)CCCCC1,C40481795,0,282.38399999999996,1.9417999999999989,0
367,Cc1ncc(s1)CNc2cc3c(cc2N)c(=O)[nH]cn3,C40997441,0,287.34799999999996,1.8823200000000002,0
368,c1cc(cnc1)[C@@H]2CCCN2c3c(cc(cn3)N)C(=O)N,C42139229,0,283.335,1.4991999999999996,0
369,Cc1ccc(c(n1)N2CCC(CC2)C(=O)N)C(=S)N,C43396392,0,278.381,0.7259200000000001,0
370,Cc1ccc(c(n1)Sc2[nH]c(=O)cc(n2)C)/C(=N/O)/N,C43400939,0,291.336,1.0274399999999997,0
371,Cc1c(c(n[nH]1)C)NS(=O)(=O)c2ccc(cc2F)N,C43592518,0,284.31600000000003,1.54864,0
372,c1cc(ccc1O[C@H]2[C@@H]([C@H]([C@H]([C@@H](O2)CO)O)O)O)Cl,C43737125,0,290.69899999999996,-0.48129999999999984,0
373,Cc1c2ccc(c(c2oc(=O)c1CC(=O)NC[C@H](C)O)O)O,C43746781,0,307.30199999999996,0.5521199999999991,0
374,CCn1c(c(c(=O)[nH]c1=O)N[C@H](C)c2cc(oc2C)C)N,C44730776,0,292.33900000000006,1.52164,0
375,COCCN(c1ccc(cc1N)S(=O)(=O)N)C2CC2,C49026549,0,285.369,0.5314000000000002,0
376,c1ccc(c(c1)C(=O)N)NC(=O)c2c[nH]c3c(c2=O)cccc3F,C49549813,0,325.299,2.0183999999999997,0
377,Cc1c(c(n[nH]1)C(=O)Nc2c(nn(c2C)C(C)C)C)N,C50305811,0,276.34400000000005,1.94686,0
378,Cc1cnc(cn1)C(=O)NC2(CCC(CC2)C)/C(=N/O)/N,C50891766,0,291.35499999999996,1.2101199999999996,0
379,CNc1cccc(n1)C(=O)Nc2ccc(cc2)S(=O)(=O)N,C51068155,0,306.3470000000001,1.023,0
380,C[C@]1(CCS(=O)(=O)C1)NC(=O)c2ccc(nc2)NN,C51118763,0,284.341,-0.3257999999999989,0
381,C[C@]1(CCS(=O)(=O)C1)NC(=O)c2cccc(n2)NN,C51118794,0,284.341,-0.3257999999999989,0
382,Cc1cc(c(o1)C)[C@H](C)NC(=O)c2ccc(nn2)NN,C51119366,0,275.312,1.4630399999999997,0
383,Cc1cc(n(n1)C)NC(=O)c2cc(c(nc2)NN)Cl,C51121689,0,280.71900000000005,1.3148199999999997,0
384,N[C@@H]1CC(=O)N=C(SCc2nc3ccccc3[nH]2)[N-]1,C39159928,0,274.32899999999995,1.7409,-1
385,Cc1cccc(n1)CNC(=O)C2(CCCC2)/C(=N/O)/N,C51577601,0,276.34,1.3130199999999999,0
386,c1cc(cc(c1)/C(=N\O)/N)CNS(=O)(=O)C(F)F,C51667832,0,279.268,0.4231000000000002,0
387,C[C@@H]1CCC[C@](C1)(CO)NC(=O)CCSCC(=O)N,C53107030,0,288.413,0.6524,0
388,c1ccc(cc1)/C(=N/S(=O)(=O)c2ccc(cc2)N)/N,C06013576,0,275.333,1.3629999999999998,0
389,Cc1c(sc2c1c(=O)nc([nH]2)CNCCCC(=O)N)C,C37660375,0,294.38,0.9565400000000003,0
390,c1cc(c(nc1)NN)C(=O)Nc2ccc3c(c2)OCCO3,C51092518,0,286.29100000000005,1.3907,0
391,c1cnc(cc1C(=O)N[C@@H]2CCCc3c2ccs3)NN,C61374243,0,288.376,2.2361,0
392,c1cnc(cc1C(=O)N[C@H]2CCCc3c2ccs3)NN,C61374244,0,288.376,2.2361,0
393,Cc1cc(ccc1Sc2n[nH]c(=O)n2C)/C(=N/O)/N,C61592834,0,279.325,0.66252,0
394,CCn1c(=O)[nH]nc1SCc2[nH]c3cc(ccc3n2)N,C61594150,0,290.35200000000003,1.3420999999999998,0
395,Cc1ccc2cccc(NS(=O)(=O)c3c[nH]nc3N)c2n1,C61875031,0,303.3470000000001,1.6493199999999997,0
396,Cc1ncc(s1)CNC(=O)c2c[nH]c3c2cc(cc3)N,C62832759,0,286.36,2.4450199999999995,0
397,C[C@H](c1nncn1C)NC(=O)c2cc3cccc(c3[nH]2)N,C62833992,0,284.323,1.3695999999999997,0
398,CS(=O)(=O)c1ccc(cc1)Sc2c(cc(cn2)N)C(=O)N,C63130974,0,323.3990000000001,1.3174,0
399,c1cc(c(cc1C2=N[C@H](SC2)c3[nH]ncn3)C(=O)N)O,C63913965,0,289.32000000000005,0.8438999999999999,0
400,c1ccc(c(c1)C(=O)N)NC(=S)NC(=O)c2cccs2,C00513600,0,305.384,1.9738,0
401,c1cc(oc1)CNC(=O)Nc2c(c3c(s2)CCC3)C(=O)N,C06661136,0,305.35900000000004,2.2503999999999995,0
402,CC(C)S[C@]1([C@]([C@]([C@@]([C@](O1)(C)CO)(C)O)(C)O)(C)O)C,C09915782,0,308.44,0.8783999999999996,0
403,c1ccc(cc1)[C@@]2([C@@H]([C@H]([C@@H](C(=O)N2)C(=O)N)c3ccccc3F)C#N)O,C15017056,0,353.353,1.1256799999999996,0
404,c1cc(ccc1N[C@@H]2[C@H]([C@@H]([C@H](CO2)O)O)O)OC(F)(F)Cl,C15240481,0,325.69499999999994,0.7053999999999996,0
405,c1cc(ccc1CNS(=O)(=O)c2ccc(nc2)NN)F,C19987295,0,296.327,0.9847999999999999,0
406,c1cc(ccc1CSc2nnc(n2N)[C@H]3CCCO3)N,C20396386,0,291.38000000000005,1.7178999999999998,0
407,COc1ccc(cc1O)CNc2cccc(c2)S(=O)(=O)N,C20564909,0,308.35900000000004,1.6603,0
408,c1cc(cc(c1)S(=O)(=O)NC2CCC(CC2)O)C(=S)N,C21018168,0,314.432,0.9026000000000001,0
409,c1ccc2c(c1)cccc2O[C@H]3[C@H]([C@H]([C@H]([C@@H](O3)CCO)O)O)O,C25502874,0,320.34099999999995,0.40859999999999924,0
410,c1ccc(c(c1)/C=C(\C(=O)NN)/NC(=O)c2ccco2)Cl,C26580473,0,305.721,1.6937999999999995,0
411,Cc1ccccc1C(=O)Nc2c(nc(s2)NC)C(=O)N,C33271855,0,290.34800000000007,1.8444199999999997,0
412,c1ccc(c(c1)F)S(=O)(=O)NC[C@@H](c2ccc(cc2)N)O,C35367227,0,310.35,1.4198,0
413,Cc1cccc(c1)S(=O)(=O)NC[C@@H](c2ccc(cc2)N)O,C35367241,0,306.387,1.5891199999999999,0
414,C[C@H](c1cccnc1)NS(=O)(=O)c2ccc(c(c2)N)O,C35691956,0,293.348,1.4089,0
415,C[C@@H](c1cccnc1)NS(=O)(=O)c2ccccc2NN,C35692540,0,292.36400000000003,1.4066999999999998,0
416,c1cc(c(cc1N)Br)S(=O)(=O)N2CCC[C@@H]2C(=O)N,C37054001,0,348.2220000000002,0.6697000000000003,0
417,c1cc(ccc1NCC(=O)NNC2=CCCN2)Br,C03183036,0,311.183,1.3165,0
418,c1ccc2c(c1)cccc2O[C@H]3[C@H]([C@@H]([C@H]([C@@H](O3)CCO)O)O)O,C37263643,0,320.34099999999995,0.40859999999999924,0
419,CN(Cc1ccc(cc1)N)c2ccccc2S(=O)(=O)N,C37672723,0,291.37600000000003,1.5526000000000002,0
420,c1cc(ccc1O)SCC(=O)Nc2c(ccs2)C(=O)N,C37995614,0,308.384,2.2834,0
421,CC(=O)Oc1ccc(cc1)[C@H]2c3ccc(cc3OC(=C2C#N)N)N,C39327239,0,321.33600000000007,2.41228,0
422,c1c(c(cc(c1S(=O)(=O)NCc2c[nH]nc2)Cl)F)N,C40347176,0,304.73400000000004,1.2629000000000001,0
423,C[C@@H](/C(=N/O)/N)NS(=O)(=O)c1cccc(c1)C(F)(F)F,C40376662,0,311.28499999999997,1.1186000000000003,0
424,C[C@H](/C(=N/O)/N)NS(=O)(=O)c1cccc(c1)C(F)(F)F,C40376663,0,311.28499999999997,1.1186000000000003,0
425,COc1ccc(cc1S(=O)(=O)Nc2cccc(c2)O)N,C40495246,0,294.332,1.7837999999999996,0
426,Cc1cccc(c1)[C@@H](CC(=O)Nc2nc(c(s2)C)C)NC(=O)N,C40498546,0,332.4290000000001,2.80656,0
427,c1c2c(sc1CNS(=O)(=O)c3c[nH]nc3N)CCC2,C40625196,0,298.39300000000014,1.0205999999999997,0
428,CCn1c(c(c(=O)[nH]c1=O)N[C@@H](C)c2ccccc2F)N,C42295140,0,292.314,1.4509000000000003,0
429,CC(C)N(CCO)c1ccc(c(c1)C(F)(F)F)/C(=N/O)/N,C42479524,0,305.3,2.007,0
430,C[C@H](C1CC1)N(CCOC)c2ccc(cc2N)S(=O)(=O)N,C42614586,0,313.42300000000006,1.1674999999999998,0
431,c1ccc(cc1)c2c[nH]c(n2)SCCC(=O)NC(=O)N,C43908270,0,290.348,1.7537999999999996,0
432,c1ccc2c(c1)CC[C@H](N2)C(=O)NCCCS(=O)(=O)N,C45089410,0,297.38,0.20810000000000117,0
433,c1cc(c(cc1N)C(=O)N2CCC(CC2)CC(=O)N)Br,C45624269,0,340.22099999999995,1.7589000000000001,0
434,C[C@H](c1ccc(cc1F)F)NC(=O)C(=O)Nc2c(ccs2)C(=O)N,C47964217,0,353.3500000000001,1.9411,0
435,c1ccc(c(c1)COC[C@@H](CSc2nc([nH]n2)N)O)F,C48375779,0,298.343,1.1957999999999998,0
436,c1cc(c(nc1)N(Cc2ccc(cc2)N)CC(=O)N)Br,C48759484,0,335.205,1.9181999999999997,0
437,CCC[C@H](C(=O)N[C@@H](C)c1c(nc(s1)C)C)NC(=O)N,C49117725,0,298.41200000000003,1.7741399999999998,0
438,CNS(=O)(=O)c1ccc(c(c1)N)NCCc2ccco2,C49128477,0,295.364,1.4244999999999997,0
439,Cc1c(sc(n1)C)[C@H](C)NS(=O)(=O)c2ccc(cc2)NN,C49539272,0,326.44700000000006,2.0850400000000002,0
440,c1cc(c(cc1C(=O)N[C@@H]2CCCNC2=O)C(F)(F)F)N,C50705440,0,301.268,1.2960000000000003,0
441,c1c(cnc(c1S(=O)(=O)N[C@@H]2CCCC[C@@H]2O)N)Br,C52015833,0,350.23799999999994,1.0081,0
442,c1cc(c(c(c1)Cl)/C(=N\O)/N)N2CCC[C@H]2CCCO,C52906358,0,297.786,2.175800000000001,0
443,c1c(cc(cc1F)Br)C(=O)NCC/C(=N\O)/N,C54154272,0,304.119,1.4545,0
444,c1cc(c(cc1C#CCCO)NC(=O)c2c[nH]c(=O)[nH]2)Cl,C61691701,0,305.721,1.3425999999999993,0
445,c1ccc(c(c1)/C(=N\O)/N)NC(=O)c2ccc(cn2)Br,C61871058,0,335.16099999999994,2.1909,0
446,c1cc(sc1)S(=O)(=O)N[C@H]2CCC[C@@H]2/C(=N\O)/N,C61888184,0,289.38199999999995,0.9414999999999998,0
447,c1cc(c(cc1N2CCN(CC2)CC(F)(F)F)C(=O)N)N,C61948908,0,302.29999999999995,1.0520000000000003,0
448,c1ccc(cc1)[C@H](CO)NS(=O)(=O)c2cc(cs2)N,C63000409,0,298.389,1.3422,0
449,C#CCNC(=O)CCNC(=O)NCCc1c[nH]c2c1cccc2,C64643441,0,312.37300000000005,1.1490999999999998,0
450,COc1ccc2c(C)c(CC(=O)NCC(=O)NCC(=O)O)c(=O)oc2c1OC,C02114384,0,392.36400000000015,-0.02187999999999929,0
451,O=C(O)CCCNC(=O)C[C@@H]1S/C(=N/N=C/c2ccco2)NC1=O,C04291865,0,352.37200000000007,0.5721999999999998,0
452,NC(=O)COc1ccccc1/C=C1/SC(=S)N(CC(=O)O)C1=O,C04599732,0,352.39300000000014,0.8364999999999998,0
453,COCCCNC(=O)C(=O)N/N=C/c1cc([N+](=O)[O-])ccc1O,C04600500,0,324.29300000000006,-0.09679999999999922,0
454,CSCC[C@@H](NC(=O)c1ccccc1NC(=O)c1ccco1)C(=O)O,C05362171,0,362.4070000000001,2.468,0
455,Cn1ccc(/C=C2/SC(=S)N([C@H](CCC(N)=O)C(=O)O)C2=O)c1,C05374018,0,353.42500000000007,0.9449999999999996,0
456,CCNC(=O)CC[C@@H](NS(=O)(=O)c1ccc(C)cc1)C(=O)O,C05807737,0,328.39000000000004,0.6428199999999995,0
457,O=C(O)[C@H](Cc1ccc(O)c(O)c1)NS(=O)(=O)c1ccc(Cl)cc1,C05547009,0,371.7980000000001,1.7253999999999998,0
458,O=C(O)[C@@H](Cc1ccc(O)c(O)c1)NS(=O)(=O)c1ccc(Cl)cc1,C05547010,0,371.7980000000001,1.7253999999999998,0
459,O=C(O)[C@H](Cc1ccc(O)c(O)c1)NS(=O)(=O)c1ccc(F)cc1,C05547039,0,355.3430000000001,1.2110999999999998,0
460,COc1cc(/C=C/c2[nH]c(=O)[nH]c(=O)c2[N+](=O)[O-])ccc1OCC(=O)O,C09164626,0,363.2820000000001,0.6137999999999999,0
461,CSCC[C@H](NS(=O)(=O)c1ccc2c(c1)NC(=O)[C@@H](C)O2)C(=O)O,C12417066,0,374.4400000000001,0.8905999999999998,0
462,O=C(O)Cn1c(SCC(=O)NNC(=O)c2ccco2)nnc1-c1cccs1,C13033379,0,407.4330000000001,1.2375000000000003,0
463,CN(C)c1cccc2c(S(=O)(=O)N[C@@H](CO)C(=O)O)cccc12,C02579057,0,338.385,0.6295999999999997,0
464,Cc1nc2nc(S[C@H](C)C(=O)NC(=O)NC(C)C)nn2c(C)c1CCC(=O)O,C13270853,0,408.48400000000026,1.4731399999999992,0
465,O=C(O)CCn1cc(C=C2C(=O)NC(=S)NC2=O)c(-c2cccc([N+](=O)[O-])c2)n1,C02815497,0,415.38700000000017,0.8473,0
466,CCn1cc(NC(=O)[C@H]2[C@@H](C(=O)O)[C@H]3CC[C@@H]2O3)c(C(=O)NCCOC)n1,C17077716,0,380.4010000000002,0.09590000000000098,0
467,N#CCC(=O)N/N=C(/c1nc2ccc([N+](=O)[O-])cc2nc1O)[C@H](O)c1ccccc1,C05317276,0,406.3580000000001,1.7111799999999997,0
468,N#Cc1nc(NC(=O)CCCNC(=O)c2ccccc2)[nH]c1C#N,C26272195,0,322.32800000000003,1.3017599999999996,0
469,Cc1nc(NCC(=O)NCCC(=O)O)c2c(C)c(C)sc2n1,C31958578,0,322.39,1.6193599999999997,0
470,O=C(O)CNc1cnc2ccc(C(=O)NCc3ccco3)cn2c1=O,C35023551,0,342.3110000000001,0.7140000000000002,0
471,Cc1cccc([N+](=O)[O-])c1S(=O)(=O)N[C@H](C(=O)O)[C@H](C)O,C35346812,0,318.3070000000001,0.015519999999999756,0
472,Cc1cccc([N+](=O)[O-])c1S(=O)(=O)N[C@@H](C(=O)O)[C@H](C)O,C35346813,0,318.3070000000001,0.015519999999999756,0
473,COC(=O)[C@H]1C(O)=NC(SCC(N)=O)=C(C#N)[C@H]1c1ccccc1[N+](=O)[O-],C02293783,0,390.37700000000007,1.3913799999999994,0
474,COC(=O)[C@H]1C(O)=NC(SCC(N)=O)=C(C#N)[C@@H]1c1ccccc1[N+](=O)[O-],C02293781,0,390.37700000000007,1.3913799999999994,0
475,CCOC(=O)CSc1sc2c(O)cc(=O)[nH]c2c1C(N)=O,C36358875,0,328.3710000000001,1.0492999999999997,0
476,Cc1nc(-n2cccc2)sc1C(=O)NCC(=O)NCC(=O)O,C36358924,0,322.346,0.17281999999999997,0
477,COC(=O)[C@@H](CO)NC(=O)Cc1csc(NS(C)(=O)=O)n1,C36816315,0,337.3790000000001,-1.2928,0
478,NC(=O)C[C@H](NS(=O)(=O)c1ccc(F)cc1Br)C(=O)O,C37573979,0,369.168,0.1950999999999996,0
479,O=C(O)CCNC(=O)/C(=C/c1ccco1)NC(=O)c1ccco1,C02948995,0,318.2850000000001,1.2343999999999997,0
480,O=C(Cc1ccc([N+](=O)[O-])cc1)N[C@@H](C(=O)O)[C@@H](O)c1cccc([N+](=O)[O-])c1,C03040474,0,389.3200000000001,1.3485,0
481,Cc1ccc(/C=C2/SC(=S)N([C@H](CCC(N)=O)C(=O)O)C2=O)o1,C39862164,0,354.4090000000001,1.5079199999999995,0
482,NC(=O)CC[C@H](C(=O)O)N1C(=O)/C(=C/c2ccccn2)SC1=S,C39862246,0,351.40900000000005,1.0014999999999994,0
483,NC(=O)COc1ccc([C@H]2NC(=O)C(O)=C2C(=O)c2cccs2)cc1,C40115760,0,358.375,1.4781,0
484,NC(=O)COc1ccc([C@@H]2NC(=O)C(O)=C2C(=O)c2ccc(F)cc2)cc1,C40124465,0,370.336,1.5556999999999994,0
485,O=C(CSc1nnc(-c2ccco2)o1)N[C@H](Cc1c[nH]c2ccccc12)C(=O)O,C13415699,0,412.42700000000013,2.7151000000000005,0
486,CCOc1cc(/C=C2\SC(=S)N(CC(=O)N[C@@H](C)C(=O)O)C2=O)ccc1O,C15036810,0,410.4730000000001,1.5814,0
487,COc1cc(/C=C2\SC(=S)N(CCC(=O)NCC(=O)O)C2=O)ccc1O,C15038262,0,396.44600000000014,1.1928999999999998,0
488,O=C(NCCCOCC1CC1)c1cnc2nc(O)[nH]c(=O)c2c1,C47477568,0,318.333,0.5701999999999999,0
489,Cn1cc(S(=O)(=O)/N=C(\O)c2ccccc2SCC(N)=O)cn1,C48676137,0,354.4130000000001,0.6910000000000002,0
490,O=C(O)CCCCCCNC(=O)NC[C@@H]1CCS(=O)(=O)C1,C50604076,0,320.41100000000006,0.7554000000000001,0
491,O=C(NCC/C(O)=N/c1nc(-c2ccccn2)n[nH]1)C1CCCC1,C53527349,0,328.37600000000015,2.1511999999999993,0
492,CCCCO[N-]/C(=N\S(=O)(=O)c1[nH]cnn1)/Nc2nc(cc(n2)C)C,C08782790,0,367.41500000000013,1.47374,-1
493,CS(=O)(=O)Nc1nc(CC(=O)NCCOCCO)cs1,C55470689,0,323.396,-0.8177999999999994,0
494,Cc1nc(N[C@H](CCC(N)=O)C(=O)O)c2c(C)c(C)sc2n1,C58279638,0,322.39,1.7471600000000003,0
495,CC(C)[C@@H](C(=O)O)n1cc(O)c(=O)cc1CN(C)CCC(=O)O,C62391380,0,326.3490000000001,0.7421,0
496,CC(C)[C@H](C(=O)O)n1cc(O)c(=O)cc1CN(C)CCC(=O)O,C62391383,0,326.3490000000001,0.7421,0
497,O=C(O)Cc1csc(N2C(=O)C[C@H](Nc3ccc([N+](=O)[O-])cc3O)C2=O)n1,C16902244,0,392.34900000000016,1.128,0
498,CCc1nc(C/C(O)=N/S(=O)(=O)c2cc(C(N)=O)n(C)c2)cs1,C66003178,0,356.42900000000003,1.0308000000000004,0
499,NC(=O)CNC(=O)c1ccc(NS(=O)(=O)C2CCCCC2)cc1,C66584272,0,339.4170000000002,0.9760999999999993,0
500,CN(C)c1ccc(cc1)/C=N/[C@@H]2[C@H]([C@@H]([C@H](O[C@H]2O)CO)O)O,C03999319,0,310.35,-1.0286,0
501,c1ccc2c(c1)[n+](cc([n+]2[O-])[C@@H]([C@H]([C@@H](CO)O)O)O)[O-],C05685449,0,282.252,-2.1459,0
502,c1ccc2c(c1)[n+](cc([n+]2[O-])[C@H]([C@@H]([C@@H](CO)O)O)O)[O-],C05685450,0,282.252,-2.1459,0
503,CS(=O)(=O)c1ccc(cc1)NNc2cc(=O)[nH]c(=O)[nH]2,C01646789,0,296.30800000000005,-0.09430000000000016,0
504,Cc1cc2c(cc1S(=O)(=O)N(CCO)CCO)[nH]c(=O)[nH]2,C11635343,0,315.35099999999994,-0.8600800000000006,0
505,COc1cc(ccc1O)[C@@H]2C3=C(CN(C3=O)CCO)NC(=O)N2,C12113434,0,319.31699999999995,-0.15670000000000017,0
506,c1ccc(c(c1)C=O)O[C@H]2[C@@H]([C@@H]([C@H]([C@H](O2)CO)O)O)O,C15206341,0,284.264,-1.3222000000000005,0
507,CN(Cc1nc(nc(n1)N)N)S(=O)(=O)c2cccs2,C15552414,0,300.36899999999997,-0.08179999999999982,0
508,CS/C(=C(\C#N)/C(=O)NCc1ccco1)/NC(=O)N,C16248578,0,280.309,0.6622800000000002,0
509,CNC(=O)NC(=O)CSc1nnc(s1)SCC(=O)N,C16928202,0,321.4090000000001,-0.33679999999999993,0
510,CCN(CC)S(=O)(=O)c1ccc2c(c1)[nH]c(n2)CNN,C21955638,0,297.38400000000007,0.5567,0
511,c1cc(c[n+](c1)[O-])/C(=N/c2nc(cs2)c3cc([nH]c3)C(=O)N)/O,C29870578,0,329.34100000000007,1.5067999999999995,0
512,CCn1cc(cn1)NS(=O)(=O)c2cccnc2NN,C35781922,0,282.329,0.3844,0
513,Cc1cc(cc(c1)S(=O)(=O)NCCNS(=O)(=O)C)N,C35797287,0,307.39700000000005,-0.5952799999999987,0
514,Cc1c(c(n(n1)C)C)NC(=O)CSc2nc([nH]n2)N,C08292582,0,281.345,0.4680399999999998,0
515,N[C@H](CCSCc1nc2ccccc2[nH]c1=O)C(=O)O,C37736206,0,293.34800000000007,0.9582999999999997,0
516,CS(=O)(=O)CCNc1cc2c(cc1N)OCC(=O)N2,C37750260,0,285.325,0.05619999999999925,0
517,CS(=O)(=O)CCNS(=O)(=O)c1cccnc1NN,C37751083,0,294.35800000000006,-1.3098999999999983,0
518,c1cc(=O)[nH]cc1S(=O)(=O)NC2CCC(CC2)C(=O)N,C38092146,0,299.352,-0.30270000000000014,0
519,c1ccc2c(c1)c(=O)n(c(n2)SCC(=O)N)OCC(=O)N,C02406861,0,308.3190000000001,-1.1121999999999992,0
520,CC[C@H](C(=S)N)NS(=O)(=O)c1c([nH]nc1C)C,C40363133,0,276.38700000000006,0.3695399999999998,0
521,c1cc(c(nc1)C(=O)N2CCC[C@H](C2)CNS(=O)(=O)N)O,C40378333,0,314.367,-0.5674999999999987,0
522,c1nc(c(c(n1)N2CCN(CC2)CCO)N)NC[C@H]3CCCO3,C40686916,0,322.41300000000007,-0.23599999999999843,0
523,C[C@@H](C(=O)NC)NS(=O)(=O)c1ccc(cc1F)N,C43593074,0,275.305,-0.17929999999999946,0
524,COCCOCCn1c(nnn1)c2ccc(cc2N)N,C44727783,0,278.3160000000001,0.16749999999999998,0
525,C[C@@H](NS(=O)(=O)c1ccc(CN)s1)c1nnn[nH]1,C44934697,0,288.35799999999995,-0.24060000000000004,0
526,Cc1cc(on1)CNS(=O)(=O)c2cccnc2NN,C45011924,0,283.313,0.1421200000000002,0
527,C1CCC(C1)C(=O)NNC(=O)CC[C@@H]2C(=O)NC(=O)N2,C47459344,0,282.29999999999995,-0.6877999999999986,0
528,Cc1csc(n1)CNC(=O)Nc2cnn(c2)CC(=O)N,C47691542,0,294.3400000000001,0.4550199999999999,0
529,C[C@H](C(=O)Nc1ccc2c(c1)[nH]c(=O)[nH]2)NS(=O)(=O)C,C47815725,0,298.32400000000007,-0.26759999999999984,0
530,Cc1cc(n(n1)c2nnc(n2N)S[C@@H](C)C(=O)N)C,C18806019,0,281.3450000000001,-0.23965999999999976,0
531,Cc1cc(n(n1)c2nnc(n2N)S[C@H](C)C(=O)N)C,C18806016,0,281.3450000000001,-0.23965999999999976,0
532,C1CC1C(=O)NCC(=O)NNC(=O)NCC(F)(F)F,C48831931,0,282.222,-0.5946999999999998,0
533,CNC(=O)NNC(=O)c1cc(ccc1F)S(=O)(=O)NC,C48950439,0,304.30300000000005,-0.6923999999999997,0
534,Cc1cccnc1NC(=O)NNC(=O)C(=O)NC2CC2,C49027510,0,277.2840000000001,-0.17867999999999995,0
535,CC[C@@H](C)C(=O)NCC(=O)NNC(=O)NCCOC,C49144092,0,274.321,-0.8744999999999983,0
536,Cc1csc(n1)NC(=O)Nc2ccn(n2)CC(=O)N,C49211003,0,280.31300000000005,0.7773199999999998,0
537,Cc1cnc(s1)NC(=O)Nc2ccn(n2)CC(=O)N,C49211004,0,280.31300000000005,0.7773199999999998,0
538,Cc1c(c(n(n1)C)C)S(=O)(=O)NC(C)(C)/C(=N/O)/N,C50265057,0,289.361,-0.15975999999999846,0
539,C1CS(=O)(=O)C[C@@H]1CNC(=O)c2c(c(n[nH]2)C3CC3)N,C50324372,0,298.3680000000001,0.03380000000000083,0
540,CNC(=O)CNS(=O)(=O)c1c(nc2n1ccs2)N,C50654695,0,289.34200000000004,-0.9976999999999998,0
541,CS(=O)(=O)CCNC(=O)c1cc(cnc1NN)Br,C51088055,0,337.199,-0.09590000000000043,0
542,c1cc(nnc1C(=O)NC[C@@H]2CCS(=O)(=O)C2)NN,C51093789,0,285.32899999999995,-1.0732999999999986,0
543,c1cc(cnc1)/C=N/Nc2[nH]nc(n2)SCC(=O)N,C59015834,0,277.31300000000005,0.2230999999999998,0
544,c1ccnc(c1)C(=O)N[C@@H]([C@H](NC(=O)c2ccccn2)O)O,C59370032,0,302.29,-0.7268000000000007,0
545,Cc1cccc(c1)C(=O)NCC(=O)NNC(=O)C(=O)NC(C)C,C08390262,0,320.34900000000005,-0.6031799999999989,0
546,c1ccc(c(c1)C(=O)CN(CC(=O)N)CC(=O)N)Br,C61808071,0,328.16599999999994,-0.09559999999999935,0
547,CC(CO)(CO)N/C=C/1\C(=O)NC(=O)N(C1=O)Cc2ccccc2,C05686038,0,333.34400000000005,-0.5181999999999987,0
548,Cc1csc(n1)CCNS(=O)(=O)c2cnc(nc2)NN,C63136094,0,314.3960000000001,0.04812000000000011,0
549,Cc1c(c(=O)[nH]c(=O)[nH]1)CCC(=O)NC2=NN[C@@H](S2)C,C63403563,0,297.34000000000003,-0.6261799999999988,0
550,Cc1nnc(n1N)SCCSc2nnc(n2N)C,C01778940,0,286.39000000000004,-0.20156000000000063,0
551,c1cc(ccc1Cn2c(=S)n(cn2)N)Cn3c(=S)n(cn3)N,C04618417,0,334.434,0.6657799999999998,0
552,COc1cc(ccc1O[C@H]2[C@@H]([C@@H]([C@@H]([C@@H](O2)CO)O)O)O)C=O,C01074260,0,314.29,-1.3136000000000003,0
553,COc1cc(c(c(c1)S(=O)(=O)N)OC)S(=O)(=O)N,C04717669,0,296.326,-1.0013999999999992,0
554,Cc1ccc(cc1)S(=O)(=O)OC[C@H]2[C@H]([C@@H]([C@@H]([C@H](O2)O)O)O)O,C17063787,0,334.346,-1.4997799999999997,0
555,C[C@H](c1cccnc1)NS(=O)(=O)c2cc(n(c2)C)C(=O)NN,C22158895,0,323.37800000000004,0.06310000000000099,0
556,Cn1cccc1C(=O)NCCNC(=O)c2c(nccn2)N,C23003369,0,288.311,-0.44289999999999935,0
557,N[C@H](CSCc1nc2ccccc2c(=O)[nH]1)C(=O)O,C35296478,0,279.321,0.5681999999999998,0
558,C[C@]1(CCS(=O)(=O)C1)NC(=O)CSc2nc([nH]n2)N,C06605711,0,305.385,-0.8275999999999983,0
559,COc1cc(c(cc1OC)N)C(=O)NCCNS(=O)(=O)C,C35797183,0,317.367,-0.4349999999999985,0
560,CS(=O)(=O)NCCNS(=O)(=O)c1ccc(cc1)N,C35797359,0,293.37000000000006,-0.903699999999998,0
561,c1ccc2c(c1)C[C@H](NC2)C(=O)NCCS(=O)(=O)N,C36745806,0,283.353,-0.8943999999999983,0
562,CCn1cc(cc1C(=O)NCCNS(=O)(=O)C)N,C36863279,0,274.346,-0.6307999999999985,0
563,COCCn1c(c(c(=O)[nH]c1=O)NCc2ccncc2)N,C37486205,0,291.31100000000004,-0.22769999999999946,0
564,c1c(cn[nH]1)S(=O)(=O)N2CCC[C@@H](C2)CNC(=O)N,C37840748,0,287.34499999999997,-0.521299999999999,0
565,CCn1c(c(c(=O)[nH]c1=O)NCCCS(=O)(=O)C)N,C38048345,0,290.345,-1.014699999999998,0
566,CCn1cc(c(n1)N)S(=O)(=O)N(CCO)CCO,C40336136,0,278.334,-1.5394999999999985,0
567,Cc1c(c(n[nH]1)C)S(=O)(=O)N(C)CC/C(=N/O)/N,C40376244,0,275.334,-0.2164599999999991,0
568,C[C@@H](/C(=N/O)/N)NS(=O)(=O)c1cc(ccc1F)S(=O)(=O)C,C40376664,0,339.37000000000006,-0.3575999999999995,0
569,CC(C)N(CCCO)c1c(n(c(=O)[nH]c1=O)CCOC)N,C40453323,0,300.35900000000004,-0.6375999999999971,0
570,Cc1cc(n2c(n1)c(cn2)C(=O)N)C(=O)NC[C@H](C)O,C40555950,0,277.284,-0.7527799999999991,0
571,COCCCNc1c(c(ncn1)N2CCN(CC2)CCO)N,C40734264,0,310.40200000000004,-0.37849999999999756,0
572,c1cnccc1/C=N/O[C@H]2[C@H]([C@H]([C@H]([C@@H](O2)CO)O)O)O,C40822400,0,284.26800000000003,-1.7679999999999996,0
573,c1cc(ccc1CS(=O)(=O)N)NC(=O)C2=NNC(=O)CC2,C40834364,0,310.3350000000001,-0.3204,0
574,[H]/N=C/1\C(=C2CCN(C[C@@H]2S1)CC(=O)NCCOC)C(=O)N,C41583051,0,312.39500000000004,-0.6707299999999978,0
575,C[C@@H](C(=O)NCCOC)[S@@](=O)c1[nH]c2cc(ccc2n1)N,C42196081,0,310.379,0.40379999999999944,0
576,c1c(c(=O)[nH]c(=O)n1CC(=O)NCCCC(=O)N)Br,C43110657,0,333.14199999999994,-1.3191999999999993,0
577,C=CCO[C@@H]1[C@@H]([C@H](O[C@H]1n2ccc(nc2=O)N)CO)O,C44166973,0,283.28399999999993,-1.3526999999999985,0
578,C[C@H](N)c1ccc(S(=O)(=O)N[C@@H](C)c2nnn[nH]2)cc1,C44934212,0,296.356,0.2589000000000002,0
579,Cc1ccc(S(=O)(=O)NCc2nnn[nH]2)c(C#CCN)c1,C44977413,0,306.3510000000001,-0.703179999999999,0
580,Cc1csc(n1)NC(=O)NNC(=O)C(=O)NC2CC2,C49206773,0,283.3130000000001,-0.1171800000000005,0
581,C[C@@H](Cn1ccnc1)NS(=O)(=O)c2ccnc(c2)NN,C49238184,0,296.356,-0.0692999999999993,0
582,C[C@H](Cn1ccnc1)NS(=O)(=O)c2ccnc(c2)NN,C49238187,0,296.356,-0.0692999999999993,0
583,[H]/N=C(\N)/NC1=NC(=O)[C@H]2N1Cc3cc(c(cc3C2)OC)OC,C19797663,0,303.32200000000006,-0.1902300000000008,0
584,CNc1c(n2ccccc2n1)S(=O)(=O)NCC(=O)N,C50638740,0,283.313,-0.8603999999999996,0
585,CS(=O)(=O)c1ccc(c(c1)S(=O)(=O)Nc2c[nH]nc2)N,C50655928,0,316.36400000000003,0.19620000000000032,0
586,CNc1c(n2ccsc2n1)S(=O)(=O)NCCC(=O)N,C50656391,0,303.3690000000001,-0.4087999999999998,0
587,CCNc1ccc(cn1)S(=O)(=O)NCCS(=O)(=O)N,C50657203,0,308.385,-0.9197999999999986,0
588,CCNc1cc(ccn1)S(=O)(=O)NCCCS(=O)(=O)N,C50670951,0,322.412,-0.529699999999999,0
589,c1cnc(cc1C(=O)NC[C@H]2CCS(=O)(=O)C2)NN,C51093786,0,284.34099999999995,-0.4682999999999992,0
590,c1c(cnc(n1)NN)S(=O)(=O)N2CCC[C@@H]2CCCO,C52763897,0,301.37200000000007,-0.31219999999999953,0
591,CN(CC(=O)NCC(F)(F)F)C(=O)c1nc([nH]n1)N,C55167857,0,280.21,-0.8625999999999994,0
592,C[C@@H](C(=O)NNC(=O)C)Sc1nnc(n1N)C(F)(F)F,C59882184,0,312.277,-0.34139999999999987,0
593,c1cc(oc1C(=O)N(CC(=O)N)CC(=O)N)Br,C61809065,0,304.09999999999997,-0.5450999999999999,0
594,CC(C)n1c(nnc1SCCS(=O)(=O)CCC(=O)N)N,C62801286,0,321.4280000000001,-0.17649999999999888,0
595,C[C@@H](C/C(=N/O)/N)NS(=O)(=O)CCS(=O)(=O)C,C63144064,0,287.36300000000006,-1.5245999999999977,0
596,CS(=O)(=O)CCS(=O)(=O)NCCC/C(=N/O)/N,C63144079,0,287.363,-1.522999999999997,0
597,CNC(=O)[C@H]1N[C@@H](NO1)CC(=O)NC2=C[C@@H]3C(=CC=N3)C=C2,C63818131,0,303.322,-1.1515999999999988,0
598,CC(=O)NCC(=O)NCC(=O)NCCC(=O)NCC#C,C64512244,0,282.3,-2.5055999999999976,0
599,Cn1cc(cc1C(=O)N)S(=O)(=O)N2CC[C@H](C2)C(=O)N,C56089285,0,300.34000000000003,-1.3800999999999974,0
600,Cc1ccc2nc(C3=C(N)N(CCN(C)C)CC3=O)[nH]c2c1,C11906259,0,299.378,0.9449199999999995,0
601,NC[C@@H](O)CN1CCN(C(=O)Cc2cccs2)CC1,C19679619,0,283.3970000000001,-0.24559999999999937,0
602,NC[C@@H](O)CN1CCN(S(=O)(=O)c2cccs2)CC1,C19679705,0,305.4250000000001,-0.6259999999999994,0
603,N[C@@H](Cc1c[nH]cn1)c1nc(C2CCCCC2)no1,C20554832,0,261.32899999999995,2.0829000000000004,0
604,N[C@@H](Cc1ccc(O)cc1)c1nc(C[C@H]2CCCO2)no1,C21818139,0,289.335,1.7392,0
605,NCc1cccc(NC(=O)CCn2cccnc2=O)c1,C22178410,0,272.308,0.7307999999999997,0
606,Cc1ccc(cc1)Nc2[n+](c3c(s2)c(=O)[nH]c(=O)[nH]3)CCO,C35053122,0,319.3660000000001,0.6097199999999998,1
607,NCCc1ccc(S(=O)(=O)N[C@H]2CCS(=O)(=O)C2)s1,C35679190,0,324.44900000000007,-0.2853000000000001,0
608,Cc1ccc(cc1)OCC[n+]2c3ccccc3n(c2N)CC(=O)N,C02587616,0,325.3920000000001,1.3837199999999998,1
609,CC[C@@H](C)[C@H](N)c1ncc(-c2ccc(S(C)(=O)=O)cc2)[nH]1,C36877670,0,307.419,2.5261000000000005,0
610,OCCOCCNCc1c[nH]nc1-c1cccnc1,C37240066,0,262.31300000000005,0.5701999999999996,0
611,N[C@@H](Cc1c[nH]cn1)c1nc(Cc2ccc(F)cc2)no1,C37330935,0,287.298,1.7651000000000001,0
612,CN(C)C(=O)CNS(=O)(=O)c1ccc(F)cc1C#CCN,C37581410,0,313.3540000000001,-0.4975999999999991,0
613,CNS(=O)(=O)c1ccccc1N1CCN(CCN)CC1,C37674080,0,298.41200000000003,-0.3245999999999982,0
614,COc1cc(CN)ccc1O[C@@H]1CS(=O)(=O)C[C@@H]1O,C37700620,0,287.337,-0.30939999999999984,0
615,Cn1nc(NCc2ccc(CN)cc2)c(=O)n(C)c1=O,C37748137,0,275.312,-0.45019999999999927,0
616,NCCCC(=O)N(CCO)[C@H]1CCS(=O)(=O)C1,C37809637,0,264.347,-1.266699999999998,0
617,CN(C)CCN[C@](C)(C(N)=O)c1ccc(S(C)(=O)=O)cc1,C37951718,0,313.423,-0.05819999999999825,0
618,NCc1ccccc1S(=O)(=O)NC[C@@H]1COCCO1,C38062913,0,286.353,-0.16100000000000003,0
619,NCCCCCC(=O)NC[C@@H]1CCS(=O)(=O)C1,C38083698,0,262.375,0.056400000000001116,0
620,Cc1nnc([C@@H](N)Cc2c[nH]cn2)n1C1CCCC1,C42038918,0,260.345,1.6672199999999995,0
621,CC(C)N(C)S(=O)(=O)Nc1cccc([C@H](C)N)c1,C42520380,0,271.386,1.7031999999999998,0
622,COC[C@H](O)CN(C)C(=O)c1ccc(C#CCN)cc1F,C42527670,0,294.32599999999996,0.2152000000000004,0
623,C[C@H](N)[C@@H](c1ccccn1)N1CCN(CCO)CC1,C43339345,0,264.37299999999993,0.07980000000000081,0
624,COCCN(CCOC)c1nc(C)ccc1C(=N)N,C43401206,0,266.345,0.77329,0
625,NCC#Cc1cncc(S(=O)(=O)NCc2ccco2)c1,C44257791,0,291.332,0.4632999999999999,0
626,Cc1nc(CN(C)C[C@H](O)Cn2cc(N)cn2)cs1,C44595046,0,281.385,0.72312,0
627,COCCCCNC(=O)c1cncc(C#CCN)c1,C44679135,0,261.325,0.5482000000000007,0
628,COCCOCCNS(=O)(=O)c1ccc(C#CCN)cc1,C44728806,0,312.3910000000001,-0.06189999999999757,0
629,C[C@H](N)c1cccc(S(=O)(=O)N[C@@]2(C)CCS(=O)(=O)C2)c1,C44934182,0,332.447,0.5617999999999999,0
630,CN(CCCC[C@](C)(N)C(=O)O)[C@@H]1CCS(=O)(=O)C1,C45419516,0,292.40100000000007,0.07760000000000233,0
631,CCN(Cc1ccncc1)C[C@@H](O)Cn1cc(N)cn1,C49018956,0,275.356,0.7433000000000001,0
632,C[C@@H](Cn1cccn1)NS(=O)(=O)c1ccc([C@@H](C)N)cc1,C49079334,0,308.40700000000004,1.2697999999999998,0
633,CCn1cc(S(=O)(=O)Nc2cccc([C@H](C)N)c2)nc1C,C50265596,0,308.40700000000004,2.03192,0
634,Cn1ccnc1CNCc1cccc(S(N)(=O)=O)c1,C51923529,0,280.353,0.35730000000000006,0
635,C[C@@H](N)c1cc(Br)ccc1OCCN1CCNC1=O,C52066238,0,328.2100000000001,1.8728,0
636,COCC[C@@H](N)c1ncc(-c2cc(OC)ccc2OC)[nH]1,C52811272,0,291.351,2.1302000000000003,0
637,Cc1ccc2n(c1)cc([n+]2C)c3ccc(cc3)/C=N/Nc4cc([nH]n4)N,C26826141,0,346.41800000000006,2.4905199999999996,1
638,Cc1ccc(CNS(=O)(=O)c2cncc(C#CCN)c2)o1,C53042398,0,305.3590000000001,0.77172,0
639,CC1CCC2(CC1)NC(=O)N(CCOCCN)C2=O,C57845908,0,269.34499999999997,0.4624000000000009,0
640,CC[C@@H](N)CN1C(=O)N[C@@](C)(c2cccnc2)C1=O,C57846435,0,262.31300000000005,0.5858999999999996,0
641,NCCNC(=O)CCS(=O)(=O)Cc1ccccc1F,C58261844,0,288.344,0.20550000000000024,0
642,C[C@H](N)[C@H](Sc1n[nH]c(=O)n1C)c1cnn(C)c1,C61592495,0,268.346,0.022499999999999964,0
643,NC[C@@H]1CCC[C@@H]1NS(=O)(=O)C1CCS(=O)(=O)CC1,C61884159,0,310.4410000000001,-0.38959999999999884,0
644,NCc1cccc(CS(=O)(=O)N2CCNC(=O)CC2)c1,C62098969,0,297.38000000000005,-0.20299999999999963,0
645,CN(Cc1nccn1C)c1ncccc1/C(N)=N/O,C62252463,0,260.301,0.5459999999999998,0
646,CC[C@@]1(C(=O)NCCNS(C)(=O)=O)CCCNC1,C62853921,0,277.38999999999993,-0.5683999999999982,0
647,CCC[C@@]1(C(=O)N2CCN(S(N)(=O)=O)CC2)CCCNC1,C62858205,0,318.4430000000001,-0.49599999999999755,0
648,C[C@@H]1CN(S(=O)(=O)NC(C)(C)CN)C[C@H](C)O1,C63020673,0,265.37899999999996,-0.3326999999999989,0
649,CN1CCN(c2ncccc2CNS(N)(=O)=O)CC1,C66872481,0,285.3730000000001,-0.8734999999999973,0
650,Cc1nc(N[C@H](C(=O)O)[C@@H](C)O)c2oc3ccccc3c2n1,C05215425,0,301.302,1.9303199999999998,0
651,Cc1nc2sc3c(c2c(=O)n1C[C@@H](O)CO)[C@H](C(=O)O)CC3,C19764213,0,324.3580000000001,0.2340199999999994,0
652,C[C@H](O)[C@H](NS(=O)(=O)c1cccc(Br)c1)C(=O)O,C20301845,0,338.1790000000001,0.5613999999999997,0
653,C[C@H](O)[C@H](NS(=O)(=O)c1ccc2c(c1)CCC2)C(=O)O,C20301858,0,299.348,0.2875999999999998,0
654,C[C@H](O)[C@H](NC(=O)c1cccc(I)c1)C(=O)O,C20304966,0,349.124,0.855,0
655,C[C@@H](O)[C@H](NS(=O)(=O)Cc1ccccc1C#N)C(=O)O,C21045653,0,298.32000000000005,-0.18832000000000032,0
656,O=C(N[C@H](CO)C(=O)O)c1ccc(F)cc1Br,C21958409,0,306.087,0.7634999999999998,0
657,CC[C@H](NC(=O)CCCNc1ncnc2sc(C)cc12)C(=O)O,C33518034,0,336.4170000000001,2.171219999999999,0
658,CCC[C@@H](NC(=O)c1cc(C)sc1NC(=O)COC)C(=O)O,C33520034,0,328.39000000000004,1.62452,0
659,Cc1ccc(S(=O)(=O)NCC(=O)NCC(=O)O)s1,C35094992,0,292.33799999999997,-0.46438000000000007,0
660,C[C@@H](O)[C@H](NC(=O)c1ccc(C(F)(F)F)nc1)C(=O)O,C36855243,0,292.213,0.6641999999999999,0
661,COc1ccc(S(=O)(=O)N[C@@H](C(=O)O)[C@@H](C)O)cc1C,C36983321,0,303.33600000000007,0.11592000000000008,0
662,C[C@@H](O)[C@H](NS(=O)(=O)c1cc(F)ccc1F)C(=O)O,C37374735,0,295.26300000000003,0.07709999999999967,0
663,COc1cc(C(=O)N[C@@H](C(=O)O)[C@@H](C)O)cc(OC)c1C,C37407478,0,297.3070000000001,0.5760199999999998,0
664,C[C@H](O)[C@H](NC(=O)[C@@H](C)Oc1ccc(C#N)cc1)C(=O)O,C37407629,0,292.291,0.2757799999999994,0
665,C[C@H](O)[C@@H](NC(=O)COc1ccc(F)cc1Cl)C(=O)O,C37407647,0,305.6890000000001,0.8080999999999994,0
666,C[C@H](O)[C@@H](NS(=O)(=O)Cc1cccc(C#N)c1)C(=O)O,C37420753,0,298.32000000000005,-0.18832000000000076,0
667,C[C@H](O)[C@@H](NC(=O)c1cc(Cl)nnc1Cl)C(=O)O,C37432064,0,294.09400000000005,0.3471999999999998,0
668,O=C(/C=C/c1ccc(Br)s1)N[C@H](CO)C(=O)O,C37450953,0,320.1640000000001,1.0854999999999997,0
669,C[C@@H](Sc1ccc(Cl)cc1)C(=O)N[C@H](CO)C(=O)O,C37451641,0,303.767,1.3822999999999999,0
670,Cc1n[nH]c(C)c1CC(=O)NC1(C(=O)O)CCCCCC1,C37457154,0,293.3670000000001,1.862839999999999,0
671,Cc1ccc(F)c(S(=O)(=O)N[C@@H](C(=O)O)[C@H](C)O)c1,C37462171,0,291.30000000000007,0.24642000000000008,0
672,CCOc1ccc(S(=O)(=O)N[C@H](C(=O)O)[C@H](C)O)cc1C,C37465302,0,317.36300000000006,0.5060199999999999,0
673,CCc1ccc(NS(=O)(=O)O)c(N2CCN[C@H](F)C2)c1,C39481150,0,303.359,1.1688999999999998,0
674,O=C(O)CNC(=O)CNC(=O)N1CCc2sccc2C1,C40531829,0,297.336,0.016599999999999948,0
675,CCC[C@@](C)(NC(=O)N[C@@H]1CCS(=O)(=O)C1)C(=O)O,C40532994,0,292.35699999999997,0.11610000000000115,0
676,CSCC[C@@H](NC(=O)N1CCN(CCO)CC1)C(=O)O,C40588979,0,305.40000000000003,-0.48779999999999873,0
677,O=C(N[C@@H](CCO)C(=O)O)c1cc(F)ccc1Br,C40696797,0,320.11400000000003,1.1536,0
678,O=C(N[C@H](CCO)C(=O)O)c1cccc(C(F)(F)F)c1,C40696848,0,291.225,1.2708,0
679,O=C(CSCc1ccc(Cl)s1)N[C@H](CCO)C(=O)O,C40698587,0,323.8230000000001,1.5864999999999998,0
680,Cc1nc(-c2c[nH]c(C(=O)NC(C)(C)C(=O)O)c2)cs1,C40909651,0,293.34799999999996,2.03962,0
681,C[C@@H]1CCC[C@@](NC(=O)NC[C@@H]2COCCO2)(C(=O)O)C1,C41036406,0,300.355,0.7345000000000004,0
682,Cc1n[nH]c(C)c1CC(=O)N[C@@]1(C(=O)O)CCCC[C@@H]1C,C41037785,0,293.367,1.718739999999999,0
683,CC(C)[C@H](NC(=O)[C@@]1(C)Oc2ccccc2NC1=O)C(=O)O,C41545230,0,306.31800000000004,1.0015999999999996,0
684,CSCC[C@H](NC(=O)N(C)CC(=O)NC(C)C)C(=O)O,C42612171,0,305.40000000000003,0.3587000000000011,0
685,CSCC[C@@H](NC(=O)N(C)CC(=O)NC(C)C)C(=O)O,C42612173,0,305.40000000000003,0.3587000000000011,0
686,CC1CCC(NC(=O)NC[C@@H]2CCCOC2)(C(=O)O)CC1,C44975918,0,298.383,1.7457,0
687,CC1CCC(NC(=O)NCCn2cccn2)(C(=O)O)CC1,C49080418,0,294.3550000000001,1.215799999999999,0
688,CNC(=O)[C@@H](C)NC(=O)c1ccccc1NS(C)(=O)=O,C49117561,0,299.3520000000001,-0.07760000000000006,0
689,Cc1nc(C)c([C@@H](C)NC(=O)N[C@@](C)(C(=O)O)C2CC2)s1,C49539455,0,311.40700000000004,2.3734400000000004,0
690,Cc1nc(CNC(=O)N[C@@]2(C(=O)O)CCC[C@H](C)C2)cs1,C49540070,0,311.407,2.2842199999999995,0
691,Cc1csc(CNC(=O)NC2(C(=O)O)CCCCC2)n1,C49540138,0,297.38000000000005,2.03822,0
692,CCNC(=O)CN(C)C(=O)N[C@H](CCSC)C(=O)O,C49724448,0,291.37300000000005,-0.029799999999998994,0
693,CCn1cc(CNC(=O)N[C@@H](CCSC)C(=O)O)cn1,C50539308,0,300.384,0.9084999999999996,0
694,CCC[C@@](C)(NC(=O)NC[C@@H]1CCS(=O)(=O)C1)C(=O)O,C50604135,0,306.384,0.36370000000000097,0
695,COCC[C@@H](NC(=O)Nc1nc2c(s1)CCC2)C(=O)O,C52787782,0,299.352,1.2429999999999999,0
696,C[C@@](NC(=O)N[C@H]1CCCc2sccc21)(C(=O)O)C1CC1,C61369499,0,308.4030000000001,2.678000000000001,0
697,Cc1ccc(CNC(=O)NC(=O)C[C@@H](C)CC(=O)O)cn1,C62036531,0,293.323,1.2167199999999998,0
698,CCc1ccc2c(c1)S(=O)(=O)N=C(N[C@H](C)C(=O)O)N2,C62324207,0,297.33599999999996,0.7818999999999998,0
699,O=C(O)CC[C@H](NC(=O)CCC1=c2ccccc2=NC1)C(=O)O,C63384086,0,318.32900000000006,-0.31509999999999977,0
700,C(CSSCC[C@@H]1C(=O)NC(=O)N1)[C@@H]2C(=O)NC(=O)N2,C01596724,0,318.38000000000005,-0.43599999999999944,0
701,CSc1c2c(ncn1)n(cn2)NC[C@@H]([C@@H](CO)O)O,C01631393,0,285.329,-1.1942000000000002,0
702,c1ccc(cc1)Cn2ncc(n2)[C@H]([C@H]([C@@H](CO)O)O)O,C05774056,0,279.296,-0.9260999999999999,0
703,Cc1ccc(cc1)S(=O)(=O)O[C@H]2[C@H]([C@@H](O[C@@H]([C@@H]2O)O)CO)O,C05664929,0,334.34600000000006,-1.4997799999999997,0
704,c1ccc(cc1)Cn2ncc(n2)[C@@H]([C@@H]([C@H](CO)O)O)O,C16487704,0,279.296,-0.9260999999999999,0
705,c1cc(cnc1)CN(CCC(=S)N)S(=O)(=O)N,C19814631,0,274.37100000000004,-0.2366999999999998,0
706,Cc1sc(NC(=O)CSC[C@H](N)C(=O)O)c(C#N)c1C,C35083190,0,313.40400000000005,1.32022,0
707,Cc1oc(NC(=O)CSC[C@@H](N)C(=O)O)c(C#N)c1C,C35296146,0,297.336,0.85172,0
708,c1c(c(n[nH]1)N)S(=O)(=O)N2CCN(CC2)CCO,C37559110,0,275.33399999999995,-1.7094999999999982,0
709,CS(=O)(=O)CCNS(=O)(=O)c1ccc(nc1)NN,C37751078,0,294.358,-1.3098999999999983,0
710,c1cnc(cc1S(=O)(=O)NCCCn2ccnc2)NN,C38009013,0,296.356,-0.06769999999999948,0
711,COCCn1c(c(c(=O)[nH]c1=O)NCC[C@H]2CCCO2)N,C38097366,0,298.343,-0.2537999999999988,0
712,c1cc(cnc1)NC(=O)C(=O)NCc2ccc(cc2)S(=O)(=O)N,C38719855,0,334.357,-0.016100000000000114,0
713,c1cc(ccc1CS(=O)(=O)N(CCO)CCO)N,C40336092,0,274.3419999999999,-0.6148,0
714,Cn1cnnc1CNS(=O)(=O)c2ccc(c(c2)N)O,C40347016,0,283.313,-0.4186000000000006,0
715,c1cc(ccc1CNC(=O)Cn2ccc(=O)[nH]c2=O)C(=O)N,C40472990,0,302.2900000000001,-1.0480999999999987,0
716,c1c(cnc(n1)NN)S(=O)(=O)N2CCC(CC2)CO,C41071224,0,287.345,-0.8447999999999996,0
717,c1c(cnc(n1)NN)S(=O)(=O)N2CCC[C@@H](C2)CO,C41071322,0,287.345,-0.8447999999999996,0
718,c1cc(ccc1CCNC(=O)C(=O)NCC#N)S(=O)(=O)N,C42477670,0,310.33500000000004,-1.3675199999999985,0
719,CN(CCC(=S)N)C(=O)CCn1cnc2c1ncnc2N,C43461225,0,307.38300000000004,-0.06679999999999986,0
720,NCc1ccc(S(=O)(=O)NCc2nnn[nH]2)s1,C44934852,0,274.331,-0.8016000000000005,0
721,NCCc1ccc(S(=O)(=O)NCc2nnn[nH]2)cc1,C44934921,0,282.329,-0.8205999999999996,0
722,Cc1nccc(CNS(=O)(=O)c2ccnc(NN)c2)n1,C45011898,0,294.34000000000003,-0.05588000000000026,0
723,CC(C)(C)C(=O)NCC(=O)NNC(=O)C(=O)NC1CC1,C48390990,0,284.3160000000001,-1.4252999999999976,0
724,C[C@H](C(=O)NC)NS(=O)(=O)c1cc(n(c1)C)C(=O)N,C48673823,0,288.32900000000006,-1.463199999999998,0
725,c1cc(oc1)C(=O)NCCC(=O)NCCCS(=O)(=O)N,C48749121,0,303.34000000000003,-0.8056999999999985,0
726,c1cocc1C(=O)NCCC(=O)NCCCS(=O)(=O)N,C48749277,0,303.34000000000003,-0.8056999999999985,0
727,CC(C)Cn1c(c(c(=O)n(c1=O)C)NCCOCCO)N,C48775295,0,300.359,-0.7939999999999974,0
728,c1cc(ncc1S(=O)(=O)NCCn2ccnc2)NN,C49079523,0,282.329,-0.4577999999999995,0
729,c1cnc(cc1S(=O)(=O)NCCn2ccnc2)NN,C49079542,0,282.329,-0.4577999999999995,0
730,c1c(nc(s1)NC(=O)C(=O)NCC(=S)N)C2CC2,C49237445,0,284.3660000000001,0.3612999999999996,0
731,C[C@H](C(=O)NC)NS(=O)(=O)c1cc(ccc1N)S(=O)(=O)C,C50674478,0,335.4070000000001,-0.9148999999999989,0
732,C[C@](N)(CCCSc1ncnc2nc[nH]c12)C(=O)O,C51037394,0,281.34100000000007,1.0272,0
733,Cc1nn(CC(=O)O)c(C)c1S(=O)(=O)NCCCN,C51355189,0,290.3450000000001,-0.7883599999999977,0
734,CNC(=O)c1cccc(c1)CNC(=O)c2[nH]c(=O)[nH]n2,C49249076,0,275.268,-0.6123999999999996,0
735,Cc1c(c(=O)[nH]c(=O)[nH]1)CCC(=O)NCCOCCO,C55470798,0,285.29999999999995,-1.5706799999999985,0
736,NCCCc1nnc(NC(=O)c2ccc(O)nn2)s1,C58231883,0,280.313,0.17729999999999946,0
737,C1Cc2c(sc(n2)NC(=O)C(=O)NCC(=S)N)C1,C49547907,0,284.36600000000004,-0.027400000000000424,0
738,CN1CCN(CC1)C(=O)CCNC(=O)CCCCNC(=O)N,C58920905,0,313.402,-0.8946999999999967,0
739,CS(=O)(=O)NCCNC(=O)Cn1cc(ccc1=O)N,C61090571,0,288.32900000000006,-1.904099999999998,0
740,O=C1C(=O)[C@@H](NCCNCCO)/C1=N/Cc1ccco1,C61718277,0,279.296,-1.0874999999999984,0
741,c1c(cnc(c1Cl)Cl)C(=O)N(CC(=O)N)CC(=O)N,C61808632,0,305.12100000000004,-0.19879999999999998,0
742,CC(C)N(Cc1nc(c2cnn(c2n1)C)N)CC(=O)N,C63078559,0,277.33200000000005,-0.3587999999999984,0
743,CC[C@H](/C(=N/O)/N)NS(=O)(=O)CCS(=O)(=O)C,C63144009,0,287.36300000000006,-1.5245999999999977,0
744,C[C@H](C/C(=N/O)/N)NS(=O)(=O)CCS(=O)(=O)C,C63144066,0,287.36300000000006,-1.5245999999999977,0
745,c1ccc2c(c1)N(S(=O)(=O)N2CC(=O)N)CC(=O)N,C58245960,0,284.29699999999997,-1.471599999999999,0
746,C#CCNC(=O)CCNC(=O)CC[C@@H]1C(=O)NC(=O)N1,C64514546,0,280.284,-1.7696999999999985,0
747,C#CCNC(=O)CNC(=O)CNC(=O)c1c[nH]c2ccccc2c1=O,C50665792,0,340.33900000000006,-0.8764999999999987,0
748,CC(C)n1c(n[nH]c1=S)CNC(=O)c2c(nccn2)N,C66639749,0,293.356,0.82379,0
749,CCOCC(=O)NNC(=O)NCCC(=O)NC(C)C,C66698837,0,274.321,-0.7319999999999987,0
750,Cc1cc(NS(=O)(=O)c2ccc([C@H](C)N)cc2)n(C)n1,C20545106,0,294.38000000000005,1.5490199999999998,0
751,N#CCCNC(=O)CN1CCN(c2ccncc2N)CC1,C35368395,0,288.3550000000001,-0.1843199999999996,0
752,C[C@H](N)c1cccc(S(=O)(=O)N[C@H](C)c2cccnc2)c1,C35692527,0,305.40299999999996,2.1408000000000005,0
753,COc1ccc(-c2noc([C@@H](N)[C@H](C)O)n2)cc1OC,C36820237,0,279.29600000000005,1.1344,0
754,CC(C)[C@@H](N)C(=O)Nc1ccc(-n2cncn2)nc1,C37020447,0,260.30100000000004,0.5840999999999992,0
755,Cc1ccc2nc([C@@H](N)CCS(C)(=O)=O)[nH]c2c1,C37288945,0,267.354,1.3058199999999998,0
756,NC(=O)CN(C(=O)CCn1ccnc1)[C@@H]1CCNC1,C37540486,0,265.317,-1.050999999999998,0
757,NC(=O)CN(C(=O)c1cnccn1)C1CCNCC1,C37542383,0,263.301,-0.8438999999999988,0
758,Cc1nc(C)c([C@@H](C)NCCNS(C)(=O)=O)c(=O)[nH]1,C37642901,0,288.373,-0.4134599999999988,0
759,COc1cc(C[C@H](C)N)ccc1OCC(=O)NCCC#N,C37727114,0,291.35100000000006,0.9935800000000001,0
760,CC[C@@H](CCN)N1CCCN(S(=O)(=O)c2cn[nH]c2)CC1,C37744333,0,315.4430000000001,0.23350000000000187,0
761,CC[C@H](CCN)N1CCCN(S(=O)(=O)c2cn[nH]c2)CC1,C37744334,0,315.4430000000001,0.23350000000000187,0
762,CS(=O)(=O)NCCNC[C@H](O)c1ccc(C#N)cc1,C37891415,0,283.353,-0.26951999999999887,0
763,CCNC(=O)NC(=O)[C@H](C)NCc1ccnc(C)n1,C38037956,0,265.31699999999995,0.10882000000000058,0
764,CNC(=O)NC(=O)[C@@H](C)NC[C@H]1CCS(=O)(=O)C1,C38084001,0,277.346,-1.1451999999999989,0
765,c1ccc(cc1)[C@@H]2c3ccc(cc3Oc4c2c([n+](cn4)CCCO)N)O,C05217655,0,350.3980000000001,2.3251999999999997,1
766,CN(CCCN)CCCn1cc(C#N)c(O)nc1=O,C39929739,0,265.317,-0.5087199999999996,0
767,NCCCCCCNS(=O)(=O)[C@H]1CCS(=O)(=O)C1,C40166371,0,298.43000000000006,-0.3879999999999981,0
768,CSCC[C@H](N)C(=O)NC[C@@H]1CCS(=O)(=O)C1,C40469058,0,280.415,-0.3822999999999983,0
769,CS(=O)(=O)CC[C@H](N)C(=O)Nc1sccc1C#N,C40852007,0,287.36600000000004,0.3202800000000003,0
770,Cc1nnc([C@H](N)Cc2c[nH]cn2)n1C1CCCC1,C42038915,0,260.345,1.6672199999999995,0
771,CN(CCCN)S(=O)(=O)NC[C@@H]1COCCO1,C42525449,0,267.351,-1.4831999999999967,0
772,CS(=O)(=O)c1cc(N)cc(C(=O)NCCn2ccnc2)c1,C42806501,0,308.363,0.2988000000000004,0
773,NCC#Cc1cncc(S(=O)(=O)NCc2ccncc2)c1,C44258589,0,302.359,0.2653000000000001,0
774,CNC(=O)c1cc(S(=O)(=O)NCC2CCNCC2)cn1C,C44509071,0,314.41100000000006,-0.3373999999999988,0
775,Cn1nc(-c2cnccn2)n(C[C@@H](O)CN)c1=S,C44548956,0,266.3299999999999,-0.27231000000000016,0
776,Cc1cc(CNS(=O)(=O)c2cncc(C#CCN)c2)on1,C45015489,0,306.34700000000004,0.16671999999999987,0
777,C[C@H](Cn1cccn1)NS(=O)(=O)c1cccc([C@H](C)N)c1,C49079330,0,308.40700000000004,1.2697999999999998,0
778,C[C@@H](N)c1cccc(S(=O)(=O)NCCn2cccn2)c1,C49079357,0,294.37999999999994,0.8812999999999993,0
779,C[C@@H](N)c1ccc(S(=O)(=O)NCCn2cccn2)cc1,C49079365,0,294.38,0.8812999999999995,0
780,Cc1nn(CC(=O)N[C@@H](C)Cn2ccnc2)c(C)c1N,C49234336,0,276.34400000000005,0.48353999999999997,0
781,NC(=O)CN(Cc1noc(C2CC2)n1)C1CCNCC1,C49337881,0,279.34400000000005,-0.013699999999999823,0
782,CN(CCCC(=O)NC(N)=O)[C@@H]1CCS(=O)(=O)C1,C49441931,0,277.346,-0.9195999999999989,0
783,Nc1ccc(OC[C@H](O)CN2CCS(=O)CC2)cc1,C49691283,0,284.381,0.0728000000000002,0
784,Cc1nc(CN)sc1C(=O)NCc1cccnc1,C49850579,0,262.338,1.23522,0
785,Cn1cnnc1CNS(=O)(=O)c1cccc(CN)c1,C50419561,0,281.341,-0.24770000000000042,0
786,N[C@@H](CO)c1nc(Cc2ccccc2Br)no1,C55334564,0,298.14000000000004,1.4149999999999998,0
787,COc1ccc([C@]2(C)NC(=O)N(CCN)C2=O)cc1OC,C57840376,0,293.32300000000004,0.4295000000000003,0
788,O=C(CCS(=O)(=O)C[C@H](O)CO)N1CCNCC1,C58261031,0,280.34600000000006,-2.4236999999999975,0
789,CC[C@@H](N)[C@@H](c1cnn(C)c1)N(C)C[C@H](O)COC,C43231824,0,270.377,0.1376000000000011,0
790,NC(=O)CSCC(=O)NCCN1CCCCC1,C46856499,0,259.37499999999994,-0.19299999999999917,0
791,Cc1cnc(CNS(=O)(=O)c2cccc([C@@H](C)N)c2)cn1,C61323080,0,306.391,1.28322,0
792,C[C@@H](N)[C@@H](Sc1n[nH]c(=O)n1C)c1cccnc1,C61592740,0,265.342,0.6839999999999993,0
793,Cc1nc(CN(C)Cc2cccnc2C(=N)N)cs1,C61658318,0,275.38100000000003,1.7625899999999999,0
794,NC[C@H]1CCC[C@@H]1NS(=O)(=O)C1CCS(=O)(=O)CC1,C61884157,0,310.4410000000001,-0.38959999999999884,0
795,OCCN(CCO)C[C@H](O)c1ccc2c(c1)OCCO2,C62351679,0,283.32400000000007,-0.2222000000000004,0
796,CCN(CCO)Cc1c(O)c(=O)cc(C)n1C[C@H](C)O,C62384166,0,284.356,0.05731999999999965,0
797,C[C@@H]1Oc2ccc(S(=O)(=O)NCCN)cc2N(C)C1=O,C62562057,0,299.35200000000003,-0.33269999999999933,0
798,C[C@H]1CN(S(=O)(=O)NC(C)(C)CN)C[C@H](C)O1,C63020674,0,265.37899999999996,-0.3326999999999989,0
799,COCCNC(=O)CNC[C@@H]1CNc2ccnn2C1,C58332753,0,267.333,-0.7229999999999983,0
800,[H]/N=C1/NC(=O)/C(=C/c2ccccc2OCC(=O)O)S1,C05027405,0,278.289,1.28867,0
801,CCc1c(C(=O)NNC(=O)CCC(=O)O)csc1C,C02792846,0,284.337,1.2447199999999998,0
802,C[C@H](O)[C@@H](Nc1ncnc2sc3c(c12)CCCC3)C(=O)O,C06409085,0,307.37500000000006,1.816,0
803,Cc1ccc(C(=O)NNC(=O)[C@H]2[C@@H](C(=O)O)[C@H]3C=C[C@@H]2CC3)s1,C06846688,0,334.3970000000001,1.7305199999999998,0
804,CC[C@H](C(=O)O)n1cnc2sc(C(N)=O)c(C)c2c1=O,C12127294,0,295.32,0.9010200000000002,0
805,Cc1cccc(Nc2nc(C)c([C@H](C)C(=O)O)c(=O)[nH]2)n1,C16886377,0,288.307,1.7134399999999996,0
806,COc1ccc(N)cc1S(=O)(=O)Nc1nccs1,C19232358,0,285.35,1.5347,0
807,NC(=S)c1ccccc1S(=O)(=O)Nc1ncccn1,C19423080,0,294.361,0.9116000000000002,0
808,Cc1nn(C)c(N2CCC[C@@H]2C(N)=O)c1/C=C/C(=O)O,C20527186,0,278.312,0.28042000000000017,0
809,Cn1c(O)cc(=O)c2cccc(OC[C@@H](O)C(C)(C)O)c21,C01280171,0,293.319,0.7546999999999997,0
810,COc1ccc(S(=O)(=O)Nc2nncs2)c(N)c1,C21049889,0,286.3380000000001,0.9296999999999997,0
811,NC(=S)c1ccccc1NS(=O)(=O)N1CCOCC1,C22148412,0,301.3930000000001,0.30969999999999986,0
812,CCCC(=O)Nc1sc2c(c1C(=O)N[C@H](CC)C(=O)O)CCC2,C33520207,0,338.42900000000014,2.5684000000000005,0
813,O=C(CSc1nncc(O)n1)Nc1ccccc1O,C05237870,0,278.29300000000006,1.0135999999999998,0
814,NC(=O)Cn1c(SCC(=O)O)nc2cccc(Cl)c21,C36898783,0,299.739,1.3516999999999997,0
815,Cc1ccc2c(c1)nc(SCC(=O)O)n2CC(N)=O,C36898787,0,279.321,1.00672,0
816,CC(C)[C@@H](NC(=O)c1cc2ccccc2c(=O)[nH]1)C(=O)O,C36972561,0,288.303,1.3671,0
817,COc1cc(N)ccc1S(=O)(=O)Nc1nncs1,C37064005,0,286.338,0.9296999999999997,0
818,O=C(N[C@@H](CO)C(=O)O)c1ncc(Cl)c(Cl)c1Cl,C37451504,0,313.524,1.2171000000000003,0
819,O=C(O)CN(C(=O)c1c[nH]c(=O)[nH]1)c1ccc(Cl)cc1,C37587346,0,295.682,1.0877999999999994,0
820,O=C(NCc1ncn[nH]1)c1ccc(C(F)(F)F)nc1O,C37920441,0,287.201,0.8540999999999999,0
821,O=C(O)c1ccc(S(=O)(=O)NC2CCC(O)CC2)s1,C38058364,0,305.37700000000007,1.0280999999999996,0
822,NC(=O)c1ccsc1NS(=O)(=O)c1ccnc(Cl)c1,C38105982,0,317.779,1.6962,0
823,O=C(CS[C@@H]1Nc2ccccc2O1)Nc1ncn[nH]1,C38576797,0,277.30899999999997,1.2644999999999997,0
824,O=C(O)[C@H](Cc1ccc(O)cc1)N1C(=O)c2ccccc2[C@H]1O,C39894869,0,313.309,1.5348,0
825,Cc1ccc(S(N)(=O)=O)cc1NS(=O)(=O)C(F)F,C40384436,0,300.308,0.6067200000000001,0
826,CCS(=O)(=O)Nc1cc(F)ccc1S(N)(=O)=O,C40385200,0,282.31800000000004,0.23470000000000024,0
827,O=C(NC[C@H]1CCCO1)NC1(C(=O)O)CCCCCC1,C40429065,0,284.35600000000005,1.6421999999999992,0
828,O=C(Nc1nncs1)N[C@@H](C(=O)O)c1ccccc1,C40520641,0,278.293,1.4855,0
829,COc1ccc2nc(NC(=O)N[C@H](C)C(=O)O)sc2c1,C40543043,0,295.32000000000005,1.8994999999999997,0
830,CC(C)(C)[C@@H](NC(=O)Nc1ccccc1C#N)C(=O)O,C40550348,0,275.308,2.17908,0
831,CC(C)[C@@H](NC(=O)Nc1cccc(F)c1C#N)C(=O)O,C40581420,0,279.271,1.9280799999999998,0
832,O=C(O)Cn1cc(NC(=O)[C@@H]2Cc3ccccc3N2)cn1,C41019481,0,286.291,0.9429999999999996,0
833,Cc1cc([C@@H](C)NC(=O)NC2(C(=O)O)CCCC2)c(C)o1,C44731604,0,294.351,2.65404,0
834,C[C@@H]1CCCC[C@]1(NC(=O)NC[C@@H]1CCCCO1)C(=O)O,C48065711,0,298.383,1.8882000000000003,0
835,C[C@H]1C[C@@H]1/C(O)=N/S(=O)(=O)c1cc(C(N)=O)n(C)c1,C48518739,0,285.325,0.4251999999999999,0
836,Nc1cccc2c1CCCN2S(=O)(=O)CCC(=O)O,C49063305,0,284.337,0.8259000000000001,0
837,CC(C)c1csc(NC(=O)NC2(C(=O)O)CCCC2)n1,C49238588,0,297.38000000000005,2.785400000000001,0
838,C[C@](NC(=O)Nc1nc2c(s1)CCC2)(C(=O)O)C1CC1,C49548822,0,295.36400000000003,2.0065999999999997,0
839,CC(C)[C@H](NC(=O)Nc1nc2c(s1)CCCC2)C(=O)O,C49561106,0,297.37999999999994,2.2525999999999997,0
840,CC(C)[C@@H](NC(=O)Nc1nc2c(s1)CCCC2)C(=O)O,C49561162,0,297.37999999999994,2.2525999999999997,0
841,O=C(O)/C=C/c1cccc(C(=O)NCC(=O)NC2CC2)c1,C49594062,0,288.30300000000005,0.7927999999999998,0
842,CO[C@H]1CCC[C@H]1NC(=O)N[C@]1(C(=O)O)CCC[C@@H](C)C1,C50376574,0,298.38300000000004,1.8865999999999994,0
843,O=C(CC1(C(=O)O)CCCCCC1)N[C@@H]1CCCNC1=O,C50397445,0,296.36699999999996,1.1964999999999997,0
844,Cc1ccc(C#N)cc1NC(=O)N[C@H](C(=O)O)C(C)C,C50430823,0,275.30800000000005,2.0973999999999995,0
845,O=C(O)CCC(=O)NC(=O)Nc1ccc2ncccc2c1,C54108819,0,287.27500000000003,1.7476999999999998,0
846,Cc1nc(N[C@@H](C(=O)O)[C@H](C)O)c2c3c(sc2n1)CCCC3,C58279761,0,321.40200000000016,2.1244200000000006,0
847,NC(=O)CSc1nc(O)cc(=O)n1-c1ccc(F)cc1,C00505675,0,295.295,0.6545999999999996,0
848,O=C(NCc1c(C(=O)O)[nH]c2ccc(F)cc12)c1ccco1,C62339752,0,302.261,2.528200000000001,0
849,NCC#Cc1cnc(NS(=O)(=O)C[C@@H]2CCCO2)s1,C63156735,0,301.3929999999999,0.37399999999999967,0
850,Cc1cc(n(n1)CCC(=O)NNC(=S)Nc2ccccc2)C,C05613337,0,317.4180000000001,1.9078399999999995,0
851,C=CCNC(=S)NNC(=O)Cn1ccc(n1)C(F)(F)F,C16185254,0,307.301,0.5832000000000002,0
852,COCCOCCCC(=O)Nc1nc2ccc(cc2s1)N,C20552283,0,309.3910000000001,2.2602,0
853,COCCNC(=O)COc1ccccc1c2csc(n2)N,C20331723,0,307.37500000000006,1.5336999999999992,0
854,CC(C)[C@@H](C(=O)OC)NS(=O)(=O)Cc1ccc(cc1)N,C35345996,0,300.38000000000005,0.8858000000000001,0
855,CCCCS(=O)(=O)NCc1ccc(s1)S(=O)(=O)N,C37467421,0,312.43800000000005,0.6150000000000004,0
856,COCCCOCC(=O)Nc1nc2ccc(cc2s1)N,C37746838,0,295.36400000000003,1.8700999999999997,0
857,CCc1cccc(c1NC(=O)NCCCNS(=O)(=O)C)C,C43156173,0,313.42300000000006,1.6182200000000002,0
858,CCS(=O)(=O)c1ccccc1NCCCS(=O)(=O)N,C45084295,0,306.40900000000005,0.5707000000000001,0
859,CS(=O)(=O)NCCCNC(=O)NCCSc1ccccc1,C45138686,0,331.463,1.0171999999999994,0
860,c1ccc(cc1)[C@@H](C(=O)N)OC(=O)CCNC(=O)c2ccsc2,C45730685,0,332.381,1.6377999999999997,0
861,c1ccc(cc1)[C@H](C(=O)N)OC(=O)CCNC(=O)c2ccsc2,C45730687,0,332.381,1.6377999999999997,0
862,COC(=O)C1(CCCCC1)NC(=O)CCSCC(=O)N,C48809782,0,302.3960000000001,0.5871000000000005,0
863,CC[C@H](C(=O)Nc1nc(c(s1)SCC(=O)N)C)OCC,C48965742,0,317.4360000000001,1.78252,0
864,CN(CCCN)S(=O)(=O)Nc1ccccc1OC(F)F,C49061351,0,309.338,1.2253,0
865,COCCNC(=O)NNC(=O)CSc1ccc(cc1)F,C49144025,0,301.343,0.8945999999999996,0
866,CCn1cc(cc1C(=O)OCC(=O)NCC(F)(F)F)N,C49310380,0,293.24499999999995,0.9255,0
867,COCc1nc(cs1)C(=O)NNC(=S)NCC(F)(F)F,C49496824,0,328.34100000000007,0.9606999999999999,0
868,Cc1c(c(on1)C)CC(=O)NNC(=S)NCC(F)(F)F,C49519359,0,310.301,0.8915399999999998,0
869,c1ccc(c(c1)CNC(=O)CCCNC(=O)c2ccco2)CO,C50004405,0,316.357,1.5982999999999998,0
870,CCSc1ccc(cn1)NC(=O)NCCC(=O)NCC#C,C50060201,0,306.391,1.4546,0
871,CC(C)NS(=O)(=O)c1ccc(cc1)NCCOCCO,C52925501,0,302.3960000000001,0.7940999999999996,0
872,c1cc(ccc1NCCOCCO)S(=O)(=O)NC2CC2,C52925505,0,300.38000000000005,0.5480999999999997,0
873,C1CCC(C1)NC(=O)CCNC(=O)CCCNC(=O)C2CC2,C53325246,0,309.4100000000001,0.8579000000000001,0
874,CCCNc1c(cccc1F)C(=O)NCCNS(=O)(=O)C,C54207744,0,317.386,0.9266,0
875,CCC(=C1C(=O)NC(=S)NC1=O)NCCCOCC(C)C,C54506083,0,313.42300000000006,0.8336999999999999,0
876,c1cc(oc1)COCCCNC(=O)Cc2csc(n2)N,C55272980,0,295.36400000000003,1.5838999999999999,0
877,c1cc(ccc1CC(=O)NCCS(=O)(=O)N)OC(F)(F)F,C56863156,0,326.29599999999994,0.5323999999999993,0
878,c1cc(c(=O)n(c1)CCCOc2ccc(cc2)N)OCCCO,C57878949,0,318.3730000000001,1.6607999999999996,0
879,c1ccc(c(c1)C(=O)NCCNC(=O)NCCc2cccnc2)F,C58313492,0,330.36299999999994,1.4923999999999993,0
880,COCCNC(=O)CCNC(=O)NCCc1ccccc1F,C54738510,0,311.35699999999997,0.8201000000000006,0
881,CCS(=O)(=O)NCCNC(=O)NCc1cccc(c1)F,C57888256,0,303.35900000000004,0.5641999999999999,0
882,CCc1ccc(cc1)NC(=O)C(=O)NCCC(=O)NC(C)C,C62026353,0,305.378,1.2183999999999997,0
883,CCCNS(=O)(=O)NCCc1cc2ccccc2[nH]c1=O,C62222223,0,309.391,0.9045999999999996,0
884,CCc1cccc(c1NC(=O)CO/N=C(\CCOC)/N)C,C63508897,0,293.36699999999996,1.8212199999999998,0
885,CN(C)c1ccc(cc1F)CNC(=O)NCCC(=O)NCC#C,C64643493,0,320.368,0.8304000000000002,0
886,C#CCNC(=O)CCNC(=O)NCc1ccccc1OC(F)F,C64643579,0,325.31500000000005,1.2267,0
887,C[C@@H](Cc1cccs1)NC(=O)NCCC(=O)NCCOC,C65530026,0,313.4230000000001,1.131,0
888,CC[C@@H](C)NC(=O)CCNC(=O)C(=O)Nc1cccc(c1F)F,C65571047,0,327.331,1.3243,0
889,c1cnn(c1)CCCNC(=O)NC[C@H](c2ccc(c(c2)F)F)O,C49244000,0,324.331,1.5841999999999994,0
890,c1cc(ccc1C(=O)NCCCC(=O)NNC(=O)C2CC2)F,C55110204,0,307.32500000000005,0.8930999999999994,0
891,Cc1csc(n1)CCCCNC(=O)NCCNC(=O)C(C)C,C66120153,0,326.46600000000007,1.8456200000000003,0
892,Cc1csc(n1)CCCCNC(=O)NCC(=O)NC2CC2,C66141901,0,310.42300000000006,1.35202,0
893,CC(C)[C@@H](C(=O)NC1CCC(CC1)C(=O)N)OC[C@@H]2CCCO2,C66634833,0,326.43700000000007,1.3669000000000007,0
894,CCOCC(=O)NNC(=O)NCCc1cc(cc(c1)F)F,C66702232,0,301.29299999999995,0.8742000000000003,0
895,COCCCNC(=O)CCCC[C@H]1[C@@H]2[C@@H](CS1)NC(=O)N2,C67125849,0,315.43899999999996,0.8648999999999998,0
896,COCCCNC(=O)CCCC[C@H]1[C@H]2[C@@H](CS1)NC(=O)N2,C67125851,0,315.43899999999996,0.8648999999999998,0
897,CSCc1ccc(cc1)NC(=O)C(=O)NCC(=O)NC2CC2,C67493171,0,321.40200000000004,0.8828999999999996,0
898,Cc1nc(cs1)COc2ccc(cc2)/C=C/C(=O)NCC(=O)N,C67509097,0,331.3970000000001,1.6452199999999995,0
899,COCCNC(=O)CNC(=O)N[C@H]1C[C@@H]1c2cccc(c2)F,C67566854,0,309.341,0.7434000000000006,0
900,O=C(O)COc1ccccc1/C=N/NC(=O)c1ccc(NS(=O)(=O)c2cccs2)cc1,C06141926,0,459.5050000000001,2.776200000000001,0
901,COc1ccc(/C=C(\NC(=O)c2ccc(Br)cc2)C(=O)N[C@H](C(=O)O)C(C)C)cc1,C02917977,0,475.3390000000001,3.4540000000000015,0
902,O=C(O)CCCNC(=O)/C(=C/c1ccc2c(c1)OCO2)NC(=O)c1ccccc1Br,C09331195,0,475.2950000000002,2.9297000000000004,0
903,Cc1ccc(-c2coc3cc4oc(=O)c(CC(=O)NCC(=O)N[C@@H](C(=O)O)C(C)C)c(C)c4cc23)cc1,C11865446,0,504.53900000000027,3.7071400000000017,0
904,O=C(O)Cn1c(SCC(=O)NC(=O)Nc2ccccc2)nnc1-c1ccc(Cl)cc1,C13019470,0,445.88800000000015,3.1235000000000017,0
905,CS(=O)(=O)Nc1ccc(-c2csc(NS(=O)(=O)c3ccc(/C=C/C(=O)O)cc3)n2)cc1,C13032366,0,479.5610000000002,3.0802000000000014,0
906,O=C(O)CCn1c(SCC(=O)NC(=O)Nc2ccccc2F)nnc1-c1cccs1,C13193205,0,449.4890000000001,3.0608000000000013,0
907,CC(C)CCNC(=O)NC(=O)CSc1nnc(-c2ccc(Cl)cc2)n1CC(=O)O,C13204127,0,439.9250000000001,2.6471,0
908,CCNC(=O)NC(=O)[C@H](Sc1nnc(-c2ccc(Cl)cc2)n1CC(=O)O)c1ccccc1,C13204396,0,473.9420000000001,3.3622000000000014,0
909,Cc1cccc(-c2nnc(SCC(=O)NC(=O)N[C@H]3CCCC[C@@H]3C)n2CC(=O)O)c1,C13206126,0,445.5450000000003,2.834720000000001,0
910,Cc1cccc(-c2nnc(SCC(=O)NC(=O)N[C@@H]3CCCC[C@@H]3C)n2CC(=O)O)c1,C13206131,0,445.5450000000003,2.834720000000001,0
911,CC(C)CCNC(=O)NC(=O)CSc1nc2cc(Cl)ccc2c(=O)n1CCC(=O)O,C13207047,0,454.9360000000002,2.4886,0
912,O=C(CSc1ncc(C(=O)O)n1-c1ccc(F)cc1)NCCc1c[nH]c2ccccc12,C13218834,0,438.48400000000015,3.6419000000000015,0
913,Cc1cccc(NC(=O)NC(=O)CSc2nnc(-c3cccs3)n2[C@@H](C)C(=O)O)c1C,C13237520,0,459.55300000000017,3.7094400000000016,0
914,Cc1ccc(NC(=O)NC(=O)CSc2nnc(-c3cccs3)n2[C@@H](C)C(=O)O)cc1C,C13237523,0,459.55300000000017,3.7094400000000025,0
915,Cc1ccc(NC(=O)NC(=O)CSc2nc3ccccc3c(=O)n2CCC(=O)O)cc1C,C13237668,0,454.50800000000027,2.928440000000001,0
916,C[C@@](CC(=O)Nc1cccc(S(=O)(=O)/N=C2\CCCCCN2)c1)(C(=O)O)c1ccccc1,C13251354,0,457.55200000000025,3.3085000000000013,0
917,O=C(O)/C=C/c1ccc(S(=O)(=O)Nc2ccccc2C(=O)NCc2ccco2)cc1,C13346771,0,426.45000000000016,3.108200000000001,0
918,O=C(COc1ccccc1-c1ccccc1)NNS(=O)(=O)c1ccc(F)c(C(=O)O)c1,C13362519,0,444.44000000000017,2.5793999999999997,0
919,Cc1nc(SCC(=O)Nc2ccccc2SC(F)F)[nH]c(=O)c1CCC(=O)O,C13407831,0,429.4700000000002,3.14102,0
920,O=C(COc1cc(C(F)(F)F)cc(C(F)(F)F)c1)N[C@@H](Cc1c[nH]c2ccccc12)C(=O)O,C13411444,0,474.35700000000014,4.3964000000000025,0
921,CC[C@H](C)[C@H](NC(=O)CNC(=O)Cc1c(C)c2cc3c4c(oc3c(C)c2oc1=O)CCCC4)C(=O)O,C15956242,0,496.56000000000046,3.3090400000000013,0
922,CC(=O)[C@]1(O)CC[C@@H]2[C@@H]3CCC4=C/C(=N/OCC(=O)NCCCCC(=O)O)CC[C@@]4(C)[C@@H]3CC[C@@]21C,C15956807,0,502.65200000000044,4.013000000000002,0
923,CC(=O)[C@]1(O)CC[C@H]2[C@@H]3CCC4=C/C(=N/OCC(=O)N[C@H](C(=O)O)C(C)C)CC[C@@]4(C)[C@@H]3CC[C@@]21C,C15957809,0,502.6520000000003,3.867300000000002,0
924,Cc1cc(C)nc(NS(=O)(=O)c2ccc(NC(=S)NC(=O)c3ccc(C)c(C)c3)cc2)n1,C20496850,0,469.5920000000002,3.637880000000002,0
925,Cc1ccc(CNc2nc3nc(C)c(CCC(=O)Nc4ccccn4)c(O)n3n2)cc1,C21804286,0,417.47300000000007,3.0251400000000013,0
926,O=C(COc1ccc(Br)cc1)NCCCNC(=O)c1nc(O)c2ccccc2n1,C22471001,0,459.3000000000002,2.4130000000000003,0
927,C=CCn1c(S)nnc1-c1sc(NC(=O)c2cc(C)c(C)c(S(=O)(=O)NC)c2)nc1C,C22972818,0,478.6250000000002,2.9619600000000013,0
928,O=C(NNC(=O)c1cccc(S(=O)(=O)Nc2ccccc2Cl)c1)c1ccc(-n2ccnc2)cc1,C24977010,0,495.9480000000001,3.4013000000000018,0
929,CCNC(=O)[C@@H](C)NC(=O)c1cc2ccccc2cc1NS(=O)(=O)c1cccs1,C25177162,0,431.5390000000001,2.9565,0
930,O=C(NCCNC(=O)c1cccc(S(=O)(=O)Nc2cccc(C(F)(F)F)c2)c1)c1cccnc1,C32365979,0,492.47900000000016,3.061000000000001,0
931,CNC(=O)NC(=O)[C@@H](C)OC(=O)c1ccc(Cl)c(S(=O)(=O)Nc2ccc(F)cc2)c1,C03343504,0,457.8670000000001,2.2807999999999993,0
932,C[C@@H]1c2cc3c4c(oc3cc2OC(=O)[C@@H]1CCC(=O)N[C@H](Cc1c[nH]c2ccccc12)C(=O)O)CCCC4,C38773980,0,514.5780000000002,5.023900000000003,0
933,CCc1nc(SCC(=O)N[C@@H]2NC(C(=O)OCC(C)C)=C(C)S2)[nH]c(=O)c1C#N,C38789737,0,437.5470000000002,1.4629799999999993,0
934,C=CCn1c(S)nnc1CC1=N[C@H](NC(=O)c2cccc(NC(=O)c3cccs3)c2)SC1,C38798777,0,484.6320000000001,3.510500000000002,0
935,CCOc1ccc(-c2nnc(S)n2CC(=O)NNC(=O)c2cn(C)c3ccccc23)cc1,C10736811,0,450.52400000000017,2.585400000000001,0
936,COc1cc([C@@H](C2=C(C)N=N[C@@H]2O)c2c(C)n[nH]c2O)ccc1OC(=O)c1ccccc1F,C39709599,0,452.4420000000002,3.9807200000000025,0
937,C[C@H]1CCC[C@H](C)N1S(=O)(=O)c1ccc(NC(=S)Nc2cccc(-c3nnn[nH]3)c2)cc1,C39970794,0,471.6120000000001,3.627200000000001,0
938,CCOc1ccc(C(=O)C2=C(O)C(=O)N(CCO)[C@@H]2c2cc(Br)c(O)c(OC)c2)c(C)c1,C40081601,0,506.34900000000016,3.4410200000000017,0
939,Cc1cc(OCC(C)C)ccc1C(=O)C1=C(O)C(=O)N(CCOCCO)[C@H]1c1ccc(O)cc1,C40084670,0,469.5340000000003,3.3226200000000015,0
940,CC(C)Cn1c(SCC(=O)N[C@H](Cc2c[nH]c3ccccc23)C(=O)O)nnc1-c1ccccc1F,C13254053,0,495.58000000000015,4.125700000000002,0
941,O=C(NCCCNc1ccc(C(F)(F)F)cn1)c1ccc(S(=O)(=O)Nc2ccncc2)cc1,C46815706,0,479.48400000000015,3.528200000000002,0
942,CSCC[C@H](NC(=O)CO/N=C1/C=C2CC[C@@H]3[C@@H](CC[C@@]4(C)[C@@H]3CC[C@]4(C)O)[C@@]2(C)CC1)C(=O)O,C51347577,0,506.7090000000004,4.395300000000003,0
943,O=C(C[C@H]1C[C@H]2CC[C@@H]1C2)NNC(=O)c1ccccc1NS(=O)(=O)c1cccs1,C14805294,0,433.5550000000001,3.1362000000000014,0
944,Cc1cc(NS(=O)(=O)c2ccc(NC(=O)NC(C)(C(F)(F)F)C(F)(F)F)cc2)nc(C)n1,C33719705,0,485.4100000000001,3.899040000000001,0
945,C[C@H](NC(=O)c1cccc(NC(=O)OC(C)(C)C)c1)c1ccccc1NS(C)(=O)=O,C59266497,0,433.5300000000001,3.8961000000000023,0
946,O=C(O)/C=C/c1ccc(S(=O)(=O)Nc2cccc(S(=O)(=O)/N=C3/CCCCCN3)c2)cc1,C13347060,0,477.5640000000003,2.836000000000001,0
947,Cc1nc2nc(NCc3cccs3)nn2c(O)c1CCC(=O)Nc1ccccc1F,C21804367,0,426.4770000000002,3.5223200000000014,0
948,COc1nccnc1NS(=O)(=O)c1ccc(NC(=S)NC(=O)c2ccccc2C)cc1,C66200581,0,457.53700000000015,2.7212200000000006,0
949,COc1cc(NS(=O)(=O)c2ccc(NC(=S)NC(=O)c3ccc(Cl)cc3)cc2)ncn1,C66200637,0,477.95500000000015,3.066200000000001,0
950,COc1ccc(/C=C(\NC(=O)c2ccccc2Br)C(=O)N[C@H](C(=O)O)C(C)C)cc1,C02899003,0,475.3390000000001,3.4540000000000015,0
951,O=C(O)CCCNC(=O)/C(=C/c1ccc2c(c1)OCO2)NC(=O)c1cccc(Br)c1,C08720986,0,475.2950000000002,2.9297000000000004,0
952,CC(=O)[C@@]1(O)CC[C@@H]2[C@@H]3CCC4=C/C(=N/OCC(=O)N[C@H](C(=O)O)C(C)C)CC[C@@]4(C)[C@@H]3CC[C@]21C,C08771649,0,502.6520000000003,3.867300000000002,0
953,Cc1oc2c(C)c3oc(=O)c(CCC(=O)N[C@@H](Cc4c[nH]c5ccccc45)C(=O)O)c(C)c3cc2c1C,C02155389,0,500.5510000000002,4.998880000000003,0
954,O=C(O)CCCNC(=O)/C(=C\c1ccc2c(c1)OCO2)NC(=O)c1ccc(Br)o1,C08926227,0,465.2560000000002,2.5226999999999995,0
955,CC(C)(C)NC(=O)NC(=O)CSc1nnc(-c2ccc(Cl)cc2)n1CC(=O)O,C13203967,0,425.8980000000001,2.3994999999999997,0
956,Nn1c(COc2cccc(Br)c2)nnc1SCC(=O)N1CCC(C(=O)O)CC1,C13218920,0,470.34900000000033,1.7487,0
957,Cc1c(Cl)cccc1NC(=O)CNC(=O)CSc1nc2ccccc2c(=O)n1CC(=O)O,C13223272,0,474.9260000000002,2.2899199999999995,0
958,CCc1cc(C(=O)NNC(=O)CSc2nnc(-c3cccs3)n2[C@@H](C)C(=O)O)sc1C,C13232931,0,479.60900000000015,3.1378200000000005,0
959,NC(=O)c1ccc(CSc2ncc(C(=O)O)n2-c2ccc(F)cc2)c([N+](=O)[O-])c1,C13243675,0,416.3900000000001,3.0090000000000012,0
960,O=C(C[C@H](C(=O)O)c1ccccc1)Nc1cccc(S(=O)(=O)/N=C2\CCCCCN2)c1,C13251370,0,443.5250000000003,3.134400000000001,0
961,C=CCNC(=O)c1ccccc1NS(=O)(=O)c1ccc(Br)c(C(=O)O)c1,C13262221,0,439.2870000000001,2.8639,0
962,COC(=O)[C@@H](Cc1c[nH]c2ccccc12)NS(=O)(=O)c1ccc(/C=C/C(=O)O)cc1,C13307461,0,428.4660000000002,2.3283000000000005,0
963,COc1ccc(/C=C/C(=O)O)cc1S(=O)(=O)NNC(=O)c1ccccc1Br,C13367013,0,455.28600000000006,2.1788,0
964,COc1ccc(Cl)cc1C(=O)NNS(=O)(=O)c1cc(/C=C/C(=O)O)ccc1OC,C13367796,0,440.8610000000002,2.0783,0
965,O=C(O)Cc1ccc(OCC(=O)Nc2cccc(S(=O)(=O)/N=C3\CCCCCN3)c2)cc1,C13420955,0,459.5240000000003,2.5820000000000007,0
966,CC[C@@H](C)[C@@H](NC(=O)CNC(=O)Cc1c(C)c2cc3c4c(oc3c(C)c2oc1=O)CCCC4)C(=O)O,C15956241,0,496.56000000000046,3.3090400000000013,0
967,CCOC(=O)C1=C(O)NC(SCC(=O)Nc2c(C)cccc2C)=C(C#N)[C@@H]1c1ccccc1OCC,C20025993,0,507.61200000000025,4.828720000000005,0
968,COc1ccc(CC(=O)NNC(=O)c2ccccc2NS(=O)(=O)c2cccs2)cc1OC,C22259595,0,475.5480000000002,2.5698000000000008,0
969,CC(C)C(=O)NCCNC(=O)c1ccc(Cl)c(NS(=O)(=O)c2ccc(F)cc2)c1,C22384408,0,441.9120000000001,2.7819000000000003,0
970,O=C(COc1ccc2ccccc2c1)NCCCNC(=O)c1nc(O)c2ccccc2n1,C22471029,0,430.4640000000001,2.8037,0
971,Cc1csc(=O)n1CCC(=O)NNC(=O)c1cccc(S(=O)(=O)Nc2ccccc2Cl)c1,C24177020,0,494.9820000000001,2.52372,0
972,Cc1nc(SC(F)F)nc(O)c1CCC(=O)N(C)[C@H](C)c1ccc(S(N)(=O)=O)cc1,C25576972,0,460.52800000000013,2.60492,0
973,O=C(Cc1csc(-c2ccccc2Cl)n1)N[C@@H](Cc1c[nH]c2ccccc12)C(=O)O,C32102312,0,439.9240000000002,4.299400000000001,0
974,COC(=O)c1c(C)[nH]c(C(=O)Nc2ccccc2NS(=O)(=O)c2cccs2)c1C,C32814722,0,433.51100000000014,3.532740000000002,0
975,COc1cc(/C=C/C(=O)O)cc(S(=O)(=O)Nc2cccc(-c3n[nH]c4c3CCC4)c2)c1OC,C32933535,0,469.5190000000003,3.481200000000002,0
976,COc1ccc2c(CCNC(=O)[C@@H](C)Sc3nc(Cl)nc4nc[nH]c34)c[nH]c2c1,C13571254,0,430.9210000000001,3.335700000000001,0
977,C=CCn1c(S)nnc1CC1=N[C@@H](NC(=O)c2ccc(NC(=O)c3cccs3)cc2)SC1,C38798770,0,484.6320000000001,3.510500000000002,0
978,C=CCn1c(S)nnc1CC1=N[C@@H](NC(=O)c2ccc(NC(=O)c3ccccc3)cc2)SC1,C38798901,0,478.6030000000001,3.4490000000000016,0
979,CC(=O)[C@]1(O)CC[C@H]2[C@H]3CCC4=C/C(=N/OCC(=O)NCCCCC(=O)O)CC[C@]4(C)[C@@H]3CC[C@@]21C,C39546557,0,502.65200000000044,4.013000000000002,0
980,CCCN1C(=O)[C@@H]2C=C(CC)S[C@H]2N=C1SCC(=O)N[C@@H](Cc1c[nH]c2ccccc12)C(=O)O,C39680514,0,500.64600000000024,3.6042000000000014,0
981,CC(C)Cc1nnc(/N=C(O)/C(C#N)=C/c2ccc(-c3ccc(S(N)(=O)=O)cc3)o2)s1,C39998126,0,457.5370000000002,3.8391800000000016,0
982,CCOc1ccc(C(=O)C2=C(O)C(=O)N(CCO)[C@H]2c2cc(Br)c(O)c(OC)c2)c(C)c1,C40081603,0,506.34900000000016,3.4410200000000017,0
983,CCOc1cc([C@@H]2C(C(=O)c3ccc(OCC(C)C)cc3C)=C(O)C(=O)N2CCO)ccc1O,C40084799,0,469.5340000000002,3.7047200000000022,0
984,Cc1ccc(COc2cccc(C(=O)C3=C(O)C(=O)N(CCOCCO)[C@H]3c3cccc(O)c3)c2)cc1,C40109051,0,503.5510000000003,3.8668200000000024,0
985,C#C[C@@]1(O)CC[C@@H]2[C@H]3CCC4=C/C(=N/OCC(=O)N[C@H](C(=O)O)[C@H](C)CC)CC[C@@]4(C)[C@@H]3CC[C@]21C,C43743430,0,498.6640000000004,4.301600000000003,0
986,O=C1NC(=O)[C@@H]2[C@@H]1[C@H](c1ccc(/C=C/c3ccccc3)cc1)N[C@]2(Cc1ccc([N+](=O)[O-])cc1)C(=O)O,C35400337,0,497.50700000000023,3.3644000000000007,0
987,CN(CCOc1ccccc1F)C(=O)c1ccccc1NS(=O)(=O)c1ccc2[nH]c(=O)[nH]c2c1,C45873552,0,484.5090000000001,2.9471000000000007,0
988,Cn1c(SCC(=O)N[C@H](Cc2c[nH]c3ccccc23)C(=O)O)nnc1-c1ccc(Cl)cc1,C13255610,0,469.9540000000002,3.5210000000000017,0
989,O=C(O)CCCCCNC(=O)CCCN1C(=O)/C(=C/c2cc(Br)ccc2O)SC1=S,C15040517,0,515.451,3.8973000000000027,0
990,O=C(O)CCCCCNC(=O)CCCN1C(=O)/C(=C/c2c[nH]c3ccccc23)SC1=S,C15040530,0,459.5930000000001,3.9105000000000016,0
991,CCO/C(O)=C1\C(COC[C@@H](O)CO)=NC(C)=C(C(=O)OC)[C@@H]1c1cccc(Cl)c1Cl,C26467796,0,474.3370000000002,3.1545000000000014,0
992,CSCC[C@H](NC(=O)/C=C/c1ccc(NS(C)(=O)=O)cc1)c1nc2ccccc2[nH]1,C36710218,0,444.58200000000016,3.558200000000001,0
993,O=C(CCCN1C(=O)/C(=C/c2ccc(F)cc2)SC1=S)Nc1ccc(O)cc1C(=O)O,C54360703,0,460.50800000000015,3.8496000000000024,0
994,CN(CCCCCc1cc(-c2ccc(F)cc2)n[nH]1)C(=O)c1cnc2nc(O)[nH]c(=O)c2c1,C58332070,0,450.47400000000016,3.0379000000000005,0
995,COc1ccc(S(=O)(=O)Nc2ccccc2OC(F)(F)F)cc1[C@@]1(C)NC(=O)NC1=O,C58912130,0,459.40200000000016,2.4491999999999994,0
996,CCCC(=O)Nc1cccc(C(=O)Nc2ccc(S(=O)(=O)Nc3nccc(C)n3)cc2)c1,C59239017,0,453.5240000000001,3.5767200000000017,0
997,COc1cc(NC(=O)[C@H](C)NC(=O)c2cccc(Cl)c2Cl)ccc1NS(C)(=O)=O,C59403048,0,460.33900000000017,3.1305000000000014,0
998,C[C@@H](NC(=O)c1ccccc1NC(=O)c1ccccc1)c1cccc(NS(C)(=O)=O)c1,C59404311,0,437.52100000000013,3.801400000000002,0
999,COCCCn1c(S)nc2cc(C(=O)Nc3ccc4nc(C5CCC5)[nH]c4c3)ccc2c1=O,C60331835,0,463.56300000000033,4.117800000000003,0
1000,COc1ccc(/C=C2\SC(=S)N(CCCC(=O)Nc3ccc(O)c(C(=O)O)c3)C2=O)cc1OC,C08819513,0,502.5700000000002,3.7277000000000013,0
1001,CC(=O)[C@@H]1CC[C@@H]2[C@@H]3CCC4=C/C(=N\OCC(=O)NCC(C)(C)[C@@H](O)C(=O)O)CC[C@@]4(C)[C@@H]3CC[C@@]21C,C12296649,0,516.6790000000003,4.114900000000002,0
1002,CC(=O)[C@@H]1CC[C@H]2[C@@H]3CCC4=C/C(=N\OCC(=O)NCC(C)(C)[C@@H](O)C(=O)O)CC[C@@]4(C)[C@@H]3CC[C@]12C,C12296651,0,516.6790000000003,4.114900000000002,0
1003,CC(C)[C@@H](NC(=O)/C(=C/c1ccc([N+](=O)[O-])cc1)NC(=O)c1ccc(Br)o1)C(=O)O,C02821414,0,480.27100000000013,2.9466,0
1004,Cc1c(Cl)cccc1NC(=O)CNC(=O)CSc1nnc(-c2cccs2)n1CCC(=O)O,C13193346,0,493.9980000000002,3.290120000000001,0
1005,CCOc1ccc(-c2nnc(SCC(=O)NC(=O)N[C@H]3CCC[C@@H](C)[C@@H]3C)n2CC(=O)O)cc1,C13195818,0,489.5980000000003,3.171000000000001,0
1006,Cc1cc(C)c(NC(=O)CNC(=O)CSc2nc3nc(C)c(CCC(=O)O)c(C)n3n2)c(C)c1,C13210538,0,484.58200000000033,2.5306000000000006,0
1007,O=C(NCCOc1c(Cl)cccc1Cl)N[C@@H](Cc1c[nH]c2ccccc12)C(=O)O,C13235179,0,436.2950000000002,3.848600000000001,0
1008,O=C(NCCOc1ccc(Br)cc1)N[C@H](Cc1c[nH]c2ccccc12)C(=O)O,C13236978,0,446.30100000000016,3.3043000000000013,0
1009,COc1ccc(-c2nnc(SCC(=O)NC(=O)NCc3cccs3)n2CC(=O)O)cc1,C13237221,0,461.52500000000015,2.2179,0
1010,NC(=O)c1ccc(CSc2nnc(-c3ccc(Cl)cc3)n2CC(=O)O)c([N+](=O)[O-])c1,C13244808,0,447.8600000000002,2.9825,0
1011,Cc1nc2nc(SCC(=O)N(CCC(N)=O)c3ccccc3Cl)nn2c(C)c1CC(=O)O,C13245512,0,476.9460000000002,2.02234,0
1012,Cc1nc(S[C@H](C)C(=O)Nc2ccc(OC(F)(F)F)cc2)[nH]c(=O)c1CCC(=O)O,C13449800,0,445.4190000000002,3.1134200000000005,0
1013,COc1cc(/C=C/C(=O)O)cc(S(=O)(=O)Oc2ccc(C3=CCN(C(N)=O)CC3)cc2)c1OC,C13455367,0,488.51800000000037,2.7371000000000008,0
1014,CC[C@H](C)[C@H](NC(=O)CNC(=O)CCc1c(C)c2cc3c4c(oc3cc2oc1=O)CCCC4)C(=O)O,C15958637,0,496.5600000000004,3.390720000000001,0
1015,C/C(O)=N/S(=O)(=O)c1ccc(NC(=S)NC(=O)/C=C/c2ccc([N+](=O)[O-])cc2)cc1,C09229622,0,448.4820000000002,2.7863000000000016,0
1016,O=C(Nc1ccc(S(=O)(=O)Nc2ncccn2)cc1)c1ccc(NS(=O)(=O)c2ccccc2)cc1,C22513718,0,509.5690000000002,3.3305000000000016,0
1017,O=C(CSc1nc(O)cc(CC(=O)NC2CC2)n1)Nc1ccc(OC(F)(F)F)cc1,C23145237,0,442.41900000000004,2.6327000000000007,0
1018,CCOc1ccc(-c2nnc(S)n2CC(=O)NN2C(=O)N[C@@](CC)(c3ccccc3)C2=O)cc1,C24641495,0,480.55000000000024,2.521,0
1019,CCOC(=O)c1cc2cc(C(=O)Nc3ccc(S(=O)(=O)Nc4ncccn4)cc3)ccc2[nH]1,C24749950,0,465.4910000000001,3.1877000000000013,0
1020,Cc1nc(SC(F)F)nc(O)c1CCC(=O)Nc1ccc(F)c(NS(C)(=O)=O)c1,C25670834,0,450.46400000000006,2.88722,0
1021,COC(=O)c1ccccc1/N=N/C(=N\Nc1cc(S(=O)(=O)O)ccc1O)c1ccccc1,C27904369,0,454.4640000000001,3.983100000000002,0
1022,O=C(Nc1ccc(C[C@H](Nc2ncccc2[N+](=O)[O-])C(=O)O)cc1)c1c(Cl)cncc1Cl,C13442607,0,476.2760000000002,4.051700000000002,0
1023,COCCCNC(=O)c1c(NC(=O)Cc2c(C)nc3c(C#N)cnn3c2O)sc2c1CCCC2,C32932232,0,482.5660000000003,2.5028000000000006,0
1024,CCCCC(=O)N[C@]1(C(F)(F)F)C(=O)N=C2C1=C(O)NC(=O)N2CCc1ccc(OC)c(OC)c1,C01900390,0,498.45800000000025,2.587300000000001,0
1025,COc1ccc(C(=O)N/C(=C\c2ccc([N+](=O)[O-])cc2)C(=O)N[C@H](CCSC)C(=O)O)cc1,C13523630,0,473.50700000000023,2.6968000000000005,0
1026,CCOC(=O)[C@](NC(=O)CC)(Nc1ccc(S(=O)(=O)Nc2onc(C)c2C)cc1)C(F)(F)F,C01645396,0,492.47600000000017,2.8520400000000006,0
1027,CCOC(=O)[C@](NC(=O)CC)(Nc1ccc(S(=O)(=O)Nc2cc(C)on2)cc1)C(F)(F)F,C04001717,0,478.4490000000001,2.5436199999999998,0
1028,O=C(O)CCC(=O)NCCC1=c2ccccc2=N[C@H]1/C=C1\C(=O)N(Cc2ccc(F)cc2)C(=S)N=C1O,C38690380,0,522.5580000000002,1.5595000000000003,0
1029,C[C@]12CC[C@@H]3[C@H](CCC4=C/C(=N/OCC(=O)NCCCCC(=O)O)CC[C@@]43C)[C@@H]1CC[C@@H]2O,C39546553,0,460.6150000000004,4.053800000000003,0
1030,O=C(O)c1cc(S(=O)(=O)NCCNc2ncc(C(F)(F)F)cc2Cl)ccc1Cl,C13184403,0,458.2450000000001,3.495800000000002,0
1031,CCSc1nnc(N2C(=O)C(O)=C(C(=O)c3ccco3)[C@@H]2c2ccc(OCC(N)=O)cc2)s1,C39999565,0,486.53100000000023,2.8901000000000003,0
1032,O=C(C1=C(O)C(=O)N(CCCO)[C@@H]1c1cccc(O)c1)c1ccc(OCc2ccc(F)cc2)cc1,C40055328,0,477.48800000000017,4.071000000000003,0
1033,COc1cc([C@@H]2C(C(=O)c3ccc(C)o3)=C(O)C(=O)N2CCOCCO)cc(Br)c1O,C40075484,0,496.31000000000023,2.651920000000002,0
1034,CCCOc1ccc(C(=O)C2=C(O)C(=O)N(CCO)[C@H]2c2cc(Br)c(O)c(OC)c2)c(C)c1,C40082405,0,520.3760000000002,3.831120000000002,0
1035,Cc1cc(NS(=O)(=O)c2ccc(NC(=O)CCNS(=O)(=O)c3ccc(C)c(C)c3)cc2)nc(C)n1,C41105292,0,517.6330000000002,2.818180000000001,0
1036,CCCCN/C(O)=N/S(=O)(=O)c1ccc(NC(=O)c2cc(=O)c3ccccc3o2)cc1,C41105372,0,443.4810000000002,3.037700000000002,0
1037,C[C@@]12CC[C@H]3[C@H](CCC4=C/C(=N\OCC(=O)NC[C@@H](CC(=O)O)c5ccccc5)CC[C@]43C)[C@@H]1CC[C@@H]2O,C43746950,0,522.6860000000004,5.057400000000006,0
1038,Cc1cccc(Nc2nnc(SCC(=O)N[C@@H](Cc3c[nH]c4ccccc34)C(=O)O)s2)c1,C13415180,0,467.5760000000002,3.975620000000001,0
1039,Cc1ccc(-c2nnc(SCC(=O)NCCc3c[nH]c4ccccc34)n2CC(=O)O)cc1,C13220698,0,449.5360000000001,3.2704200000000005,0
1040,CC[C@@H](C)/C=C(C)/C=C/C1=CC2=C(Cl)C(=O)[C@@](C)(OC(C)=O)C(=O)C2=CN1[C@@H](CCC(=O)O)C(N)=O,C49181426,0,518.9940000000004,3.303600000000001,0
1041,CCOc1cc(/C=C2\NC(=O)N(CC(=O)Nc3cccc(C)c3)C2=O)cc(Cl)c1OCC(=O)O,C34106466,0,487.89600000000024,3.041920000000001,0
1042,CC(C)Oc1ccc(NS(=O)(=O)CC(=O)NCCNc2ccccc2[N+](=O)[O-])cc1,C59362896,0,436.4900000000002,2.3519999999999994,0
1043,Cc1oncc1C(=O)Nc1cccc(NS(=O)(=O)c2ccc(OCC(=O)O)c(Cl)c2)c1,C60318285,0,465.8710000000002,3.152920000000001,0
1044,Cc1cc(nc(n1)N/C(=N/C(=O)CSc2nccn2C)/[N-]CCc3c[nH]c4c3cc(cc4)OC)C,C18077321,0,491.6010000000003,4.0200400000000025,-1
1045,COC(=O)c1cc(CNC(=O)c2ncc(C)[nH]2)cc(NS(=O)(=O)c2cccc(C(F)(F)F)c2)c1,C12098685,0,496.46700000000016,3.2543200000000017,0
1046,CCOc1cc([C@H]2CC(=O)Nc3c2sc(C(=O)O)c3-c2ccc(C)cc2)ccc1OCC(N)=O,C64796099,0,480.54200000000026,4.158620000000002,0
1047,COc1nccnc1NS(=O)(=O)c1ccc(NC(=S)NC(=O)c2cccc(OC(C)C)c2)cc1,C66200619,0,501.5900000000002,3.200000000000002,0
1048,COc1nccnc1NS(=O)(=O)c1ccc(NC(=S)NC(=O)/C=C/c2cccc3ccccc23)cc1,C66200625,0,519.6080000000002,3.965600000000002,0
1049,CCCOc1ccc(C(=O)NC(=S)Nc2ccc(S(=O)(=O)Nc3cc(OC)ncn3)cc2)cc1,C66200672,0,501.5900000000002,3.2016000000000018,0
1050,CC[C@@H](C)[C@H](NC(=O)Cc1c(C)c2ccc(O)c(C)c2oc1=O)C(=O)O,C02158148,0,361.3940000000001,2.27344,0
1051,O=C(O)[C@H](Cc1c[nH]c2ccccc12)NS(=O)(=O)c1ccc2c(c1)CCC2,C13027218,0,384.4570000000003,2.6308000000000007,0
1052,Cc1nc2nc(SCC(=O)NC(=O)NC(C)(C)C)nn2c(C)c1CC(=O)O,C13221881,0,394.4570000000002,1.0846399999999992,0
1053,O=C(CC1(C(=O)O)CCCCC1)NNC(=O)c1cccc(S(=O)(=O)N2CCCC2)c1,C13254712,0,437.51800000000026,1.6572999999999996,0
1054,CON(C)S(=O)(=O)c1cccc(C(=O)N[C@@H](Cc2c[nH]c3ccccc23)C(=O)O)c1,C13260056,0,431.47000000000014,1.775499999999999,0
1055,CSCC[C@@H](NC(=O)[C@@H](NC(=O)N1CCn2c1nc1ccccc12)C(C)C)C(=O)O,C13591863,0,433.53400000000016,1.912999999999999,0
1056,COCCCN1C(=O)NC(=O)/C(=C\NC[C@H](CC(=O)O)c2ccc(Cl)cc2)C1=O,C20623759,0,423.8530000000001,1.4867000000000006,0
1057,O=C(CN1Cc2ccccc2C1=O)N[C@@H](Cc1c[nH]c2ccccc12)C(=O)O,C20761909,0,377.4000000000001,1.9358,0
1058,COC(=O)CCC(=O)NNC(=O)c1c(O)n(C)c2ccccc2c1=O,C06505131,0,347.3270000000001,-0.041700000000000736,0
1059,CC[C@@H](C)[C@@H](NC(=O)Cc1c(C)c2ccc(O)c(C)c2oc1=O)C(=O)O,C26772268,0,361.3940000000001,2.27344,0
1060,C[C@H](NC(=O)c1csc(Nc2cccc(C(F)(F)F)c2)n1)C(=O)O,C35841589,0,359.32900000000006,3.1084000000000005,0
1061,O=C(CN1Cc2ccccc2C1=O)N[C@H](Cc1c[nH]c2ccccc12)C(=O)O,C36575512,0,377.4000000000001,1.9358,0
1062,NS(=O)(=O)c1ccc(Cl)c(NS(=O)(=O)CCCCl)c1,C37843406,0,347.2450000000001,1.358,0
1063,C[C@@H](NC(=O)/C(=C/c1cccc([N+](=O)[O-])c1)NC(=O)c1ccco1)C(=O)O,C02948510,0,373.32100000000014,1.548,0
1064,O=C(O)CNC(=O)[C@H](Cc1c[nH]c2ccccc12)N1C(=O)N=C2C=CC=C[C@H]2C1=O,C38564669,0,406.39800000000014,1.4252,0
1065,C=CCn1c(S)nnc1CC1=N[C@@H](NC(=O)CCCNC(=O)c2ccco2)SC1,C38798762,0,434.5470000000002,1.6861,0
1066,O=C(CS[C@H]1N=Nc2nc3ccccc3n21)N[C@H](Cc1c[nH]c2ccccc12)C(=O)O,C39680308,0,434.4810000000002,3.6163000000000007,0
1067,Cc1cccc(/C=C2\SC(=S)N([C@@H](CCC(N)=O)C(=O)O)C2=O)c1,C39862087,0,364.4480000000001,1.9149199999999997,0
1068,NC(=O)CC[C@@H](C(=O)O)N1C(=O)/C(=C/c2cccc(F)c2)SC1=S,C39862181,0,368.41100000000006,1.7455999999999994,0
1069,Cc1cccn2c(=O)c(/C=C3\SC(=S)N(CC(=O)O)C3=O)c(NC[C@@H](C)O)nc12,C40007790,0,434.4990000000002,1.0814199999999998,0
1070,O=C(C1=C(O)C(=O)N(CCCO)[C@@H]1c1cccc(O)c1)c1cccs1,C40046345,0,359.403,2.4144000000000005,0
1071,CC(C)[C@@H](NS(=O)(=O)c1ccc2c(c1)OCCO2)C(=O)Nc1ncn[nH]1,C40071198,0,381.41400000000004,0.5174999999999997,0
1072,C[C@H](NC(=O)CCCN1C(=O)/C(=C/c2ccccc2O)SC1=S)C(=O)O,C15040715,0,394.4740000000001,1.9629,0
1073,COc1cc(NS(=O)(=O)c2ccc([N+](=O)[O-])cc2)ccc1S(N)(=O)=O,C47880455,0,387.3950000000001,1.0516,0
1074,CNC(=O)N[C@H](C(=CO)[N+](=O)[O-])c1cc(OC)c(OC)c(OC)c1,C48547200,0,341.32000000000005,1.3586000000000003,0
1075,COCCCN/C(O)=C(\C#N)C(=O)CN1C(=O)NC2(CCCC2)C1=O,C49103201,0,350.3750000000002,0.3393800000000007,0
1076,C#CCNC(=O)CNC(=O)c1cc(Cl)ccc1NS(C)(=O)=O,C50663713,0,343.79200000000003,0.19069999999999993,0
1077,CC(C)N/C(O)=C(\C#N)C(=O)CCCNC(=O)c1ccc(F)cc1F,C50983716,0,351.35299999999995,2.3350800000000005,0
1078,C/N=C(/S)[C@]1(c2cccnc2)CCCC/C1=C\C=N\OC[C@H](O)CO,C13589999,0,363.48300000000006,2.1335,0
1079,N#Cc1ccccc1S(=O)(=O)Nc1ccccc1OCCC(N)=O,C55631412,0,345.38000000000017,1.61328,0
1080,CCOc1cc(F)ccc1NS(=O)(=O)c1cc(C(N)=O)n(C)c1,C55631917,0,341.3640000000001,1.4626000000000001,0
1081,COc1ccccc1-c1n[nH]c(/N=C(\O)CNC2=NS(=O)(=O)c3ccccc32)n1,C52778619,0,412.4310000000001,1.807,0
1082,O=C(NCCNC(=O)C1CC1)c1cccc(-n2nc(O)ccc2=O)c1,C61343398,0,342.3550000000001,0.1940999999999991,0
1083,CCOc1ccccc1/C=N/NC(=O)CSc1nnc(O)[nH]c1=O,C13543978,0,349.372,0.5115999999999999,0
1084,Cc1cc(NS(=O)(=O)CCNS(=O)(=O)c2c(C)n[nH]c2C)no1,C41237982,0,363.4210000000001,0.043160000000000365,0
1085,Cc1ccc(S(=O)(=O)/N=C(\O)NCC(=O)Nc2cc(C)on2)cc1,C41427297,0,352.3720000000001,1.1224399999999992,0
1086,Cc1ccc(S(=O)(=O)/N=C(\O)NCCC(=O)Nc2cc(C)on2)cc1,C41427581,0,366.39900000000006,1.5125399999999996,0
1087,CS(=O)(=O)CCS(=O)(=O)Nc1ccc(S(N)(=O)=O)c(Cl)c1,C63143333,0,376.8650000000001,-0.22629999999999967,0
1088,Cc1nnc(O)c(C(=O)NC[C@@H](O)COc2ccc([N+](=O)[O-])cc2)c1C,C63314614,0,362.3420000000001,0.8769399999999999,0
1089,CCCN/C(S)=C(/C(=O)c1ccc2c(c1)CCC(=O)N2)[n+]1cc(O)ccc1C,C63858212,0,398.5080000000001,2.8112200000000005,1
1090,O/C(CC[C@H]1NC(c2cccnc2)=NO1)=N\c1nc(-c2ccccn2)n[nH]1,C63958909,0,364.3690000000001,1.9375999999999995,0
1091,O=C(NCCN1CCS(=O)(=O)CC1)C1=CNN(c2ccc(O)nn2)[C@@H]1C(F)(F)F,C64080294,0,436.41600000000005,-0.8317999999999994,0
1092,CC(C)n1c(=O)[nH]c(O)c(/C=N/[C@H](CC2=c3ccccc3=NC2)C(=O)O)c1=O,C63479712,0,384.39200000000017,-0.4305999999999995,0
1093,COCCN1C(=O)[C@@H]2[C@@H](C1=O)[C@@]1(N[C@@H]2CCC(=O)O)C(=O)Nc2ccc(F)cc21,C20548996,0,405.38200000000006,0.05730000000000085,0
1094,CS(=O)(=O)c1n[nH]c(NC(=O)c2cccc(S(=O)(=O)NC3CC3)c2)n1,C64348056,0,385.42700000000013,-0.09880000000000044,0
1095,CS(=O)(=O)c1n[nH]c(NC(=O)CCCNC(=O)c2ccccc2)n1,C64348087,0,351.38800000000003,0.3568999999999996,0
1096,CCOC(=O)c1c(C)n(C)c2ccc(OC)c(/N=C/c3c(O)[nH]c(=O)[nH]c3=O)c12,C09341978,0,400.39100000000013,1.5048199999999996,0
1097,O=C(NCCNS(=O)(=O)c1ccc([N+](=O)[O-])cc1)c1cccnc1S,C57443775,0,382.42300000000006,0.9867999999999999,0
1098,CCOCC(=O)NNC(=O)c1cccc(NS(=O)(=O)c2cccs2)c1,C66654302,0,383.45100000000014,1.3463999999999996,0
1099,Cc1ccc(NS(C)(=O)=O)c(C(=O)NCCc2n[nH]c(=S)n2C(C)C)c1,C67074369,0,397.52600000000007,2.17401,0
1100,NS(=O)(=O)c1ccc(NNC(=S)NCCN2CCOCC2)cc1,C05752397,0,359.4770000000002,-0.5427999999999988,0
1101,CNCc1cn(C[C@H]2O[C@@H](CC(=O)NCc3cccnc3)[C@H](O)[C@@H]2O)nn1,C08624445,0,376.41700000000003,-1.4117999999999977,0
1102,COc1ccc(NC2=N[C@H]3[C@@H](O)[C@H](O)C[C@H](C(=O)NCCN(C)C)[C@H]3S2)cc1,C08636324,0,408.52400000000017,0.3666000000000007,0
1103,C=C1CCC[C@]2(C)C[C@H]3OC(=O)[C@H](CN(C)C[C@@H](O)[C@@H](O)[C@@H](O)[C@@H](O)CO)[C@H]3C[C@@H]12,C12654281,0,427.53800000000007,-0.3316999999999992,0
1104,O=C(CC[C@@H]1CNC(=O)[C@H]2C[C@H](NC(=S)NC3CC3)CN12)NCc1cccs1,C15708012,0,421.5920000000002,0.7123000000000017,0
1105,C#CCNC(=O)CC[C@H]1CNC(=O)[C@@H]2C[C@H](NC(=S)NCCOC)CN12,C15708461,0,381.5020000000002,-1.4321999999999957,0
1106,O[C@@H]1[C@H](O)CO[C@](O)(CNCCc2c[nH]c3ccc(OCc4ccccc4)cc23)[C@H]1O,C05567542,0,428.4850000000002,0.680499999999999,0
1107,O=C(C1=C(O)C(=O)N(CCNCCO)[C@@H]1c1ccc(O)cc1)c1ccc(F)cc1,C04629673,0,400.40600000000006,1.6915000000000002,0
1108,O=C(NC[C@H]1O[C@@H](CO)[C@@H](O)[C@H]1N1CCN(c2ccccn2)CC1)Nc1ccccc1,C20465639,0,427.5050000000001,0.5145,0
1109,CN(CCc1ccccn1)[C@@H]1[C@H](O)[C@H](CO)O[C@@H]1CNC(=O)Nc1ccsc1,C20465887,0,406.5080000000001,0.9282999999999997,0
1110,OC[C@@H]1[C@@H](O)[C@@H](O)[C@@H](O)CN1CCCCCCOCC(F)(F)F,C22065506,0,345.35799999999995,-0.11510000000000131,0
1111,Cc1n[nH]c(=O)c2c(NC(=O)CN(C)[C@H](C)c3ccc(S(N)(=O)=O)cc3)oc(C)c12,C22134603,0,433.4900000000002,1.41184,0
1112,NS(=O)(=O)c1ccc(NC(=O)NCCCN2CCN(c3ncccn3)CC2)cc1,C25671934,0,419.5110000000002,0.4578000000000009,0
1113,COC[C@H](C)N=C(N)SCCOc1ccc(S(N)(=O)=O)cc1,C28658357,0,347.46200000000005,0.7956000000000013,0
1114,OC[C@@H](O)[C@@H](O)[C@H](O)[C@H]1N2C[C@@]3(c4ccccc4)CN1C[C@@](c1ccccc1)(C2)C3O,C35365982,0,426.5130000000002,-0.7307999999999975,0
1115,NC(=O)C1(N2CCCCC2)CCN(C(=S)Nc2ccc(S(N)(=O)=O)cc2)CC1,C18324024,0,425.5800000000002,0.8366000000000012,0
1116,CCOC(=O)[C@@H]1NNN(Cc2ccc(C)cc2)[C@@H]1NC(=O)CSc1nc[nH]n1,C39290206,0,405.4840000000001,0.10422000000000142,0
1117,CS(=O)(=O)Nc1ccc(CC2=NO[C@H](C3=CC4=C(CCN)C=N[C@@H]4C=C3)N2)cc1,C39947078,0,413.50300000000016,1.4546000000000001,0
1118,Cc1ccc(S(=O)(=O)NNc2ncnc(NCCCn3ccnc3)c2N)cc1,C40794779,0,402.4840000000002,1.3713199999999988,0
1119,NS(=O)(=O)c1ccc(CCNC(=O)c2csc([C@@H]3CCCNC3)n2)cc1,C43227068,0,394.52200000000016,1.2299999999999995,0
1120,NC(=O)C[C@H](N)c1ccc(Oc2c([N+](=O)[O-])cc(C(F)(F)F)cc2[N+](=O)[O-])cc1,C44253684,0,414.29600000000005,3.189300000000001,0
1121,NC(=O)C[C@H](N)c1ccc(Sc2ccc(C(F)(F)F)cn2)c([N+](=O)[O-])c1,C44253875,0,386.3550000000001,3.035000000000001,0
1122,N#C/C(=C\c1ccc([C@@H](N)CC(N)=O)cc1)S(=O)(=O)c1ccccn1,C44254948,0,356.40700000000004,1.29518,0
1123,COc1cc([C@H](N)CN)ccc1OC[C@@H](O)Nc1ccccc1-c1ccccc1,C44473575,0,393.48700000000014,3.130000000000001,0
1124,CCOc1cc([C@H](N)CN)ccc1OC[C@H](O)Nc1ccccc1C,C44473650,0,345.4430000000001,2.1615199999999994,0
1125,CCOc1cc([C@@H](N)CN)ccc1OC[C@@H](O)Nc1cc(C)ccc1C,C44473704,0,359.47000000000014,2.4699399999999994,0
1126,COc1cc(CNCCCS(N)(=O)=O)cc(Br)c1O,C45067046,0,353.23800000000006,0.9315000000000004,0
1127,COc1ccc(S(N)(=O)=O)cc1C(=O)NCCCN1CCC(C(N)=O)CC1,C46919645,0,398.4850000000003,-0.3401999999999983,0
1128,NC(=O)c1ccsc1NC(=O)C(=O)NC[C@@H](c1ccccc1)N1CCCC1,C47964392,0,386.47700000000015,1.738799999999999,0
1129,CN(C)[C@@H](CNC(=O)C(=O)Nc1sccc1C(N)=O)c1ccsc1,C47999012,0,366.4680000000001,1.2660999999999998,0
1130,CN(C)[C@@H](CNC(=O)C(=O)Nc1ccc(F)c(C(N)=O)c1)c1ccco1,C48732735,0,362.3610000000001,0.8752000000000009,0
1131,CN(C)[C@H](CNC(=O)C(=O)Nc1ccc(OCC(N)=O)cc1)c1ccco1,C48732762,0,374.3970000000001,0.501300000000002,0
1132,NC(=O)Cc1ccc(NC(=O)C(=O)NC[C@@H](c2ccco2)N2CCCC2)cc1,C48768063,0,384.4360000000002,1.1991999999999998,0
1133,COC(=O)CCC[C@H](N)c1cc2[nH]c(=O)[nH]c2cc1Br,C52094744,0,342.19300000000004,1.9618,0
1134,COC(=O)CCC[C@@H](N)c1cc2[nH]c(=O)[nH]c2cc1Br,C52094745,0,342.19300000000004,1.9618,0
1135,O=C(O)C[C@@H](NC(=O)c1ccc(CCC(=O)NC2=NCCCN2)s1)c1cccnc1,C26150637,0,429.5020000000001,1.4869999999999999,0
1136,NC(=O)CN1CCC[C@@H](C(=O)NCCc2nc(-c3cccnc3)n[nH]2)C1,C55037238,0,357.418,-0.2772999999999983,0
1137,NC(=O)CN1CCC[C@H](C(=O)NCCc2nc(-c3cccnc3)n[nH]2)C1,C55037240,0,357.418,-0.2772999999999983,0
1138,CN1CCN(Cc2ccc(-c3nc(=O)cc(CN)[nH]3)cc2)C[C@@H]1CCO,C23379552,0,357.4580000000001,0.3940000000000013,0
1139,Nc1cc(=O)[nH]c(CCNC(=O)[C@H]2CCCN(Cc3ccco3)C2)n1,C55403239,0,345.4030000000001,0.5159999999999996,0
1140,Cc1ccnc(N=[S@@](=O)(O)c2ccc(NC(=O)CN3CCC(C(N)=O)CC3)cc2)n1,C12463195,0,432.5060000000003,1.55242,0
1141,NC(=O)CN(CCCC(=O)c1ccc(Br)cc1)CC(N)=O,C61808174,0,356.2200000000001,0.6845999999999993,0
1142,CNC(=O)COc1ccc(CN[C@H]2CCCN(CC(N)=O)C2)cc1OC,C62257665,0,364.44600000000014,-0.14069999999999716,0
1143,NC(=O)c1ccsc1NC(=O)CN1C(=O)N[C@H](CC2=c3ccccc3=NC2)C1=O,C63187674,0,411.4430000000002,-0.41989999999999994,0
1144,O=C(CNc1ccccc1Cl)NNC(=O)NCCCn1ccnc1,C63660402,0,350.8100000000001,1.3690999999999993,0
1145,CC1=C(NC(=O)C(=O)NCCNC(=O)[C@@H]2C=c3ccccc3=N2)[C@@H](C)N(C)N1,C63808269,0,384.44000000000005,-2.1124999999999945,0
1146,COc1cc(CNCc2cc(OC)c(OCC(N)=O)c(OC)c2)ccc1O,C65978650,0,376.4090000000001,1.5718999999999994,0
1147,CN(C)CCNC(=O)c1cccc(CNC(=O)CC[C@@H]2NC(=O)NC2=O)c1,C66732129,0,375.4290000000001,-0.41759999999999753,0
1148,COc1cc(CN[C@H]2CCCc3[nH]c(=O)ccc32)cc(Cl)c1OCC(N)=O,C67504178,0,391.85500000000013,2.0682,0
1149,CC1CCN(C[C@@H](O)CNC(=O)NCC(=O)NCC(F)(F)F)CC1,C67629859,0,354.37300000000005,0.05690000000000062,0
1150,O=C(O)CCNC(=O)/C(=C/c1ccccc1[N+](=O)[O-])NC(=O)c1ccccc1,C05003933,0,383.3600000000001,1.9566000000000001,0
1151,COCCCNC(=O)CSc1nc2sc(C(=O)O)c(C)c2c(=O)[nH]1,C08013012,0,371.44000000000017,1.23602,0
1152,Cc1ccc(C)c(OCC(=O)N[C@H](Cc2c[nH]c3ccccc23)C(=O)O)c1C,C00956378,0,380.44400000000013,3.284060000000001,0
1153,O=C(CC1(C(=O)O)CCCC1)Nc1ccccc1C(=O)NCc1ccco1,C08745864,0,370.40500000000014,3.183200000000001,0
1154,Cc1c(CC(=O)NCC(=O)NCC(=O)O)c(=O)oc2c(C)c3occ(-c4ccccc4)c3cc12,C02107427,0,462.45800000000025,2.6825400000000013,0
1155,CC(C)CNC(=O)NC(=O)CSc1nc2ccccc2c(=O)n1[C@@H](C(=O)O)C(C)C,C13025317,0,434.51800000000014,2.2521000000000004,0
1156,NC(=O)[C@@H](Sc1nc2ccccc2c(=O)n1CCC(=O)O)c1ccc(F)cc1,C13055239,0,401.41900000000015,2.3290000000000006,0
1157,Cc1cc(C)c(C(=O)O)c(SCC(=O)N(CCC(N)=O)c2ccc(F)cc2)n1,C13245295,0,405.4510000000001,2.5364400000000007,0
1158,O=C(O)c1cc(S(=O)(=O)NC[C@H](O)c2ccc([N+](=O)[O-])cc2)ccc1Cl,C13247299,0,400.79600000000005,1.9583,0
1159,Cc1ccc(S(=O)(=O)NCc2ccccc2CS(=O)(=O)NC(C)C)cc1C(=O)O,C13270130,0,440.5430000000002,1.9995199999999997,0
1160,Cc1nc2nc(S[C@@H](C(N)=O)c3ccc(F)cc3)nn2c(C)c1CCC(=O)O,C13404636,0,403.4390000000002,2.2161399999999998,0
1161,O=C(O)CC/C(=N/NC(=O)CNC(=O)/C=C/c1ccccc1)c1ccccc1,C15952515,0,379.41600000000005,2.2013,0
1162,C[C@]12C[C@@H](O)[C@@H]3[C@@H](CCC4=CC(=O)C=C[C@]43C)[C@@H]1CC[C@]2(O)C(=O)COC(=O)CCC(=O)O,C16157420,0,460.5230000000004,1.9732999999999998,0
1163,Cc1ccc(NC(=O)c2c(NC(=O)COCC(=O)O)sc3c2CCC3)cc1,C17079293,0,388.44500000000016,2.837220000000001,0
1164,CCCCC(=O)NN/C=C1/C(=O)N(c2ccc(OCC)cc2)C(=S)N=C1O,C09348792,0,390.4650000000001,2.3682,0
1165,Cc1nc(SC(F)F)nc(O)c1CCC(=O)NNC(=O)c1ccoc1C,C25530323,0,386.38000000000005,2.1005399999999996,0
1166,Cc1cc(C)n(CC(=O)NNC(=O)c2cccc(S(=O)(=O)Nc3ccccc3Cl)c2)n1,C27608597,0,461.9310000000001,2.4153399999999996,0
1167,O=S(=O)(Nc1ncccn1)c1ccc(NC(=S)Nc2ccc(Cl)cc2)cc1,C03310359,0,419.9190000000001,3.739700000000002,0
1168,COC(=O)COc1ccc([C@@H](C2=C(C)N=N[C@@H]2O)c2c(C)n[nH]c2O)cc1,C39355963,0,372.3810000000001,2.1656199999999997,0
1169,Cc1nc(SCC(=O)Nc2cccc3nsnc23)[nH]c(=O)c1CCC(=O)O,C39667983,0,405.46100000000024,1.8310199999999996,0
1170,COCCNS(=O)(=O)c1cccc(C(=O)Nc2nc(-c3ccc(F)cc3)n[nH]2)c1,C12950298,0,419.4380000000001,1.7877999999999996,0
1171,CCOc1ccc(C(=O)C2=C(O)C(=O)N(CCOCCO)[C@@H]2c2cccc(O)c2)c(C)c1,C40081353,0,441.48000000000013,2.6865200000000007,0
1172,C=CCOc1ccc(C(=O)C2=C(O)C(=O)N(CCOCCO)[C@H]2c2cccc(O)c2)c(C)c1,C40082973,0,453.49100000000016,2.8526200000000017,0
1173,CCOc1cccc(C(=O)C2=C(O)C(=O)N[C@@H]2c2ccc(O)c(OCC)c2)c1,C40125596,0,383.40000000000015,3.055500000000001,0
1174,O=C(O)CCNC(=O)CCNc1ncnc2scc(-c3ccc(F)cc3)c12,C41289553,0,388.4240000000001,2.8903000000000008,0
1175,Cc1ccc(S(=O)(=O)N[C@@H](CC(=O)O)c2ccc(O)c([N+](=O)[O-])c2)cc1,C44258028,0,380.3780000000001,2.1031199999999997,0
1176,Cc1nc(S)sc1CC(=O)NCc1cccc(S(=O)(=O)NC(C)C)c1,C45919369,0,399.5630000000001,2.28582,0
1177,CC(C)n1c(SCC(=O)N[C@H](Cc2c[nH]c3ccccc23)C(=O)O)nc2ccccc2c1=O,C13393399,0,464.54700000000025,3.3629000000000016,0
1178,O=C(CSc1nnc(-c2cccc(Cl)c2)o1)N[C@H](Cc1c[nH]c2ccccc12)C(=O)O,C13399983,0,456.9110000000002,3.775500000000001,0
1179,O=C(O)CCCNC(=O)CN1C(=O)/C(=C/c2cc(Br)ccc2O)SC1=S,C15036771,0,459.3430000000001,2.3369000000000004,0
1180,CCCOc1ccc(NS(=O)(=O)c2cc(C(N)=O)n(C)c2)cc1OCCC,C44667845,0,395.48100000000017,2.5024000000000006,0
1181,CS(=O)(=O)Nc1ccccc1C(=O)NCCCc1nc2ccccc2[nH]1,C54976888,0,372.45000000000005,2.2969999999999997,0
1182,CS(=O)(=O)Nc1ccc(/C=C\C(=O)Nc2cccc(C(=O)NC3CC3)c2)cc1,C55376760,0,399.4720000000002,2.6022000000000007,0
1183,C=CCNC(=O)c1cccc(S(=O)(=O)Nc2ccc(C(=O)NC3CC3)cc2)c1,C55579424,0,399.47200000000015,2.2954000000000008,0
1184,C=CCNC(=O)c1cccc(S(=O)(=O)Nc2ccccc2-c2nc(C)n[nH]2)c1,C55596682,0,397.4600000000001,2.49672,0
1185,COc1ccc(CNC(=O)CSc2nc3[nH]c(=O)cc(O)c3s2)cc1OC,C04945364,0,407.4730000000001,2.1158999999999994,0
1186,O=C(O)CCNC(=O)/C(=C\c1ccccc1)NC(=O)c1cccc([N+](=O)[O-])c1,C59730027,0,383.3600000000002,1.9566,0
1187,CCNC(=O)CNC(=O)c1cccc(S(=O)(=O)Nc2ccc(F)cc2)c1,C08094239,0,379.41300000000007,1.4923999999999993,0
1188,CNC(=O)c1ccccc1NC(=O)[C@@H](C)CS(=O)(=O)Nc1cccc(F)c1,C62215889,0,393.44000000000005,2.2017999999999995,0
1189,C[C@@H](NC(=O)NCc1cccc([N+](=O)[O-])c1)c1cccc(NS(C)(=O)=O)c1,C63069496,0,392.43700000000007,2.526700000000001,0
1190,CC(C)OCCCNC(=O)c1c[nH]c2ccc(S(=O)(=O)Nc3ccccc3F)cc2c1=O,C09833859,0,461.5150000000002,3.012900000000001,0
1191,O=C(CSc1nc(O)c2cnn(CCO)c2n1)NCc1ccccc1Cl,C07418489,0,393.8560000000001,1.5860999999999994,0
1192,CCCS(=O)(=O)Nc1ccc(NC(=O)CNC(=O)c2ccsc2)cc1,C63709231,0,381.4790000000001,2.2683,0
1193,CCCCCN1C(=O)c2sccc2N[C@H]1SC/C(O)=N/c1ncn[nH]1,C63763306,0,380.49900000000014,3.2291000000000007,0
1194,CC/C(=N\[C@H](CC1=c2ccccc2=NC1)C(=O)OC)c1c(O)nc(O)[nH]c1=O,C63426784,0,384.39200000000005,-0.20400000000000001,0
1195,Cc1ccccc1OCCCC(=O)N[C@@H](Cc1c[nH]c2ccccc12)C(=O)O,C64872897,0,380.4440000000001,3.447420000000001,0
1196,NC(=O)Cc1csc(NS(=O)(=O)c2ccc(OC(F)F)c(Cl)c2)n1,C66250627,0,397.81200000000007,2.2264999999999997,0
1197,COc1ccc(/C=C/C(=O)O)cc1S(=O)(=O)NNC(=O)CCC(C)C,C66589485,0,370.42700000000013,1.5386999999999997,0
1198,CC(C)CCC(=O)NCC(=O)N[C@@H](C)c1cccc(NS(C)(=O)=O)c1,C67152334,0,369.4870000000001,1.7876999999999996,0
1199,CCCS(=O)(=O)Nc1cccc(C(=O)NCCNC(=O)OC(C)(C)C)c1,C67339697,0,385.48600000000016,2.0928,0
1200,O=C(O)CCNC(=O)/C(=C\c1ccco1)NC(=O)c1ccc(Br)cc1,C04755618,0,407.2200000000001,2.4039,0
1201,Cc1cc(OCC(=O)N[C@H](Cc2c[nH]c3ccccc23)C(=O)O)ccc1Cl,C00956384,0,386.83500000000015,3.320620000000001,0
1202,O=C(O)c1ccccc1C(=O)Nc1ccc(S(=O)(=O)NC[C@H]2CCCO2)cc1,C09268388,0,404.44400000000024,2.0944000000000003,0
1203,O=C(O)/C=C/c1ccc(S(=O)(=O)Nc2cccc(S(=O)(=O)NC3CC3)c2)cc1,C10518297,0,422.48400000000015,2.0259,0
1204,CCOc1ccc(O[C@H](C)C(=O)NNC(=O)c2cccnc2S)cc1,C11238240,0,361.423,1.9974999999999996,0
1205,COc1c(O)cccc1/C=C/C(=O)c1ccc(S(=O)(=O)N[C@@H](C)C(=O)O)cc1,C11331505,0,405.4280000000001,2.0483000000000002,0
1206,CC1(C)CC(=O)c2c(O)cc(OCC(=O)NCCCCCC(=O)O)cc2O1,C12296891,0,379.40900000000016,2.276,0
1207,O=C(CCCCCn1c(=O)[nH]c2ccccc2c1=O)N[C@H](C(=O)O)c1ccccc1,C02130947,0,409.4420000000001,2.1922999999999995,0
1208,O=C(O)Cc1ccc(NC(=O)CSc2nnc(NCc3ccco3)s2)cc1,C13245086,0,404.47300000000007,3.1011000000000015,0
1209,Cc1ccc(S(=O)(=O)NCc2ccc(CS(=O)(=O)NC(C)C)cc2)cc1C(=O)O,C13279307,0,440.5430000000002,1.9995199999999997,0
1210,O=C(O)Cc1ccc(S(=O)(=O)NCC(=O)Nc2ccc(F)c(F)c2F)s1,C13308668,0,408.3790000000001,1.7095,0
1211,C/C(=N\NC(=O)c1ccc(Cl)cc1)c1ccc(S(=O)(=O)N[C@@H](C)C(=O)O)cc1,C13336924,0,423.8780000000001,2.2454,0
1212,O=C(O)CNS(=O)(=O)c1ccc(NC(=O)COc2c(Cl)cccc2Cl)cc1,C13393514,0,433.2690000000001,2.3738,0
1213,O=C(O)CNS(=O)(=O)c1ccc(NC(=O)c2ccc(-c3ccc(F)cc3)s2)cc1,C13394222,0,434.4700000000001,3.1694000000000013,0
1214,CCc1ccc(/C=C/C(=O)Nc2ccc(S(=O)(=O)NCC(=O)O)cc2)cc1,C13394367,0,388.4450000000001,2.2638,0
1215,O=C(O)CCNC(=O)CCCCCN1C(=O)/C(=C/c2ccccc2O)SC1=S,C15044704,0,422.528,2.7447000000000012,0
1216,O=C(O)CCCC(=O)Nc1sc2c(c1C(=O)NCc1ccco1)CCCC2,C17079638,0,390.4610000000003,3.343300000000002,0
1217,CCN(CC)[C@H](c1cccc(OC)c1OC)c1c(O)nc(=S)[nH]c1O,C20156094,0,365.455,2.9987900000000014,0
1218,O=C(Cc1csc(-c2ccccc2F)n1)N[C@@H](Cc1c[nH]c2ccccc12)C(=O)O,C20715602,0,423.46900000000016,3.785100000000001,0
1219,CSCC(=O)NNC(=O)c1cccc(S(=O)(=O)Nc2ccccc2Cl)c1,C25400843,0,413.90800000000013,2.2647999999999993,0
1220,CCCN1C(=O)/C(=C\NNC(=O)CSc2ccc(Cl)cc2)C(O)=NC1=S,C25436597,0,412.9240000000001,2.4303999999999997,0
1221,COc1ccc(C(=O)NNC(=O)Cn2c(S)nnc2-c2cccc(C)c2)cc1OC,C26961561,0,427.48600000000016,2.02062,0
1222,Cc1c(OCC(=O)NCC(=O)NCC(=O)O)ccc2c3c(c(=O)oc12)CCCC3,C02106510,0,402.40300000000036,0.6760200000000003,0
1223,O=C(C1=C(O)C(=O)N(CCOCCO)[C@H]1c1cccc(O)c1)c1ccc(Cl)cc1,C06813535,0,417.845,2.6328000000000005,0
1224,C[C@](CC(=O)Nc1cccc(S(=O)(=O)/N=C2/CCCN2)c1)(C(=O)O)c1ccccc1,C13253150,0,429.49800000000016,2.5283000000000007,0
1225,Cc1sc(NS(=O)(=O)c2ccccc2)nc1C(=O)NC[C@H](O)c1ccccc1,C20725402,0,417.5120000000001,2.715720000000001,0
1226,CCOc1cc(/C=C/C(=O)O)cc(Br)c1O[C@H](C)C(N)=O,C36825274,0,358.18800000000016,2.1982,0
1227,O=C(O)CC/C(=N\NC(=O)CNC(=O)c1cccc(Cl)c1)c1ccccc1,C05175545,0,387.82300000000004,2.4551000000000007,0
1228,CC(C)[C@@H](NC(=O)[C@@H](Cc1c[nH]c2ccccc12)N1C(=O)N=C2C=CC=C[C@@H]2C1=O)C(=O)O,C38570745,0,448.4790000000002,2.4497999999999998,0
1229,C[C@@H](C(=O)NCCc1c[nH]c2c1ccc(c2)OC)S[C@H]3[C@@H]4C(=NC=N4)N=C([N-]3)Cl,C39232679,0,431.9290000000001,3.0741000000000014,-1
1230,O=C(COc1ccc2c(c1)[C@@H]1CCCC[C@H]1O2)N[C@@H](Cc1c[nH]c2ccccc12)C(=O)O,C39680370,0,434.49200000000013,3.777400000000001,0
1231,Cc1ccc(NC(=S)Nc2ccc(S(=O)(=O)Nc3ncccn3)cc2)c(C)c1,C13638040,0,413.52800000000013,3.703140000000002,0
1232,Cc1nc(NC(=O)CCNC(=O)OC(C)(C)C)sc1-c1nnc(S)n1C,C44380071,0,398.51400000000007,2.3890200000000004,0
1233,Cc1ccc(C)c(-n2cnnc2SCC(=O)N[C@@H](Cc2c[nH]c3ccccc23)C(=O)O)c1,C13398159,0,449.5360000000002,3.2696400000000008,0
1234,CNc1nc(CCN/C(O)=N/S(=O)(=O)c2ccc(C)cc2)cs1,C49717652,0,354.45700000000005,1.9282199999999998,0
1235,CCc1ccc(N/C(O)=C(\C#N)C(=O)CN2C(=O)NC(CC)(CC)C2=O)cc1,C50837209,0,384.43600000000015,2.6337800000000007,0
1236,O=C(NCCO)c1ccc(NS(=O)(=O)c2ccccc2C(F)(F)F)cc1,C55622040,0,388.367,2.2283,0
1237,COCCOCc1cccc(NC(=O)c2ccc3c(O)[nH]c(=S)nc3c2)c1,C56979715,0,385.44500000000005,3.4132900000000017,0
1238,C=CCOc1cccc(NS(=O)(=O)c2ccc(S(N)(=O)=O)cc2F)c1,C57124019,0,386.42600000000004,1.8387000000000002,0
1239,CCNC(=O)[C@H](C)NC(=O)c1cccc(S(=O)(=O)Nc2ccc(F)cc2)c1,C07643819,0,393.44000000000005,1.880899999999999,0
1240,COc1ccc(-c2n[nH]c(/N=C(\O)CNC(=O)C3CCCC3)n2)c(OC)c1,C58224505,0,373.41300000000024,2.3833,0
1241,CCS(=O)(=O)Nc1ccc(NC(=O)/C=C/c2ccc(C(=O)NC)cc2)cc1,C58532542,0,387.4610000000001,2.4597000000000007,0
1242,Cc1cnc2c(S(=O)(=O)Nc3cc([N+](=O)[O-])ccc3NCCO)cccc2c1,C23144634,0,402.43200000000013,2.6564200000000007,0
1243,COC(=O)c1sc2ncnc(N[C@H](Cc3c[nH]c4ccccc34)C(=O)O)c2c1C,C62097464,0,410.4550000000002,3.375420000000001,0
1244,CC/C(=N\[C@@H](CC1=c2ccccc2=NC1)C(=O)OC)c1c(O)nc(O)[nH]c1=O,C63426783,0,384.39200000000005,-0.20400000000000001,0
1245,C[C@@H]1C(C(=O)NCCSCc2ccccc2F)=CNN1c1ccc(O)nn1,C64202430,0,389.456,1.9678999999999998,0
1246,COc1ccc(NS(=O)(=O)C2=CN=C([C@H]3NN[C@@H](c4ccccc4)O3)C2)c(OC)c1,C64492112,0,430.4860000000002,2.2809,0
1247,Cc1ccc(C)c(OCCCC(=O)N[C@H](Cc2c[nH]c3ccccc23)C(=O)O)c1,C64872977,0,394.47100000000006,3.755840000000002,0
1248,O=C(CNC(=O)c1cccc(S(=O)(=O)Nc2ccc(F)cc2)c1)NC1CC1,C06989615,0,391.4240000000001,1.6348999999999998,0
1249,CCNC(=O)Nc1cccc(NS(=O)(=O)c2ccsc2C(=O)OC)c1,C67124439,0,383.45100000000014,2.4769000000000005,0
1250,C[C@@]12CC[C@H]([C@@]([C@H]1Cc3c(nc(s3)NC(=O)COC)[C@H]2CC(=O)NCCOC)(C)CO)O,C04222469,0,469.6040000000003,1.2961999999999998,0
1251,COc1cc(cc(c1O)OC)[C@H]2c3c(cc(c(c3OC)O)OC)C[C@@H]([C@@H]2CO)CO,C05410559,0,420.4580000000002,2.037199999999999,0
1252,c1cc(sc1)S(=O)(=O)NCCCC(=O)NCCc2ccc(cc2)S(=O)(=O)N,C04758045,0,431.56100000000015,0.8129,0
1253,C[C@@H](C(=O)NNC(=O)c1cc(ccc1OC)S(=O)(=O)N)Oc2ccccc2F,C06984507,0,411.4110000000001,0.7102,0
1254,CC(C)[C@@H](C(=O)OCC(=O)Nc1c(ccs1)C(=O)N)NC(=O)c2ccccc2F,C09144728,0,421.45000000000016,1.9223999999999994,0
1255,c1ccc(cc1)C(=O)Nc2nc(cs2)CC(=O)NCCc3ccc(cc3)S(=O)(=O)N,C09627806,0,444.5380000000002,1.9442,0
1256,COc1ccc(cc1NC(=O)Cn2c(c(nn2)C(=O)NCc3ccc(cc3)F)N)Cl,C09677989,0,432.8430000000001,2.2301,0
1257,c1ccc(cc1)Cn2cc(c(n2)c3cccnc3)C(=O)NCCCc4c(c([nH]n4)N)C#N,C09884604,0,426.48400000000026,2.5329799999999993,0
1258,Cc1ccc(cc1)S(=O)(=O)NCCC(=O)NNC(=O)Cc2c[nH]c3c2cccc3,C09913514,0,414.48700000000014,1.5348199999999999,0
1259,c1ccc(cc1)CNS(=O)(=O)c2cccc(c2)C(=O)NNC(=O)c3cc4ccccc4[nH]c3=O,C10891617,0,476.5140000000002,2.0814,0
1260,CC(C)CNC(=O)c1ccccc1NC(=O)CSc2nnc(n2N)C(F)(F)F,C11239750,0,416.42900000000003,2.1273,0
1261,Cc1cc(c(n1NC(=O)c2ccccc2)C)C(=O)COC(=O)C[C@H](c3ccccc3)NC(=O)N,C11939625,0,462.5060000000002,3.0144400000000005,0
1262,C[C@]1(C(=O)N(C(=O)N1)CC(=O)NCc2ccc(cc2)F)c3ccc(cc3)OCC(=O)N,C13145775,0,428.4200000000002,0.7732000000000001,0
1263,COCCn1c(=O)c2ccc(cc2[nH]c1=S)C(=O)NCCc3ccc(cc3)S(=O)(=O)N,C03051908,0,462.5530000000002,1.32539,0
1264,CCNC(=O)COc1ccc(cc1CNC(=O)Cn2c(cc(c(c2=O)N)C(F)(F)F)C)Cl,C13486977,0,474.8670000000001,2.242419999999999,0
1265,Cc1ccc(c(c1)S(=O)(=O)NCCC(=O)NNC(=S)NC[C@H]2CCCO2)C,C15898691,0,414.5530000000002,0.6461400000000008,0
1266,c1cc(ccc1F)S(=O)(=O)NCCCC(=O)NNC(=S)NC[C@@H]2CCCO2,C15899218,0,418.51600000000013,0.5585000000000007,0
1267,c1ccc(cc1)C(=O)NNC(=O)CSc2nnc(n2N)COc3ccc(cc3)F,C16371185,0,416.43800000000016,1.2632999999999996,0
1268,Cc1c(c(sn1)NC)C(=O)OCC(=O)Nc2c(c3c(s2)CCCC3)C(=O)N,C16554024,0,408.5050000000003,2.3279199999999998,0
1269,Cc1ccc(cc1)N2C(=O)/C(=C(/NCCc3cnc[nH]3)\Nc4ccccc4)/C(=O)NC2=O,C08775438,0,430.4680000000001,2.4569199999999993,0
1270,c1ccc2c(c1)nc(n2CC(=O)N)CCSc3nc4ccccc4n3CC(=O)N,C17086976,0,408.48700000000014,1.6913999999999998,0
1271,c1cc(sc1)CCNC(=O)NC(=O)COC(=O)CCc2ccc(cc2)S(=O)(=O)N,C17153270,0,439.51500000000016,0.9397999999999997,0
1272,Cc1cc(ccc1/C=C(\C(=O)NN)/NC(=O)/C=C/c2ccccc2)N(CCC#N)CCC#N,C17213890,0,442.52300000000025,2.789180000000001,0
1273,c1cc(ccc1/C=C\2/C(=O)N(C(=O)S2)CCNC(=O)CCCCCNC(=O)N)F,C19681201,0,422.48200000000026,2.2069,0
1274,c1cc(cc(c1)Cl)/C=N/Nc2[nH]nc(n2)SCC(=O)NNC(=O)C(F)(F)F,C20835128,0,421.7920000000001,1.7058999999999993,0
1275,c1cc(sc1)C(=O)NCCC(=O)OCC(=O)Nc2c(c3c(s2)CCCC3)C(=O)N,C21537690,0,435.52700000000027,2.0891,0
1276,c1cc(c(cc1F)F)C(=O)NCCC(=O)OCC(=O)Nc2c(c3c(s2)CCCC3)C(=O)N,C22441950,0,465.4780000000003,2.3058,0
1277,Cn1ccnc1[C@@H](c2ccccc2F)NC(=O)C[C@H](c3ccccc3Cl)NC(=O)N,C24440680,0,429.8830000000001,3.217900000000001,0
1278,c1ccc2c(c1)c(c[nH]2)CC(=O)NNC(=O)CNC(=O)c3cccc(c3)OC(F)F,C24704744,0,416.38400000000007,1.8891999999999995,0
1279,CC(C)[C@@H](C(=O)NNC(=S)NC[C@H]1CCCO1)NC(=O)c2cc(cc(c2)OC)OC,C26800901,0,438.5500000000002,1.1325000000000005,0
1280,CCCS(=O)(=O)Nc1ccc(n(c1=O)CC(=O)NC[C@@H]2CCc3c(sc(n3)N)C2)C,C26959567,0,453.59000000000026,1.2684199999999999,0
1281,Cc1ccc(c(=O)n1CC(=O)NC/C=C/c2cnc(s2)N)NS(=O)(=O)Cc3ccccc3,C28563641,0,473.58000000000015,1.9669199999999998,0
1282,Cc1ccc(c(=O)n1CC(=O)NCc2c(nc(s2)N)C)NS(=O)(=O)Cc3ccccc3,C28563644,0,461.5690000000002,1.7621399999999996,0
1283,C[C@@]1(C[C@H]([C@@H]([C@@H]([C@@H]1C(=C)CO)O)C(=C)C(=O)OC)OC(=O)C(=C)[C@@H](CO)O)C=C,C35271758,0,410.4630000000002,0.27460000000000007,0
1284,Cc1ccc(cc1)S(=O)(=O)CNC(=O)[C@@H](c2c(cc(cc2O)O)O)N(C)C(=O)CCS,C36532126,0,468.55300000000017,1.4788199999999996,0
1285,c1ccc(cc1)Cn2c(=O)[nH]nc2SCC(=O)Nc3ccc(cc3)S(=O)(=O)N,C09119331,0,419.4880000000001,0.9979,0
1286,c1cc-2c(cc1S(=O)(=O)NCCCO)Cc3c2ccc(c3)S(=O)(=O)NCCCO,C03062219,0,440.5430000000001,0.5791999999999997,0
1287,c1cc(ccc1CCNc2cc(=O)n(c(=O)[nH]2)Cc3ccc(cc3)F)S(=O)(=O)N,C04004864,0,418.4500000000001,1.026,0
1288,CSCC[C@@H](C(=O)NCc1ccc(cc1)S(=O)(=O)N)NS(=O)(=O)c2ccc(cc2)F,C03441196,0,475.58900000000017,1.1895000000000004,0
1289,CSCC[C@H](C(=O)NCc1ccc(cc1)S(=O)(=O)N)NS(=O)(=O)c2ccc(cc2)F,C03441198,0,475.58900000000017,1.1895000000000004,0
1290,C[C@H]1C(=C(SN1)NC)C(=O)OCC(=O)N[C@H](Cc2c[nH]c3c2cccc3)C(=O)OC,C39734181,0,432.5020000000002,0.9823,0
1291,C[C@@H]1C2=C([C@H](O[C@@H]2C)NC(=O)CS[C@@H]3NN=C(N3C4CC4)Cc5cccs5)C(=O)NN1,C39776981,0,462.60100000000017,0.8690000000000004,0
1292,c1cc(ccc1C(=O)NCC(=O)Nc2ccc3c(c2)[nH]c(=O)[nH]3)OC[C@@H]4CCCO4,C40056938,0,410.43000000000023,1.7824999999999995,0
1293,Cc1c(c(n(n1)c2ccccc2)Cl)/C=C/C(=O)Nc3cccc(c3)C(=O)NCC(=O)N,C46711154,0,437.8870000000002,2.7011200000000004,0
1294,c1ccc2c(c1)nc(s2)CSCC(=O)NCc3ccc(cc3)C(=O)NCC(=O)N,C46919901,0,428.53900000000016,2.060999999999999,0
1295,c1ccc(cc1)n2cnc(n2)OCC(=O)NN/C(=C/Oc3cccc(c3)C(F)(F)F)/N,C20365784,0,434.3780000000001,2.1222999999999996,0
1296,C[C@@H]1C[C@@H](n2c(cc(n2)C(=O)NNC(=S)NCCOC)N1)C(C(F)(F)F)(F)F,C02782016,0,430.4030000000001,1.5811999999999995,0
1297,C[C@@H]1C[C@H](n2c(cc(n2)C(=O)NNC(=S)NCCOC)N1)C(C(F)(F)F)(F)F,C02782014,0,430.4030000000001,1.5811999999999995,0
1298,Cc1ccc(cc1)CNCC(=O)Nc2c(c(c(s2)C(=O)N)C)C(=O)OCCOC,C58165232,0,419.50300000000027,1.9953400000000001,0
1299,Cc1cc(nc(n1)/N=C(/NCCSCc2c([nH]cn2)C)\NC(=S)NC3CC3)C,C16283474,0,418.5960000000001,2.26196,0
1300,Cc1c(CC(=O)N[C@@H](CCCCNC(N)=O)C(=O)O)c(=O)oc2cc(O)ccc12,C02125950,0,405.4070000000001,0.7575200000000002,0
1301,COc1ccc2c(C)c(CC(=O)N[C@@H](CCCNC(N)=O)C(=O)O)c(=O)oc2c1OC,C02123398,0,435.4330000000002,0.6790200000000012,0
1302,O=C(O)CNC(=O)c1ccc2c(c1NCCO)C(=O)c1ccccc1C2=O,C09423611,0,368.3450000000001,0.6805999999999999,0
1303,O=C(O)[C@H](Cc1c[nH]c2ccccc12)NS(=O)(=O)c1ccc2[nH]c(=O)[nH]c2c1,C11691482,0,400.41600000000017,1.3116999999999999,0
1304,Cc1c(CC(=O)N[C@H](Cc2c[nH]c3ccccc23)C(=O)O)c(=O)oc2cc(O)ccc12,C11867571,0,420.4210000000002,2.64292,0
1305,CC(C)[C@H](NC(=O)N1CCn2c1nc1ccccc12)C(=O)N[C@H](C(=O)O)[C@@H](C)O,C12664446,0,403.43900000000014,0.5407000000000004,0
1306,Cc1nc2nc(S[C@@H](C)C(=O)NC(N)=O)nn2c(C)c1CCC(=O)O,C13034296,0,366.4030000000002,0.4338399999999997,0
1307,O=C(CNC(=O)N[C@@H](Cc1c[nH]c2ccccc12)C(=O)O)Nc1ccc(F)c(F)c1,C13235678,0,416.38400000000007,2.3797000000000006,0
1308,O=C(CNC(=O)N[C@H](Cc1c[nH]c2ccccc12)C(=O)O)Nc1ccc(F)cc1,C13235828,0,398.39400000000006,2.2405999999999997,0
1309,O=C(CNC(=O)N[C@H](Cc1c[nH]c2ccccc12)C(=O)O)Nc1cccc([N+](=O)[O-])c1,C13236095,0,425.4010000000001,2.0096999999999996,0
1310,CCNC(=O)c1cccc(NC(=O)CNC(=O)N[C@@H](Cc2c[nH]c3ccccc23)C(=O)O)c1,C13236619,0,451.4830000000002,1.8512000000000002,0
1311,CCCCNC(=O)CNC(=O)N[C@@H](Cc1c[nH]c2ccccc12)C(=O)O,C13237273,0,360.4140000000001,1.3791000000000007,0
1312,CC(C)[C@H](NC(=O)[C@@H](NC(=O)N1CC(O)=Nc2ccccc21)C(C)C)C(=O)O,C13548225,0,390.4400000000001,2.0542000000000002,0
1313,COC(O)=C1C(=O)NC(SCC(N)=O)=C(C#N)[C@@H]1c1ccccc1[N+](=O)[O-],C19848396,0,390.37700000000007,1.1778800000000005,0
1314,COc1cc([C@@H]2CC(=O)Nc3nc(SC)nc(O)c32)ccc1OCC(N)=O,C21785025,0,390.42100000000016,1.2508999999999995,0
1315,O=C(/C=C/c1ccc(O)c(O)c1)N[C@@H](Cc1ccc(O)c(O)c1)C(=O)O,C03649853,0,359.33400000000006,1.3342999999999996,0
1316,NS(=O)(=O)c1ccc(NS(=O)(=O)c2cccc(S(=O)(=O)NC3CC3)c2)cc1,C26153920,0,431.51700000000017,0.5755000000000003,0
1317,O=C(O)COc1cnc(C(=O)CNC(=O)c2cc3c(s2)CCNC3)cc1OCC(=O)O,C26577785,0,449.44100000000026,0.3283,0
1318,Cc1csc(CC(=O)c2ccc(O[C@H]3O[C@@H](CO)[C@@H](O)[C@@H](O)[C@@H]3O)cc2O)n1,C27093652,0,411.4320000000001,-0.23878000000000038,0
1319,NC(=O)NCCC[C@@H](NS(=O)(=O)c1ccc(Br)cc1)C(=O)O,C28395052,0,394.24700000000007,0.6290999999999995,0
1320,CON1C(=O)C2=C(O[C@@H](CCC[C@@H](C)O)[C@@](C)(O)[C@H]2O)[C@@H]1CSC[C@H](O)C(=O)O,C31163413,0,435.4950000000001,-0.7467999999999988,0
1321,NC(=O)NCCC[C@@H](NC(=O)Cn1c(-c2ccccc2)cc2ccccc21)C(=O)O,C32088901,0,408.45800000000014,2.3262,0
1322,O=C(O)/C=C/C(=O)Nc1ccc2c([C@@H](C(=O)O)N3CCCC3)c[nH]c2c1,C32102263,0,357.3660000000002,1.9686999999999997,0
1323,COc1ccc(-c2nc(CC(=O)N[C@H](CCCNC(N)=O)C(=O)O)cs2)cc1,C32105756,0,406.4640000000001,1.3791,0
1324,O=C(NC[C@H]1CCCO1)c1ccccc1NS(=O)(=O)c1c[nH]c(=O)[nH]c1=O,C33330728,0,394.40900000000016,-0.2271999999999993,0
1325,CC[C@H](C)NC(=O)c1ccccc1NS(=O)(=O)c1c(C)[nH]c(=O)[nH]c1=O,C33330782,0,380.42600000000016,0.70072,0
1326,C=C[C@@]1(C)C[C@H](OC(=O)C(=C)[C@H](O)CO)[C@H](C(=C)C(=O)O)[C@H](O)[C@@H]1C(=C)CO,C35271742,0,396.43600000000015,0.18619999999999975,0
1327,O=C(O)c1cccc(C(=O)CC[C@H]2O[C@@H](n3cnc4c(=O)[nH]cnc43)[C@@H](O)[C@@H]2O)c1,C35456519,0,414.3740000000001,0.1000999999999998,0
1328,Cc1ccc(/C=C2\SC(=S)N(CCC(=O)N[C@@H](CCC(N)=O)C(=O)O)C2=O)cc1,C35655979,0,435.52700000000027,1.4212199999999997,0
1329,NC(=O)NCCC[C@@H](NC(=O)Cn1ccc2c(Cl)cccc21)C(=O)O,C36366776,0,366.8050000000001,1.3125999999999998,0
1330,Cc1cc(O[C@@H]2O[C@H](COC(=O)CC(=O)O)[C@@H](O)[C@H](O)[C@H]2O)c(C(C)C)cc1O,C37538901,0,414.4070000000001,0.028319999999999734,0
1331,C[C@H](Oc1ccc2ccc(=O)oc2c1)C(=O)N[C@H](Cc1c[nH]c2ccc(O)cc12)C(=O)O,C02129978,0,436.42000000000013,2.5592999999999995,0
1332,C[C@H](O)[C@H](NC(=O)[C@@H](Cc1c[nH]c2ccccc12)N1C(=O)N=C2C=CC=C[C@H]2C1=O)C(=O)O,C38570779,0,450.4510000000002,1.174599999999999,0
1333,CC(C)[C@H](NC(=O)N1CCn2c1nc1ccccc12)C(=O)N[C@H](C(=O)O)[C@@H](C)O,C38571036,0,403.43900000000014,0.5407000000000004,0
1334,CS(=O)(=O)[C@H]1NN[C@@H](CCNS(=O)(=O)c2ccc3nc(O)oc3c2)O1,C38793992,0,392.41500000000013,-1.0194999999999994,0
1335,CS(=O)(=O)[C@H]1NN[C@@H](CCCNS(=O)(=O)c2ccc3nc(O)oc3c2)O1,C38794012,0,406.4420000000002,-0.6293999999999995,0
1336,C=CCn1c(CC2=CS[C@H](NC(=O)CN3C(=O)N[C@](C)(C4CC4)C3=O)N2)n[nH]c1=S,C38798746,0,449.5620000000001,0.9672899999999998,0
1337,CC(C)[C@H](NC(=O)[C@@H](Cc1c[nH]c2ccccc12)N1C(=O)c2ccccc2N[C@H]1O)C(=O)O,C39024531,0,450.4950000000002,2.1481999999999997,0
1338,N#CC1=C(N)N=N[C@H]1CCCNS(=O)(=O)c1ccc(/C=C/C(=O)O)cc1,C39679869,0,375.4100000000001,1.3711799999999996,0
1339,O=C(CS[C@@H]1NN=NN1c1ccccc1)N[C@H](Cc1c[nH]c2ccccc12)C(=O)O,C39690339,0,424.4860000000002,2.6886,0
1340,O=C(CS[C@@H]1NN=C2C=CC=CN21)N[C@H](Cc1c[nH]c2ccccc12)C(=O)O,C39691618,0,397.46000000000015,1.5987999999999996,0
1341,Cc1occc1[C@H]1NN[C@@H](SCC(=O)N[C@@H](Cc2c[nH]c3ccccc23)C(=O)O)O1,C39692058,0,430.48600000000016,2.0212199999999996,0
1342,O=C(CS[C@H]1NN[C@H](C2CC2)N1C1CC1)N[C@@H](Cc1c[nH]c2ccccc12)C(=O)O,C39692853,0,429.54600000000016,1.6048999999999998,0
1343,O=C(CS[C@H]1NN=NN1Cc1cccs1)N[C@@H](Cc1c[nH]c2ccccc12)C(=O)O,C39693138,0,444.5420000000002,2.7457000000000003,0
1344,CC(C)[C@H](NC(=O)N1c2ccccc2NC(=O)[C@@H]1C(C)C)C(=O)N[C@H](C(=O)O)[C@@H](C)O,C38571099,0,434.49300000000017,1.1541000000000008,0
1345,CNC(=O)c1cc(S(=O)(=O)Nc2cc([N+](=O)[O-])ccc2NCCO)cn1C,C31668359,0,397.4130000000001,0.49789999999999923,0
1346,COCCCN1C(=O)N=C(O)/C(=C2\C[C@H](c3ccc(O)c(OC)c3)NN2)C1=O,C09042232,0,390.39600000000013,1.1491,0
1347,C#CCNC(=O)CCNC(=O)Nc1ccc(NS(=O)(=O)CC)c(OC)c1,C64623827,0,382.44200000000023,0.7177999999999995,0
1348,NS(=O)(=O)c1ccc(NC(=O)C2=CN=N[C@H]2S(=O)(=O)Nc2ccccc2)cc1,C65055369,0,421.4600000000001,1.3901999999999997,0
1349,CCS(=O)(=O)Nc1ccc(NC(=O)NCCNS(C)(=O)=O)cc1OC,C65787378,0,394.47500000000014,0.12750000000000106,0
1350,COC(=O)C1=C(C)NC(=O)N[C@H]1c1cc(Cl)c(OCC(=O)O)c(OC)c1,C04810924,0,384.7720000000002,1.6128999999999996,0
1351,COC(=O)C1=C(C)NC(=O)N[C@@H]1c1cc(Cl)cc(OC)c1OCC(=O)O,C05027786,0,384.7720000000002,1.6128999999999996,0
1352,CCc1cc(=O)oc2cc(OCC(=O)NCC(=O)N[C@H](C(=O)O)C(C)C)ccc12,C02120334,0,404.41900000000004,1.0758,0
1353,COc1cc([C@@H]2C(C(=O)/C=C/c3ccccc3)=C(O)C(=O)N2CCCC(=O)O)ccc1O,C06239327,0,437.44800000000026,3.2435000000000014,0
1354,O=C(O)CC[C@@]1(c2ccccc2)NC(=O)N(CC(=O)Nc2cccc(F)c2)C1=O,C08844956,0,399.3780000000001,2.0763,0
1355,Cc1cc(C(=O)NNC(=O)CC(C)(C)CC(=O)O)c(C)n1-c1ccc(F)cc1,C12641476,0,389.4270000000001,2.8852400000000014,0
1356,Cc1ccc(-c2nnc(SCC(=O)NC(=O)NCC(F)(F)F)n2CC(=O)O)cc1,C13020500,0,431.39600000000013,1.8183199999999997,0
1357,C=CCNC(=O)NC(=O)CSc1nc2ccccc2c(=O)n1[C@H](C(=O)O)C(C)C,C13025118,0,418.4750000000002,1.7820999999999996,0
1358,C=CCNC(=O)NC(=O)CSc1nc2ccccc2c(=O)n1[C@@H](C(=O)O)C(C)C,C13025120,0,418.4750000000002,1.7820999999999996,0
1359,CC(C)(C)NC(=O)NC(=O)CSc1nnc(-c2cccs2)n1CCC(=O)O,C13192376,0,411.5090000000001,2.1976999999999998,0
1360,O=C(O)CCn1c(SCC(=O)NC(=O)NCc2cccs2)nc2ccccc2c1=O,C13237671,0,446.51000000000016,2.0507999999999997,0
1361,O=C(O)CCn1c(SCC(=O)NC(=O)NCc2cccs2)nnc1-c1cccs1,C13239042,0,451.5550000000001,2.6609000000000007,0
1362,O=C(CC1(C(=O)O)CCCC1)Nc1cccc(S(=O)(=O)NCc2ccco2)c1,C13250396,0,406.46000000000015,2.731700000000001,0
1363,O=C(CSc1cccc2cccnc12)NNS(=O)(=O)c1ccc(F)c(C(=O)O)c1,C13262074,0,435.4580000000002,2.1738999999999997,0
1364,Cc1cc(/C=C/C(=O)c2cccc(S(=O)(=O)NCC(=O)O)c2)cc(C)c1O,C13366771,0,389.4290000000002,2.2680400000000005,0
1365,C=CCNS(=O)(=O)c1cccc(C(=O)N[C@H](CC(=O)O)c2cccs2)c1,C13390050,0,394.4740000000001,2.1582,0
1366,O=C(O)CNS(=O)(=O)c1ccc(NC(=O)C2(c3ccc(F)cc3)CCCC2)cc1,C13393808,0,420.4620000000002,2.639100000000001,0
1367,O=C(O)CNS(=O)(=O)c1ccc(NC(=O)C2(c3ccccc3F)CCCC2)cc1,C13394039,0,420.4620000000002,2.639100000000001,0
1368,O=C(O)Cc1csc(SCC(=O)NC(=O)NCCc2cccs2)n1,C13416508,0,385.4920000000001,1.9923000000000002,0
1369,O=C(O)CCCC(=O)Nc1sccc1C(=O)Nc1cccc([N+](=O)[O-])c1,C17077158,0,377.37800000000016,3.102000000000001,0
1370,CCCCCn1nc(C(=O)NNC(=O)c2ccc(O)nn2)c2ccccc2c1=O,C21770038,0,396.40700000000015,1.1570999999999996,0
1371,O=C(CSc1nc(O)cc(CC(=O)NC2CC2)n1)NCc1ccc2c(c1)OCO2,C22628703,0,416.4590000000002,1.1404999999999992,0
1372,O=C(NCc1cc([N+](=O)[O-])ccc1O)c1ccc(S(=O)(=O)NC2CC2)cc1,C22977599,0,391.40500000000014,1.6711,0
1373,CCCC[C@H](C(=O)OCCOc1ccccc1)c1c(O)[nH]c(=O)[nH]c1=O,C16852813,0,362.38200000000006,1.6647999999999996,0
1374,CCNC(=O)[C@@H](C)NC(=O)c1ccccc1NS(=O)(=O)c1ccc(F)cc1,C25681712,0,393.4400000000001,1.8808999999999991,0
1375,O=C(Cn1nc(O)c2ccccc2c1=O)NCCNc1ccccc1[N+](=O)[O-],C08133963,0,383.3640000000001,1.2385999999999995,0
1376,Cc1cc(-c2ccc(F)cc2)c(/C=C/[C@H](O)C[C@@H](O)CC(=O)O)c(C(C)C)[n+]1[O-],C27524479,0,403.4500000000002,3.1577200000000003,0
1377,O=[N+]([O-])c1ccc(NCCO)c(NS(=O)(=O)c2cccc3nsnc23)c1,C29433785,0,395.4220000000001,1.8044999999999998,0
1378,NS(=O)(=O)c1cccc(S(=O)(=O)Nc2cccc(OCc3ccccn3)c2)c1,C36760535,0,419.48400000000015,2.1088,0
1379,CC(C)[C@H](NC(=O)[C@@H](Cc1c[nH]c2ccccc12)N1C(=O)N=C2C=CC=C[C@H]2C1=O)C(=O)O,C38570747,0,448.4790000000002,2.4497999999999998,0
1380,C=CCN1C(=O)C(O)=C(C(=O)c2cccs2)[C@H]1c1ccc(OCC(N)=O)cc1,C40022729,0,398.44000000000017,2.3765,0
1381,COc1ccccc1-c1n[nH]c(NC(=O)CCNC(=O)c2ccsc2)n1,C40088568,0,371.4220000000001,2.3004,0
1382,COc1cc([C@@H]2C(C(=O)c3cc4ccccc4o3)=C(O)C(=O)N2CCOCCO)ccc1O,C40096997,0,453.4470000000003,2.734200000000001,0
1383,C=CCOc1ccc(C(=O)C2=C(O)C(=O)N(CCOCCO)[C@H]2c2cccc(O)c2)cc1,C40099357,0,439.4640000000001,2.544200000000001,0
1384,C=CCOc1cccc(C(=O)C2=C(O)C(=O)N(CCOCCO)[C@@H]2c2cccc(O)c2)c1,C40102104,0,439.46400000000017,2.544200000000001,0
1385,CCOc1ccc(/C=C/C(=O)N[C@@H](Cc2c[nH]c3ccccc23)C(=O)O)cc1,C40867419,0,378.42800000000005,3.3919000000000015,0
1386,O=C(COc1ccccc1Cl)N[C@@H](Cc1c[nH]c2ccccc12)C(=O)O,C40867840,0,372.8080000000001,3.0122,0
1387,CSCC[C@H](NC(=O)Cc1c(C)nc2c(C#N)cnn2c1O)c1nc2ccccc2[nH]1,C46898865,0,435.5130000000001,2.6444,0
1388,CCOc1cc(/C=C2\SC(=S)N(CCCC(=O)NCC(=O)O)C2=O)ccc1O,C15040219,0,424.5000000000001,1.9731,0
1389,CCCCNC(=O)[C@H]1CCCN(C(=O)c2cc(NS(C)(=O)=O)ccc2O)C1,C51444922,0,397.4970000000001,1.5321999999999996,0
1390,N#Cc1ccc(OCC(=O)NN/C(=C\CC(=O)O)c2cccs2)cc1,C03356621,0,357.391,2.13518,0
1391,CCNC(=O)[C@@H](C)NC(=O)c1cccc(S(=O)(=O)Nc2ccc(F)cc2)c1,C07643815,0,393.44000000000005,1.880899999999999,0
1392,CCCS(=O)(=O)Nc1ccccc1C(=O)NNC(=O)c1ccc(C#N)cc1,C61462855,0,386.43300000000016,1.7847799999999998,0
1393,CCCS(=O)(=O)Nc1cccc(C(=O)NNC(=O)c2ccc(C#N)cc2)c1,C61464306,0,386.4330000000001,1.78478,0
1394,O=C(CCOc1ccccc1)NNC(=O)c1cccc(-n2nc(O)ccc2=O)c1,C61474904,0,394.3870000000001,1.1682,0
1395,COC(=O)c1sc2ncnc(N[C@@H](Cc3c[nH]c4ccccc34)C(=O)O)c2c1C,C62097461,0,410.4550000000002,3.375420000000001,0
1396,Cc1cc(OCC(N)=O)ccc1NS(=O)(=O)c1ccc([N+](=O)[O-])s1,C63912846,0,371.39600000000013,1.6296199999999996,0
1397,NC(=O)Cc1ccc(OC/C(O)=N/S(=O)(=O)N2CCCc3ccccc32)cc1,C65565024,0,403.46000000000015,1.7473000000000003,0
1398,CCS(=O)(=O)Nc1ccccc1C(=O)Nc1ccc(C(=O)NC2CC2)cc1,C65842415,0,387.4610000000002,2.5927000000000007,0
1399,CCS(=O)(=O)Nc1ccccc1C(=O)NNC(=O)Cc1ccccc1F,C66839670,0,379.4130000000001,1.5909999999999997,0
1400,COc1ccc(cc1OC)C(=O)NCC(=O)N/N=C/c2ccc(c(c2)O)O,C03084950,0,373.36500000000007,0.9950999999999997,0
1401,Cc1c(cn(n1)C)[C@H](C)NC(=S)Nc2ccc(cc2)S(=O)(=O)N,C02858052,0,353.47300000000007,1.42352,0
1402,CCCn1c(cc(c1C)/C=C(\C#N)/C(=O)OCc2nc(nc(n2)N)N)C,C07814515,0,355.40200000000004,1.5147199999999996,0
1403,c1ccc(cc1)[C@H](CC(=O)NCc2ccccc2Cn3cccn3)NC(=O)N,C10572814,0,377.44800000000004,2.3473,0
1404,c1cc2c(cc1C(=O)NNC(=S)NC[C@@H]3CCCO3)NC(=O)CS2,C15900066,0,366.46800000000013,1.0187,0
1405,Cc1ccc(cc1)NC(=O)C(=O)NN/C(=C/C(=O)NCc2cccnc2)/C,C20074074,0,367.4090000000001,1.1695199999999994,0
1406,c1cc(cnc1)c2nnc(n2N)SCC(=O)NNC(=O)c3ccc(cc3)F,C20922935,0,387.4000000000001,0.7462999999999995,0
1407,c1cc(ccc1C(=O)NNC(=O)CSc2nnc(n2N)c3ccncc3)F,C20922993,0,387.40000000000003,0.7462999999999995,0
1408,c1ccc2c(c1)c(=O)n(cn2)CCC(=O)Nc3nc(cs3)c4cc([nH]c4)C(=O)N,C30983933,0,408.4430000000001,1.9757999999999996,0
1409,Cc1ccc(cc1F)NS(=O)(=O)CCNC(=O)c2c(nccn2)N,C36397315,0,353.3790000000001,0.6780199999999998,0
1410,c1ccc(cc1)N/N=C\2/C(=NN(C2=O)c3ccc(cc3)F)[C@@H]([C@@H](CO)O)O,C05483192,0,372.35600000000005,0.7104999999999995,0
1411,c1ccc(c(c1)C(=O)N)NC(=O)Cc2csc(n2)NC(=O)c3cnccn3,C38740206,0,382.40500000000003,1.4655,0
1412,COCCN1C(=O)C=C[C@H](N1)C(=O)NNC(=O)Cc2c[nH]c3c2cccc3,C39444209,0,371.39700000000005,-0.22419999999999796,0
1413,C[C@@]1(C(=O)NC(=O)N1)c2cccc(c2)NC(=O)CCNC(=O)c3ccco3,C40111209,0,370.3650000000001,1.0927999999999987,0
1414,c1ccc(c(c1)C(=O)NNc2c(c(ncn2)N(CC#N)CC#N)N)Br,C40736733,0,401.22800000000007,1.43176,0
1415,CCOCCCNS(=O)(=O)c1cc(cnc1NN)Br,C41070000,0,353.242,0.8346,0
1416,c1cc(c(cc1F)F)C(=O)NCC(=O)NNC(=S)NC[C@@H]2CCCO2,C42095412,0,372.3970000000002,0.3688999999999998,0
1417,CC(C)NS(=O)(=O)c1ccc(cc1)/C=C\C(=O)NCCCC(=O)N,C42924453,0,353.4440000000002,0.7682000000000004,0
1418,c1cc(cc(c1)F)Oc2c(cccn2)CNC(=O)NNC(=O)C(=O)NC3CC3,C45999891,0,387.37100000000015,1.122,0
1419,C[C@@H](C(=O)NCc1ccc(c(c1)OC)OC[C@@H]2CCCO2)NC(=O)N,C46630862,0,351.4030000000001,0.926000000000001,0
1420,c1ccc2c(c1)ccc(n2)C(=O)NNC(=O)NCCNc3ncccn3,C47059134,0,351.37,1.080899999999999,0
1421,C[C@@H](C(=O)NNC(=O)c1ccc(o1)S(=O)(=O)N)Oc2ccccc2F,C47932483,0,371.34600000000006,0.29459999999999964,0
1422,CC[C@H](c1ccccc1OC(F)F)NC(=O)C(=O)Nc2c(ccs2)C(=O)N,C47999719,0,397.4030000000001,2.6544,0
1423,c1cc(ccc1C(=O)Nc2nccs2)NC(=O)C(=O)NCCCO,C48602279,0,348.3840000000002,0.8324999999999998,0
1424,Cc1cc(cc(c1)OCC(=O)NNC(=O)NCCC(=O)NCC#C)C,C50136661,0,346.3870000000001,0.15214000000000127,0
1425,c1c(cn(n1)CC(=O)N)NC(=O)CNC(=O)C23CC4CC(C2)CC(C4)C3,C53413803,0,359.4300000000002,0.6394999999999988,0
1426,CCOc1cc(ccc1OCCO)[C@H]2c3c(n[nH]c3OC(=C2C#N)N)C,C04453935,0,356.3820000000001,1.7060999999999997,0
1427,C[C@@H](c1ccc(c(c1)OC)OCc2ccncc2)N[C@H](C)C(=O)NC(=O)N,C56188508,0,372.42500000000007,1.9031999999999993,0
1428,CC(C)NS(=O)(=O)c1ccc(nc1)NNC(=O)Nc2ccncc2,C56499555,0,350.40400000000005,1.3118999999999994,0
1429,C1CC1CNC(=O)CC[C@@H]2C(=O)N[C@H](C(=O)N2)CCC(=O)NCC3CC3,C32913755,0,364.4460000000002,-0.4175999999999973,0
1430,CCOc1cc(ccc1OCC(=O)N)[C@@H]2c3c(n[nH]c3NC(=O)[C@@H](S2)C)C,C06678856,0,390.46500000000003,2.144119999999999,0
1431,c1cc(ccc1NC(=O)CCCNC(=O)C2CC2)n3c(c(cn3)C#N)N,C58293868,0,352.398,1.5710799999999996,0
1432,CCc1c(snn1)C(=O)NCc2ccc(cc2)C(=O)NCC(=O)N,C59332334,0,347.40000000000015,0.24559999999999976,0
1433,CCS(=O)(=O)NCCNC(=O)NCCCc1[nH]c2ccccc2n1,C60609335,0,353.44800000000004,0.734,0
1434,CC(C)[C@H](C(=O)NNC(=O)C(=O)NC(C)C)NC(=O)c1ccc(cc1)F,C61087605,0,366.3930000000001,0.2521000000000005,0
1435,c1cc([nH]c1)c2nnc(o2)SCC(=O)Nc3c(ccs3)C(=O)N,C14093752,0,349.39700000000005,1.9558999999999997,0
1436,C[C@H](C(=O)NCc1ccco1)NC(=O)NCc2ccc(c(c2)OC)O,C62520204,0,347.3710000000001,1.4978999999999998,0
1437,Cc1cc(n(n1)c2ccc(cn2)/C(=N/OCc3ccc(cc3)C(=O)N)/N)C,C63864069,0,364.40900000000016,1.8201399999999999,0
1438,CCCCNC(=O)NNC(=O)CN1C(=O)C2(CCC(CC2)C)NC1=O,C64426802,0,353.42300000000006,0.6176000000000006,0
1439,COCCNC(=O)NNC(=O)CCCNC(=O)c1ccc(cc1)Cl,C64886993,0,356.81000000000006,0.8267999999999993,0
1440,c1cc(c(cc1F)NC(=O)c2ccoc2)C(=O)NNC(=O)NC[C@@H]3CCCO3,C65145867,0,390.3710000000002,1.7939999999999996,0
1441,C#CCNS(=O)(=O)c1cccc(c1)C(=O)NNC(=O)NCC2CC2,C65192867,0,350.4000000000002,-0.047900000000000054,0
1442,CCS(=O)(=O)NCCNC(=O)NCC(=O)Nc1cccc(c1)F,C65384275,0,346.38400000000007,0.0027000000000004243,0
1443,CS(=O)(=O)NCCNC(=O)NCC(=O)Nc1ccc(cc1)Cl,C54648812,0,348.812,0.1269000000000003,0
1444,Cc1csc(n1)CCCCNC(=O)C(=O)Nc2ccc(c(c2)C(=O)N)Cl,C66229499,0,394.8840000000001,2.28142,0
1445,c1cc(cc(c1)S(=O)(=O)N)NC(=O)CCN(CCCO)CC(F)(F)F,C66501482,0,383.39200000000005,0.9092999999999996,0
1446,CC(C)CCC(=O)NNS(=O)(=O)c1ccc(cc1F)S(=O)(=O)N,C66589387,0,367.4240000000001,0.21880000000000088,0
1447,CC(C)n1c(n[nH]c1=S)CNC(=O)CCNC(=O)c2c[nH]c3c2cccc3,C66640236,0,386.48100000000005,2.43919,0
1448,CSCC[C@H](C(=O)NCc1ccccc1n2cccn2)NC(=O)N,C67360010,0,347.4440000000001,1.2785,0
1449,Cc1ccccc1[C@@H](CC(=O)NCc2ccc(c(c2)F)n3ccnc3)NC(=O)N,C67523624,0,395.4380000000001,2.7357199999999997,0
1450,CC1(C)N=C(NN=C2CCCCC2)S[P@@]1(=O)NCC(=O)O,C05741720,0,332.36600000000004,2.6023000000000005,0
1451,C[C@H](O)[C@H](NS(=O)(=O)c1ccc(Cl)c(Cl)c1)C(=O)O,C03412814,0,328.17300000000006,1.1056999999999997,0
1452,O=C(Cn1nc(C(=O)O)c2ccccc2c1=O)NC(=O)NCc1ccco1,C03348426,0,370.32100000000014,0.7136999999999997,0
1453,CN1C(=O)N=C(O)[C@H](/C=N/[C@@H](Cc2c[nH]c3ccccc23)C(=O)O)C1=O,C08742605,0,356.3380000000001,1.3991,0
1454,O=C(NC[C@@H]1CCCO1)C(=O)N/N=C/c1cc([N+](=O)[O-])ccc1O,C09232828,0,336.3040000000001,0.04570000000000085,0
1455,Cc1c(CC(=O)N[C@@H](C(=O)O)C(C)C)c(=O)oc2cc(O)c(Cl)cc12,C11865662,0,367.785,2.228319999999999,0
1456,O=P(O)(O)[C@H](NCc1ccc2c(c1)OCCO2)c1ccsc1,C12997540,0,341.32500000000005,2.4854000000000003,0
1457,Cc1c(C(=O)O)sc2ncn(CC(=O)NC(=O)NCC(F)(F)F)c(=O)c12,C13418429,0,392.31500000000005,0.8527200000000001,0
1458,COc1cc(/C=C2\SC(=S)N([C@H](C)C(=O)N[C@H](C)C(=O)O)C2=O)ccc1O,C15048403,0,410.4730000000002,1.5797999999999999,0
1459,C=CCN1C(=O)/C(=C/NNC(=O)c2ccccc2)C(O)=NC1=S,C01303313,0,330.369,1.0744999999999998,0
1460,O=c1nc(O)c(N/N=C/c2cn(-c3ccccc3)nc2-c2cccnc2)n[nH]1,C32690921,0,374.3640000000001,1.5642,0
1461,COC(=O)c1ccc(NS(=O)(=O)c2c(C)[nH]c(=O)[nH]c2=O)cc1,C33327150,0,339.329,-0.04097999999999996,0
1462,O=C(Nc1ccc(S(=O)(=O)Nc2ncccn2)cc1)c1ccc(=O)[nH]c1,C13778355,0,371.3780000000001,1.2179999999999997,0
1463,Cc1cc(C(=O)N[C@H](C(=O)O)C(C)C)c(NC(=O)C(C)C)s1,C33519945,0,326.41800000000006,2.4900200000000003,0
1464,O=C(O)CNC(=O)CNC(=O)/C=C/c1cccc(Cl)c1Cl,C35097510,0,331.1550000000001,1.3235999999999999,0
1465,Cc1cccc(-c2n[nH]c(=S)n2CCC(=O)Nc2ncn[nH]2)c1,C23141991,0,329.389,2.0630099999999993,0
1466,Cc1n[nH]c(C)c1NC(=O)Cc1csc(NS(C)(=O)=O)n1,C36733942,0,329.40700000000004,1.03574,0
1467,C[C@H](O)[C@@H](NS(=O)(=O)c1ccc(C(F)(F)F)cc1)C(=O)O,C37405909,0,327.28000000000003,0.8176999999999996,0
1468,NC(=O)Cc1ccc(NS(=O)(=O)c2cnc(Cl)nc2)cc1,C38107803,0,326.765,0.9585999999999997,0
1469,COC(=O)[C@H]1N=c2cc(OC)ccc2=C1/N=C/c1c(O)nc(O)[nH]c1=O,C38786944,0,358.31000000000006,-1.4082000000000008,0
1470,CCc1ccc(NS(=O)(=O)O)c(N2CCN[C@H](SC)C2)c1,C39481114,0,331.463,1.5623999999999996,0
1471,CC(C)Cc1ccc(NS(=O)(=O)O)c(N2CCN[C@@H](F)C2)c1,C39481689,0,331.413,1.8049999999999997,0
1472,NC(=O)C[C@@H](C(=O)O)N1C(=O)/C(=C/c2cccc(Cl)c2)SC1=S,C39862005,0,370.839,1.8698,0
1473,NC(=O)c1ccc(CN2O[C@@H]3C(O)=NC(=O)[C@H]3[C@H]2c2ccc(F)cc2)c([N+](=O)[O-])c1,C43209248,0,414.3490000000001,1.8027999999999997,0
1474,NC(=O)c1ccc(CN2O[C@@H]3C(O)=NC(=O)[C@H]3[C@@H]2c2ccc(F)cc2)c([N+](=O)[O-])c1,C43209249,0,414.3490000000001,1.8027999999999997,0
1475,Cc1ccc(C(=O)NCC(=O)N[C@@]2(C(=O)O)CCSC2)s1,C43509892,0,328.415,0.8628199999999999,0
1476,O=C(CNC(=O)c1ccc(Br)cc1)NCc1nnn[nH]1,C44928079,0,339.1530000000001,0.008399999999999852,0
1477,O=C(O)COCC(=O)c1cc2[nH]c(=O)[nH]c2cc1Br,C52094206,0,329.106,0.9025999999999998,0
1478,COCCN1C(=O)/C(=C\N/N=C2\C(=O)Nc3ccccc32)C(O)=NC1=S,C54500071,0,373.39400000000006,0.5463000000000005,0
1479,O=C(NC/C(O)=N/c1nc(-c2ccccn2)n[nH]1)c1ccsc1,C55280308,0,328.3570000000001,1.9461999999999995,0
1480,COc1ccc(C(N)=O)cc1NS(=O)(=O)c1c(C)nn(C)c1Cl,C55611676,0,358.80700000000013,1.2902200000000001,0
1481,COc1c(F)cc(NS(=O)(=O)c2cc(C(N)=O)n(C)c2)cc1F,C55682378,0,345.32700000000006,1.2115999999999998,0
1482,O=C(N/C(S)=N\NS(=O)(=O)c1ccccc1)c1cccnc1,C02397602,0,336.3980000000001,0.9906999999999999,0
1483,Cn1c(O)c2ccc(C(=O)NCC(=O)NCc3ccco3)cc2nc1=S,C24181415,0,372.40600000000006,1.6475899999999992,0
1484,COc1cc(/C=C2/SC(N)=NC2=O)cc(F)c1OCC(=O)O,C09324533,0,326.30500000000006,1.2267000000000001,0
1485,Cc1ccccc1-n1ncc(/C(O)=N/S(=O)(=O)c2cc(C(N)=O)n(C)c2)c1C,C48558659,0,401.4480000000002,1.6200399999999995,0
1486,Cc1cccc(-c2n[nH]c(/N=C(\O)CNC3=NS(=O)(=O)c4ccccc43)n2)n1,C59403380,0,397.42000000000013,1.5018199999999997,0
1487,CC(C)NC(=O)C(=O)NNS(=O)(=O)c1ccc(C#N)c(Cl)c1,C60379700,0,344.7800000000001,0.04578000000000021,0
1488,Cc1cc(C(=O)CSc2nnc(N)s2)c(C)n1-c1ncn[nH]1,C60649281,0,335.418,1.6209399999999996,0
1489,CC(C)c1nnc(NC(=O)CSc2nnc(O)[nH]c2=O)s1,C41606029,0,328.379,0.5761999999999999,0
1490,CCCC[C@@H](C(=O)O)n1cc(O)c(=O)cc1CN(C)CC(=O)O,C62393462,0,326.34900000000005,0.8861999999999999,0
1491,CC[C@@H](C)[C@@H](C(=O)O)n1cc(O)c(=O)cc1CN(C)CC(=O)O,C62393766,0,326.34900000000005,0.7421,0
1492,NS(=O)(=O)c1ccc(NS(=O)(=O)C[C@H]2CCCO2)cc1Cl,C63156168,0,354.8370000000001,0.9081000000000004,0
1493,Cc1[nH]n(C2=NC(=O)[C@H](Cc3ccccc3)C(O)=N2)c(=O)c1CCO,C63587359,0,342.35500000000013,0.5793199999999998,0
1494,NC(=O)C1=C(SCC(=O)c2ccccc2)S[C@@H]2C(O)=CC(=O)N=C12,C40287943,0,360.4160000000001,1.8379000000000003,0
1495,O=C(C[C@]1(C(=O)O)CCSC1)NNC(=O)c1ccccc1F,C64610470,0,326.349,1.184699999999999,0
1496,NC(=O)c1oc2ccccc2c1NS(=O)(=O)c1cccc(-n2cnnn2)c1,C65832403,0,384.377,1.3081999999999998,0
1497,CCn1cc(S(=O)(=O)Nc2c(C(N)=O)oc3ccccc23)cn1,C66578401,0,334.357,1.5489000000000002,0
1498,CCn1c(O)c2ccc(C(=O)NCCc3n[nH]c(=S)n3C)cc2nc1=S,C67050971,0,390.494,2.25488,0
1499,O=C(NCCCc1nnc2n1CCCCC2)c1cnc2nc(O)[nH]c(=O)c2c1,C67175813,0,383.4120000000001,0.7041999999999987,0
1500,OC[C@@H]1O[C@H](Nc2ccccn2)[C@H](O)[C@H](O)[C@@H]1O,C04127381,0,256.25800000000004,-1.7066000000000003,0
1501,NC(=O)C1CCN(CC(=O)N2CCC(C(N)=O)CC2)CC1,C04737119,0,296.3710000000001,-1.0923999999999978,0
1502,O=C(CN(CCO)CCO)c1c[nH]c(=O)[nH]c1=O,C01676162,0,257.24600000000004,-2.4674999999999994,0
1503,OC[C@@H]1O[C@H](c2nc(C3=NCCCN3)cs2)[C@@H](O)[C@@H]1O,C05886998,0,299.352,-0.9630000000000001,0
1504,NCCNC(=O)c1c(O)n2c3c(cccc3c1=O)CC2,C06132818,0,273.29200000000003,-0.048300000000000676,0
1505,[H]/N=C1C(=N/Nc2ccc(Cl)cc2)\C(=N)NN\1S(C)(=O)=O,C04478179,0,314.7580000000001,0.8422400000000001,0
1506,CCCn1c(N)c(C(=O)CN2CCNC(=O)C2)c(=O)[nH]c1=O,C08708736,0,309.32599999999996,-1.8566999999999965,0
1507,NCCC(=O)Nc1ccc(N2CCN(CCO)CC2)cn1,C31962419,0,293.371,-0.5167999999999993,0
1508,NCCc1nc(C(=O)N[C@@H]2CCCCNC2=O)co1,C35403980,0,266.301,-0.4256999999999995,0
1509,N/C(=C/n1cncn1)NNc1ccc(Cl)nn1,C20218694,0,252.669,0.052799999999999625,0
1510,O=C(NCCCNC1CC1)c1c[nH]c(=O)[nH]c1=O,C36262621,0,252.274,-1.064899999999999,0
1511,CNC(=O)c1cc(S(=O)(=O)NCCCN)cn1C,C36297920,0,274.34599999999995,-0.9881999999999984,0
1512,C[C@@H](N)c1ccc(S(=O)(=O)NCCNS(C)(=O)=O)cc1,C36733367,0,321.42400000000004,-0.46619999999999906,0
1513,NNC(=O)CCCC[C@@H]1SC[C@@H]2N=C(N)N[C@@H]21,C37246260,0,257.363,-0.6927999999999996,0
1514,NC(=O)CN(C[C@H]1CNC(=O)O1)C1CCNCC1,C37543259,0,256.306,-1.3658999999999972,0
1515,NCC#Cc1cccc(S(=O)(=O)NCC(N)=O)c1,C37580886,0,267.30999999999995,-1.2395999999999991,0
1516,NCC#Cc1cc(F)ccc1S(=O)(=O)NCC(N)=O,C37580892,0,285.3,-1.1004999999999991,0
1517,NC(=O)CCCC[C@@H](N)c1ccc2[nH]c(=O)[nH]c2c1,C37635909,0,262.313,0.9017,0
1518,NC(=O)CCCC[C@H](N)c1ccc2[nH]c(=O)oc2c1,C37636736,0,263.29699999999997,1.1665999999999999,0
1519,NC(=O)CC1CCN(C(=O)[C@@H]2C[C@@H](O)CN2)CC1,C37821191,0,255.31799999999998,-1.1767999999999985,0
1520,NC(=O)CNC[C@@H](O)c1ccc2c(c1)OCCO2,C37883178,0,252.26999999999995,-0.43389999999999995,0
1521,N[C@@H](Cc1ccc(O)c(O)c1)c1nnc2n1CCC2,C40225937,0,260.29699999999997,0.878,0
1522,Cc1nnc(N2CCN(CCO)CC2)c(/C(N)=N/O)c1C,C40291857,0,294.359,-0.6977599999999984,0
1523,N[C@@H](Cc1ccc(O)c(O)c1)C(=O)N1CCNCC1,C40459998,0,265.313,-0.6006000000000005,0
1524,NC(=O)C1CCC(NS(=O)(=O)N2CCNCC2)CC1,C40861324,0,290.38900000000007,-1.2298999999999987,0
1525,COC(=O)COC[C@H](N)c1ccc2[nH]c(=O)c(=O)[nH]c2c1,C41071730,0,293.279,-0.5941999999999992,0
1526,NC(=O)CN1CCc2c(sc(N)c2C(N)=O)C1,C41583045,0,254.31499999999994,-0.7274000000000003,0
1527,NC(=S)CNC(=O)C(=O)NCCn1ccnc1,C42542633,0,255.303,-1.598399999999999,0
1528,NC(=O)Cn1cc(NC(=O)CC[C@@H]2CCCNC2)cn1,C43588649,0,279.34399999999994,0.08669999999999917,0
1529,CC(C)(C)S(=O)(=O)/C(C#N)=C/c1sccc1[C@H](N)CC(N)=O,C44254623,0,341.45800000000014,1.70108,0
1530,O=C(NC[C@H]1CCCNC1)c1c[nH]c(=O)[nH]c1=O,C44501854,0,252.274,-1.2073999999999987,0
1531,COCCc1noc([C@H](N)Cc2ccc(O)c(O)c2)n1,C48873280,0,279.296,0.9121999999999997,0
1532,CNC(=O)[C@H](C)NS(=O)(=O)c1cccc([C@H](C)N)c1,C49101832,0,285.369,0.11910000000000054,0
1533,CNC(=O)[C@@H](C)NS(=O)(=O)c1ccc([C@H](C)N)cc1,C49101849,0,285.369,0.11910000000000054,0
1534,COC(=O)CCCN(C)Cc1nc(N)nc(N)n1,C50065395,0,254.29399999999998,-0.5789999999999982,0
1535,Cc1ccc2nnc([C@H](N)Cc3ccc(O)c(O)c3)n2n1,C50194337,0,285.307,1.0864199999999997,0
1536,NC(=O)CC[C@H](N)c1cc2[nH]c(=O)[nH]c2cc1Br,C52094739,0,313.155,0.8839999999999999,0
1537,CC(C)N(C)CCNC(=O)C(=O)NCC(N)=S,C54134343,0,260.363,-1.1548999999999974,0
1538,NC(=S)CNC(=O)C(=O)NCCN1CCCC1,C54134396,0,258.347,-1.3992999999999987,0
1539,CC(C)[C@@]1(C)NC(=O)N(CCC(=O)NCCN)C1=O,C57849026,0,270.33299999999997,-0.5820999999999976,0
1540,C[C@@H](CN1C(=O)NC2(CCNCC2)C1=O)C(N)=S,C57849417,0,270.35799999999995,-0.4173999999999988,0
1541,CN1CCN(CCCNC(=O)CCC(=O)NN)CC1,C58850081,0,271.365,-1.4897999999999971,0
1542,NC(=O)CN(CC(N)=O)Cc1cc2c(cc1N)OCCO2,C61804451,0,294.3110000000001,-1.1873999999999993,0
1543,NC[C@H](c1cc(Br)cs1)N(CC(N)=O)CC(N)=O,C61805533,0,335.22700000000015,-0.21700000000000041,0
1544,Cc1n[nH]cc1CNC(=O)c1ccc(C#CCN)cn1,C61872453,0,269.30799999999994,0.35331999999999975,0
1545,Nc1cnn(C[C@@H](O)CN2CCNC(=O)CC2)c1,C62099640,0,253.30599999999995,-1.351899999999999,0
1546,CNC(=O)c1cc(S(=O)(=O)NCC[C@H](C)N)cn1C,C63171126,0,288.373,-0.5996999999999986,0
1547,NC1=N[C@@H](NC(=S)N[C@@H]2CCS(=O)(=O)C2)N=N1,C39361958,0,276.347,-1.2982999999999998,0
1548,NCc1cn(C2CCN(C3=NC(N)=NC4=NC=N[C@@H]43)CC2)nn1,C63883144,0,314.3570000000001,-1.0904999999999974,0
1549,C[C@H]1NNC(=O)C2=C1[C@@H](C)O[C@H]2NC(=O)CN1CCC(O)CC1,C64233191,0,324.3810000000001,-1.376399999999998,0
1550,C1=C(C(=O)NC1=O)[C@H]2[C@@H]([C@@H]([C@H](O2)CO)O)O,C04217447,0,229.188,-2.9492999999999987,0
1551,CCS[C@@H]1[C@H]([C@@H]([C@@H]([C@@H](O1)CO)O)O)O,C02569715,0,224.27799999999996,-1.4606,0
1552,C=CCO[C@H]1[C@H]([C@@H]([C@@H]([C@@H](O1)CO)O)O)O,C02379093,0,220.22099999999998,-2.011099999999999,0
1553,C=CCO[C@H]1[C@@H]([C@@H]([C@@H]([C@@H](O1)CO)O)O)O,C05017669,0,220.22099999999998,-2.011099999999999,0
1554,C1CN(C(=O)N[C@H]1O)[C@H]2C[C@@H]([C@H](O2)CO)O,C05134061,0,232.23599999999996,-1.8116999999999996,0
1555,C1CS(=O)(=O)C[C@H]1C(C(=O)N)C(=O)N,C04017415,0,220.24999999999997,-1.992099999999998,0
1556,c1cn(cn1)Cc2c([nH]c(=S)[nH]c2=O)N,C13284910,0,223.261,0.25949,0
1557,CCS[C@H]1[C@@H]([C@@H]([C@H]([C@@H](O1)CO)O)O)O,C15206459,0,224.27799999999996,-1.4606,0
1558,CCS[C@H]1[C@@H]([C@@H]([C@H]([C@H](O1)CO)O)O)O,C15206462,0,224.27799999999996,-1.4606,0
1559,CCS[C@@H]1[C@H]([C@@H]([C@H](O[C@H]1O)CO)O)O,C17021248,0,224.278,-1.4606000000000003,0
1560,c1cn(c(=O)[nH]c1=O)[C@@H]2C[C@@H]([C@H]([C@@H]2O)O)CO,C01572843,0,242.231,-2.1882999999999986,0
1561,C1CN(C(=O)N[C@@H]1O)[C@@H]2C[C@@H]([C@H](O2)CO)O,C05847337,0,232.23599999999996,-1.8116999999999996,0
1562,c1[nH]c2c(n1)ncnc2SCC(=O)NN,C05005024,0,224.249,-0.5651000000000002,0
1563,C(CNC=C1C(=O)NC(=S)NC1=O)CO,C06620285,0,229.261,-1.6267999999999994,0
1564,C=CCO[C@@H]1[C@H]([C@H]([C@H]([C@@H](O1)CO)O)O)O,C22047931,0,220.22099999999998,-2.011099999999999,0
1565,C=CCO[C@@H]1[C@H]([C@@H]([C@H]([C@@H](O1)CO)O)O)O,C02525170,0,220.22099999999998,-2.011099999999999,0
1566,CNS(=O)(=O)c1cc(n(c1)C)C(=O)NN,C22158934,0,232.265,-1.4632999999999985,0
1567,Cc1nc([nH]n1)SCCC(=O)NC(=O)N,C25593126,0,229.26499999999996,-0.20977999999999997,0
1568,c1c(c(nc(=O)n1[C@@H]2C[C@@H]([C@H](O2)CO)O)N)Cl,C16941531,0,261.66499999999996,-0.8804000000000005,0
1569,c1c(c(=O)[nH]c(=O)[nH]1)[C@H]2C[C@@H]([C@H](O2)CO)O,C32179021,0,228.20399999999998,-1.7536000000000003,0
1570,C=CCO[C@@H]1[C@@H]([C@H]([C@@H]([C@H](O1)CO)O)O)O,C33358895,0,220.22099999999998,-2.011099999999999,0
1571,C1[C@@H]([C@@H]([C@@H]2[C@@](O1)(NC(=S)O2)CO)O)O,C05600629,0,221.23399999999998,-2.2996999999999987,0
1572,C1CC(CCC1Nc2c(=O)[nH]c(=O)[nH]n2)O,C35179829,0,226.23600000000002,-0.8263999999999998,0
1573,c1cc(cc(c1)C(=O)N2CCC(CC2)O)/C(=N/O)/N,C36929827,0,263.29699999999997,0.3780000000000001,0
1574,c1cc(=O)[nH]cc1C(=O)NCCCC(=O)N,C37503040,0,223.2319999999999,-0.6297999999999999,0
1575,C1[C@@H]([C@@H](CS1(=O)=O)O)NCCC(=O)N,C37692852,0,222.26599999999996,-2.390699999999998,0
1576,C1[C@H]([C@@H](CS1(=O)=O)O)NCCC(=O)N,C37692853,0,222.26599999999996,-2.390699999999998,0
1577,Cc1n[nH]cc1S(=O)(=O)Nc1ccccc1[C@H](C)N,C37730516,0,280.35300000000007,1.5386199999999999,0
1578,CS(=O)(=O)CCNC(=O)C/C(=N/O)/N,C37751123,0,223.254,-1.7162999999999986,0
1579,C[C@H](CNC(=O)Cc1cc(=O)[nH]c(=O)[nH]1)O,C02712782,0,227.22,-1.897299999999999,0
1580,c1cc(c(cc1[C@H](O)O[S@](=O)O)O)O,C39098275,0,220.20199999999997,0.24199999999999983,0
1581,C1CCN(C1)S(=O)(=O)NC/C(=N/O)/N,C40377106,0,222.26999999999998,-1.3369999999999982,0
1582,CC(C)[C@@H](N)C(=O)NC1(C(=O)O)CCCC1,C40481257,0,228.29199999999994,0.4832999999999996,0
1583,NC(=O)CN1CCC2(CC1)NC(=O)N=C2O,C41599104,0,226.236,-1.0139999999999985,0
1584,Cc1nc(n(n1)c2c(cc(cn2)N)C(=O)N)C,C42139523,0,232.24699999999999,-0.039760000000000184,0
1585,c1cc(ccc1N)S(=O)(=O)CCC(=O)N,C42375843,0,228.27299999999994,-0.08209999999999995,0
1586,c1c(c(=O)[nH]c(=O)[nH]1)[C@H]2C[C@H]([C@H](O2)CO)O,C43771825,0,228.20399999999998,-1.7536000000000003,0
1587,CCS[C@H]1[C@@H]([C@H]([C@H]([C@@H](O1)CO)O)O)O,C44168629,0,224.27799999999996,-1.4606,0
1588,CCS[C@H]1[C@H]([C@@H]([C@H]([C@@H](O1)CO)O)O)O,C44699535,0,224.27799999999996,-1.4606,0
1589,C1CC1NC(=O)C(=O)NNC(=O)NC2CC2,C48644865,0,226.236,-1.2421999999999997,0
1590,CNC(=O)CCNC(=O)c1c(nccn1)N,C49176171,0,223.23600000000002,-1.0752999999999993,0
1591,C[C@H](CN(C)c1c(n(c(=O)[nH]c1=O)C)N)O,C49776521,0,228.25199999999998,-1.5271999999999981,0
1592,c1cc(c(nc1)NN)CN2C(=O)CNC2=O,C52725567,0,221.21999999999997,-0.5809999999999997,0
1593,c1cc(cnc1)CCNC(=O)c2nc([nH]n2)N,C55166633,0,232.24699999999999,-0.24560000000000037,0
1594,c1c(nc(s1)N)C(=O)NCc2nc[nH]n2,C55188004,0,224.24900000000002,-0.22660000000000008,0
1595,Cc1ccc(cn1)CNC(=O)C(=O)NCC(=S)N,C62056968,0,266.326,-0.5914799999999991,0
1596,Cc1c(c(n[nH]1)C(=O)N2CCC(=O)NCC2)N,C62100027,0,237.26299999999995,-0.737579999999999,0
1597,c1c(c(n[nH]1)C(=O)NC[C@H]2COCCO2)N,C62811047,0,226.23599999999993,-0.8628999999999993,0
1598,Cn1cc(cn1)CNC(=O)c2c(c[nH]n2)N,C62811902,0,220.23600000000002,-0.3445999999999995,0
1599,Cc1nc(cs1)C/C(=N/OCC(=O)N)/N,C63456914,0,228.27699999999993,-0.2318800000000002,0
1600,Cc1cn(c(=O)[nH]c1=O)[C@H]2[C@H]([C@@H]([C@@H](S2)CO)O)O,C03842711,0,274.298,-1.8268799999999994,0
1601,Cc1cn(c(=S)[nH]c1=O)[C@@H]2[C@@H]([C@@H]([C@@H](O2)CO)O)O,C04533568,0,274.298,-1.1741900000000003,0
1602,c1c(c(nc(=O)n1[C@@H]2C[C@@H]([C@@H](O2)CO)O)N)F,C02023559,0,245.20999999999998,-1.3946999999999998,0
1603,Cc1cn(c(=O)[nH]c1=O)[C@H]2[C@H]([C@@H]([C@@H](CS2)O)O)O,C04934160,0,274.298,-1.8268799999999994,0
1604,Cc1cn(c(=O)[nH]c1=O)[C@@H]2[C@H]([C@@H]([C@@H](S2)CO)O)O,C04958363,0,274.298,-1.8268799999999994,0
1605,C1[C@H]([C@@H](CS1(=O)=O)CC(=O)N)CC(=O)N,C04954801,0,234.27699999999993,-1.6019999999999976,0
1606,c1cn(c(cc1=O)O)[C@@H]2C=C([C@H]([C@@H]2O)O)CO,C06591399,0,239.22699999999998,-1.2509000000000003,0
1607,c1cn(c(cc1=O)O)[C@H]2C=C([C@H]([C@@H]2O)O)CO,C06591401,0,239.22699999999998,-1.2509000000000003,0
1608,CC1(Cc2c(sc(c2C#N)NC(=O)C(=O)NN)CO1)C,C06759880,0,294.33600000000007,0.39948000000000017,0
1609,c1cn(c(=S)[nH]c1=O)[C@@H]2[C@@H]([C@@H]([C@H](O2)CO)O)O,C03635929,0,260.271,-1.4826100000000002,0
1610,c1cc2c(cc1S(=O)(=O)N)[nH]c(=O)c(=O)[nH]2,C13582034,0,241.22799999999998,-1.1361999999999999,0
1611,Cn1c2c(cc(cc2oc1=O)S(=O)(=O)N)N,C11736763,0,243.24399999999994,-0.6388999999999998,0
1612,c1cc(c(cc1C=C2C(=O)NC(=O)NC2=O)O)O,C06765351,0,248.194,-0.1528000000000005,0
1613,Cc1c(c(n(n1)[C@@H](C)C(=O)NC(=O)NC)C)N,C20420541,0,239.279,0.0987400000000006,0
1614,c1cnc(c2c1n(cn2)C/C=C\[C@H](CO)O)N,C29414236,0,234.259,-0.07709999999999995,0
1615,c1cn(c(=S)[nH]c1=O)[C@H]2[C@@H]([C@@H]([C@@H](O2)CO)O)O,C08869285,0,260.271,-1.4826100000000002,0
1616,c1cn(c(=O)c(c1N)F)[C@@H]2C[C@@H]([C@@H](O2)CO)O,C34186946,0,244.222,-0.7897000000000005,0
1617,c1c(c(=O)[nH]c(=O)[nH]1)C(=O)NC2CCC(CC2)O,C35101213,0,253.25799999999995,-0.9035000000000002,0
1618,c1c(c[nH]c1C(=O)N[C@H]2CCS(=O)(=O)C2)N,C36861675,0,243.28799999999995,-0.4861999999999999,0
1619,c1cc(oc1C(=O)NCC(=O)NN)Br,C37388159,0,262.063,-0.23819999999999986,0
1620,C[C@H](COC)NS(=O)(=O)c1c[nH]nc1N,C37471514,0,234.281,-0.6948999999999987,0
1621,Cc1cn(c(=S)[nH]c1=O)[C@H]2[C@@H]([C@@H]([C@H](O2)CO)O)O,C38191974,0,274.298,-1.1741900000000003,0
1622,Cc1c(c(n[nH]1)C)S(=O)(=O)N[C@@H](C)C(=S)N,C40362631,0,262.36,-0.020560000000000023,0
1623,Cn1c(c(c(=O)[nH]c1=O)N2CCC(CC2)O)N,C40418951,0,240.26299999999992,-1.3830999999999984,0
1624,c1ccc2c(c1)C[C@@H]([C@H]2NC(=O)c3c[nH]c(=O)[nH]c3=O)O,C42190652,0,287.275,-0.5487000000000002,0
1625,C[C@@H](C(=O)N)[S@](=O)c1nc2ccc(cc2o1)N,C42195655,0,253.283,0.3913999999999997,0
1626,C[C@@H](C(=O)NC(=O)NC)[S@@](=O)c1ccc(cc1)N,C42197245,0,269.326,0.2204999999999998,0
1627,C[C@H](C(=O)NC(=O)NC)[S@](=O)c1ccc(cc1)N,C42197251,0,269.326,0.2204999999999998,0
1628,N[C@@H](CCO)c1nc2ncc(Br)cc2[nH]1,C43460966,0,271.118,1.1025999999999996,0
1629,c1cc(c(cc1N)F)C(=O)NCc2nc[nH]n2,C43571045,0,235.22200000000004,0.4560000000000001,0
1630,c1cn(c(=S)[nH]c1=S)[C@H]2[C@H]([C@@H]([C@H](O2)CO)O)O,C44020134,0,276.339,-0.11332000000000014,0
1631,c1cc(cc(c1)C(=O)N)CN2CCN(CC2)S(=O)(=O)N,C47461782,0,298.368,-0.8933999999999984,0
1632,C[C@H](N[C@@H](C)c1ccc2[nH]c(=O)[nH]c2c1)C(=O)O,C49355233,0,249.26999999999998,0.9798999999999995,0
1633,C1CS(=O)(=O)C[C@H]1NC(=O)c2c(c(n[nH]2)C3CC3)N,C50323491,0,284.341,-0.21379999999999988,0
1634,C[C@@H](c1nncn1C)NC(=O)c2cc(c[nH]2)N,C50408134,0,234.263,0.21639999999999987,0
1635,Cc1nnc(o1)Sc2c(cc(cn2)N)C(=O)N,C51037626,0,251.271,0.6053199999999999,0
1636,C[C@H](CN(C)S(=O)(=O)c1c[nH]nc1N)O,C51819186,0,234.281,-1.0067999999999993,0
1637,c1cc2c(cc1N)C(=O)N(S2(=O)=O)CC(=O)N,C52125890,0,255.25499999999997,-1.1013999999999995,0
1638,c1cnc(c(n1)/C(=N\O)/N)N2CCC[C@H](C2)O,C54381441,0,237.26299999999995,-0.4678000000000004,0
1639,c1c(nc([nH]c1=O)S[C@@H]2CS(=O)(=O)C[C@@H]2O)N,C37487856,0,277.327,-1.3978999999999995,0
1640,c1cc(c2c(c1F)N(C(=O)[C@@H]2N)CC(=O)N)Cl,C42119103,0,257.65199999999993,0.3107999999999999,0
1641,Cc1ccc(c(n1)N2CCC[C@H]2CO)/C(=N/O)/N,C43399814,0,250.302,0.4456200000000001,0
1642,C(CO)NC(=O)CSc1nnc(s1)N,C59810228,0,234.306,-0.6791,0
1643,c1cc(c(nc1)N)C(=O)N[C@H]2CCCNC2=O,C50705419,0,234.25899999999996,-0.3278000000000005,0
1644,c1cc(ccc1C(=O)N)n2c(=O)[nH][nH]c2=S,C61591583,0,236.256,0.32209,0
1645,c1cnc(cc1C#N)N(CC(=O)N)CC(=O)N,C61808887,0,233.23099999999994,-1.269719999999999,0
1646,c1cc(c(nc1)N(CC(=O)N)CC(=O)N)Br,C61809734,0,287.11699999999996,-0.37889999999999996,0
1647,c1cc(ncc1C#CCCO)C(=O)NCC(=O)N,C61860559,0,247.25399999999996,-0.9693999999999994,0
1648,Nc1cc(O)cc2cc(S(=O)(=O)O)cc(O)c12,C62723266,0,255.25099999999998,1.0799,0
1649,C#CCNC(=O)CCNC(=O)Nc1c[nH]nc1,C64623870,0,235.24700000000004,-0.32929999999999965,0
1650,c1cc(ccc1c2csc(n2)C3=C(N(CC3=O)N)N)F,C04207229,0,290.3229999999999,1.3348999999999998,0
1651,c1cnccc1c2c(c(n(c(=O)c2C#N)N)N)C#N,C03042603,0,252.23699999999997,-0.05034000000000011,0
1652,c1ccc(c(c1)C#N)N[C@@H]2[C@H]([C@@H]([C@@H](CO2)O)O)O,C04773659,0,250.25400000000002,-0.5908200000000001,0
1653,c1nc2c(=O)[nH]c(nc2n1[C@@H]3CC[C@H](C3)CO)N,C01612900,0,249.27399999999994,0.03529999999999983,0
1654,c1c(c(=O)[nH]c(=S)[nH]1)Cc2c[nH]c(=S)[nH]c2=O,C05928167,0,268.32300000000004,0.7691799999999998,0
1655,C=C1C[C@@H]([C@H]([C@@H]1O)O)n2cnc3c2ncnc3N,C05498630,0,247.25799999999998,-0.3687000000000002,0
1656,c1cn(c2c1c(ncn2)N)[C@H]3[C@H](C[C@@H](O3)CO)O,C04830581,0,250.25799999999998,-0.3458,0
1657,c1ccc2c(c1)NC(=O)CN2C(=O)CNC(=O)N,C05938373,0,248.24199999999996,-0.36000000000000004,0
1658,Cc1cn(c(=O)[nH]c1=O)[C@@H]2C[C@@H]([C@H]([C@@H]2O)O)CO,C17061670,0,256.258,-1.8798799999999996,0
1659,Cc1ccc(o1)c2cc(c(=O)n(n2)[C@@H](C)C(=O)N)N,C19216705,0,262.269,0.44021999999999983,0
1660,c1cc(c(cc1S(=O)(=O)N[C@@H]2CCS(=O)(=O)C2)N)O,C20020040,0,306.36500000000007,-0.5601999999999997,0
1661,c1cc(cc(c1)O)NC(=O)c2c[nH]c(=O)[nH]c2=O,C20246022,0,247.20999999999998,0.021100000000000008,0
1662,c1cnc(c2c1n(cn2)[C@H]3[C@@H](C[C@H](O3)CO)O)N,C27522566,0,250.25799999999998,-0.34580000000000005,0
1663,c1cnc(c2c1n(cn2)[C@@H]3C[C@@H]([C@H](O3)CO)O)N,C17189482,0,250.25799999999998,-0.34580000000000005,0
1664,c1cn(c(=O)nc1N)[C@H]2[C@H]([C@@H]([C@@H](O2)CO)O)Br,C17142941,0,306.116,-1.1604,0
1665,c1c(c(cc2c1OCC(=O)N2)N3CCN(CC3)CCO)N,C35609562,0,292.339,-0.2859999999999991,0
1666,c1cc(c(nc1)N2CCC[C@@H](C2)CO)/C(=N/O)/N,C36227254,0,250.30199999999996,0.38480000000000003,0
1667,c1cc(ncc1/C(=N/O)/N)N2CCC(CC2)CO,C37010320,0,250.3019999999999,0.38479999999999986,0
1668,c1cc(c(cc1F)C#CCO)C(=O)NCC(=O)N,C37568647,0,250.22899999999996,-0.6154,0
1669,CN(Cc1ccc(cc1)N)c2c(=O)[nH]c(=O)[nH]n2,C37672713,0,247.25799999999995,-0.32319999999999965,0
1670,c1cc(ccc1N)NC(=S)N[C@H]2CS(=O)(=O)C=C2,C40166783,0,283.37800000000004,0.8659000000000003,0
1671,C#CCN([C@H]1CCS(=O)(=O)C1)C(=O)c2ccc(cc2N)N,C40332452,0,307.375,0.11350000000000054,0
1672,c1c(c[nH]c1C(=O)NC[C@@H]2CCS(=O)(=O)C2)N,C40346405,0,257.315,-0.23859999999999915,0
1673,c1cc(cc(c1)N)CS(=O)(=O)NCc2c[nH]nc2,C40347153,0,266.326,0.6114999999999998,0
1674,CCn1c(c(c(=O)[nH]c1=O)N2CCC[C@@H](C2)O)N,C40415648,0,254.28999999999994,-0.9001999999999994,0
1675,Cn1c(c(c(=O)[nH]c1=O)N2CCC[C@@H](C2)CO)N,C40418947,0,254.2899999999999,-1.1354999999999986,0
1676,c1c2c(c(nc1Cl)N)ncn2[C@H]3C[C@H]([C@@H](O3)CO)O,C40457047,0,284.703,0.30759999999999993,0
1677,NC1(C(=O)NC2(C(=O)O)CCCC2)CCCCC1,C40481300,0,254.32999999999987,1.161599999999999,0
1678,Cc1nc([nH]n1)Sc2cc(ccn2)/C(=N/O)/N,C41632771,0,250.287,0.7538199999999999,0
1679,C[C@@H](C(=O)NC)NS(=O)(=O)c1cc(ccc1F)N,C42560517,0,275.305,-0.17930000000000035,0
1680,Cc1ccc(c(n1)N2CCC(CC2)O)/C(=N/O)/N,C43399528,0,250.302,0.4456200000000001,0
1681,Cc1ccc(c(n1)N2CCC[C@H](C2)O)/C(=N/O)/N,C43399914,0,250.302,0.4456200000000001,0
1682,c1cc2c(cc1N)oc(n2)[S@](=O)CCC(=O)N,C48758790,0,253.28299999999996,0.3930000000000001,0
1683,C[C@H](C(=O)NC)NS(=O)(=O)c1c(cc(cc1F)N)F,C49095819,0,293.295,-0.040200000000000125,0
1684,c1cc(c(cc1N)C(=O)N[C@@H]2CCCNC2=O)F,C50397093,0,251.26099999999997,0.4162999999999997,0
1685,c1cc(c(cc1N)S(=O)(=O)N[C@H]2CCCNC2=O)F,C50397252,0,287.316,-0.035200000000000065,0
1686,CC1(C(=O)N(C(=O)N1)Cc2ccnc(c2)NN)C,C52726288,0,249.27400000000003,0.1975999999999999,0
1687,Cc1ccc(o1)CNc2c(n(c(=O)[nH]c2=O)C)N,C53039113,0,250.258,0.1693199999999998,0
1688,CN1C(=O)/C(=C\Nc2ccccc2N)/C(=O)NC1=O,C06391857,0,260.253,0.27279999999999965,0
1689,Cn1cnnc1Sc2ccc(cc2C(=O)N)N,C41080319,0,249.29899999999998,0.6473999999999998,0
1690,C1CCc2c(nc(s2)NC(=O)C(=O)NCC(=S)N)C1,C49560039,0,298.39300000000003,0.3626999999999999,0
1691,c1cc(c(cc1/C=N\c2c[nH]c(=O)[nH]c2=O)O)O,C00438536,0,247.20999999999998,0.22499999999999976,0
1692,C1NC(=O)C(=CN1[C@@H]2[C@H]([C@H]([C@@H](O2)CO)O)O)F,C59268785,0,248.20999999999998,-2.374399999999999,0
1693,C1C[C@@H](CN(C1)C(=O)c2c(c(n[nH]2)C3CC3)N)O,C50323742,0,250.302,0.4662,0
1694,Cc1c(nnc(c1/C(=N/O)/N)N2CC[C@@H](C2)O)C,C61710529,0,251.28999999999996,-0.2410599999999996,0
1695,c1cc(nc(c1)NN)C(=O)N2CCC(=O)NCC2,C62102252,0,249.27399999999994,-0.6707000000000001,0
1696,c1c[nH]nc1C(=O)Nc2ncc(s2)C#CCN,C62778280,0,247.28299999999996,0.4286999999999998,0
1697,c1cc2c(cc1[C@H](c3c[nH]nc3)O)[nH]c(=O)c(=O)[nH]2,C62778483,0,258.23699999999997,0.02119999999999944,0
1698,c1cc2c(cc1[C@@H](c3ccn[nH]3)O)[nH]c(=O)c(=O)[nH]2,C62778484,0,258.23699999999997,0.02119999999999944,0
1699,c1cc2c(cc1[C@H](c3ccn[nH]3)O)[nH]c(=O)c(=O)[nH]2,C62778485,0,258.23699999999997,0.02119999999999944,0
1700,c1ccc2c(c1)[C@@](C(=O)N2)([C@]3(c4ccccc4NC3=O)O)O,C00174713,0,296.28200000000004,0.6661999999999997,0
1701,c1cc(cc(c1)Cl)O[C@@H]2[C@H]([C@H]([C@@H]([C@H](O2)CO)O)O)O,C00485475,0,290.699,-0.4813000000000005,0
1702,c1cc(ccc1O[C@H]2[C@@H]([C@H]([C@H]([C@H](O2)CO)O)O)O)Cl,C04043901,0,290.69899999999996,-0.48129999999999984,0
1703,Cc1c(cc2c(c(sc2n1)/C(=N/C#N)/N)N)C(=O)C,C04719096,0,273.321,1.5759,0
1704,c1ccc(cc1)[C@]2(C=C3NC(=O)c4c([nH]cn4)N3N2)O,C01414423,0,269.264,0.1644000000000001,0
1705,Cc1ccc(cc1)O[C@H]2[C@@H]([C@H]([C@@H]([C@H](O2)CO)O)O)O,C05781539,0,270.281,-0.8262800000000003,0
1706,c1ccc(c(c1)C(=O)NNC(=O)[C@H]2CCC(=O)N2)O,C06095187,0,263.25299999999993,-0.5682000000000006,0
1707,c1c(c2n(n1)[C@@H](C[C@@H](N2)C3CC3)C(F)F)C(=O)NN,C06328525,0,271.27099999999996,0.887,0
1708,C[C@@]1([C@]([C@@]([C@@]([C@](O1)(C)SC)(C)O)(C)O)(C)O)CO,C09915812,0,280.386,0.09979999999999989,0
1709,CC(C)NS(=O)(=O)c1cc2c(c(c1)N)NC(=O)C2,C11736947,0,269.326,0.4500999999999999,0
1710,c1ccc2c(c1)[nH]c(=S)n2[C@H]3[C@H]([C@@H]([C@@H](O3)CO)O)O,C04823951,0,282.32099999999997,0.31038999999999933,0
1711,CN(C)c1ccc(cc1)S[C@@H]2[C@H]([C@@H]([C@H]([C@@H](O2)CO)O)O)O,C16968729,0,315.39099999999996,-0.35539999999999994,0
1712,c1ccc2c(c1)[nH]c(=S)n2[C@@H]3[C@H]([C@@H]([C@H](O3)CO)O)O,C17020713,0,282.32099999999997,0.31038999999999933,0
1713,c1ccc(c(c1)NC=C2C(=O)NC(=S)NC2=O)O,C05687405,0,263.27799999999996,0.21889999999999965,0
1714,O=C(Nc1cccc2c(O)n[nH]c(=O)c12)[C@H]1CSCN1,C19442290,0,292.32,0.2296999999999994,0
1715,CNS(=O)(=O)c1ccc(c(c1)N)Sc2[nH]ncn2,C35059829,0,285.354,0.4461999999999999,0
1716,c1c2c(cc(c1N)N3CCC(CC3)O)NC(=O)CC2,C35355707,0,261.325,1.1145999999999998,0
1717,c1c(c(cc2c1OCC(=O)N2)N3CCC[C@H](C3)O)N,C35612081,0,263.29699999999997,0.5608,0
1718,Cn1cc(cn1)NS(=O)(=O)c2ccccc2NN,C35738183,0,267.314,0.5065,0
1719,Cn1cc(cn1)NS(=O)(=O)c2ccc(cc2)NN,C35738184,0,267.314,0.5065,0
1720,C[C@@H](C(=O)NC(=O)NC)n1ccnc1c2cccc(c2)N,C37557047,0,287.32300000000004,1.1488999999999996,0
1721,N#Cc1ccccc1NS(=O)(=O)c1cn[nH]c1N,C37557468,0,263.282,0.66438,0
1722,c1cc(cc(c1)NS(=O)(=O)c2c[nH]nc2N)C#N,C37557476,0,263.282,0.66438,0
1723,c1cc(c(cc1F)C#CCO)C(=O)NCCCC(=O)N,C37660857,0,278.28299999999996,0.16480000000000017,0
1724,CCN(Cc1ccccc1N)c2c(=O)[nH]c(=O)[nH]n2,C37671921,0,261.28499999999997,0.06690000000000013,0
1725,c1cc(c(cc1F)S(=O)(=O)N2CCC(CC2)C(=O)N)N,C37929006,0,301.343,0.29390000000000005,0
1726,Cc1cnc(NS(=O)(=O)c2ccnc(NN)c2)s1,C38008934,0,285.354,0.9329199999999995,0
1727,c1ccc(cc1)/C(=N\N)/[C@@H]2[C@](C2(C#N)C#N)(C#N)C(=O)N,C15107831,0,278.27500000000003,0.008040000000000158,0
1728,CC(C)Cn1c(c(c(=O)[nH]c1=O)N2CCC[C@@H](C2)CO)N,C40452971,0,296.371,-0.016499999999998682,0
1729,c1cc(ncc1C(=O)N)n2cc(c(n2)N)Br,C40517014,0,282.101,0.7109,0
1730,Cc1nc([nH]n1)Sc2cc3c(cc2N)c(=O)[nH]cn3,C41632483,0,274.30899999999997,1.0830199999999996,0
1731,Cc1cc(nc(c1/C(=N/O)/N)Sc2[nH]nc(n2)C)C,C41632787,0,278.34100000000007,1.37066,0
1732,c1c(cnc(c1C(=O)N)n2cc(cn2)Br)N,C42139517,0,282.101,0.7109000000000003,0
1733,C#CCNC(=O)NCCNC(=O)c1ccc(cc1)O,C43480854,0,261.281,0.054400000000000115,0
1734,CC(C)(CO)NS(=O)(=O)c1ccc(cc1F)N,C43592483,0,262.306,0.4571,0
1735,c1cc(ccc1NC(=O)CNC(=O)c2ccc(=O)[nH]c2)O,C44458828,0,287.275,0.4489999999999997,0
1736,c1c(cc2c(c1C(=O)NCCCC(=O)N)nc[nH]2)F,C48734414,0,264.26,0.6972999999999998,0
1737,C[C@H](/N=C1\C(=O)C(=O)[C@H]1Nc1ccncc1)c1cccc(N)c1,C40401851,0,308.34100000000007,1.7982999999999998,0
1738,Cc1c(cn[nH]1)S(=O)(=O)NCc2ccccc2N,C50015302,0,266.326,0.7788199999999998,0
1739,c1cc(ccc1CS(=O)(=O)N[C@H]2CCCNC2=O)C(=S)N,C50397984,0,327.43100000000004,0.018800000000000316,0
1740,CNc1c(cc(cn1)Br)C(=O)NCCC(=O)N,C50753201,0,301.14400000000006,0.49100000000000005,0
1741,c1cnc(cn1)NC(=O)c2cc(c(nc2)NN)Cl,C51090693,0,264.67600000000004,1.0628999999999997,0
1742,c1cc(nc(c1Cl)C(=O)N2CCNC(=O)C2)NN,C51122028,0,269.692,-0.4073999999999995,0
1743,c1cc2c(cc1Cl)[C@H](CCS2)NC(=O)c3nc([nH]n3)N,C55166052,0,309.782,2.0072,0
1744,C1Cc2c(sc(c2C#N)NC(=O)c3nc([nH]n3)N)C1,C55169297,0,274.3090000000001,1.06108,0
1745,c1ccc2c(c1)[nH]c(n2)Sc3ccc4c(c3)NC(=O)[C@H]4N,C36195212,0,296.355,2.6659999999999995,0
1746,C[C@@H](c1ccsc1)Nc2c(n(c(=O)[nH]c2=O)C)N,C61364403,0,266.32599999999996,0.8904000000000001,0
1747,c1c(c(cc2c1OCCCO2)NC(=O)c3c[nH]nc3)N,C62775321,0,274.28000000000003,1.4055,0
1748,c1csc2c1[C@H](CCC2)NC(=O)c3c(c[nH]n3)N,C62812222,0,262.338,1.8607999999999993,0
1749,c1c(c[nH]c1C(=O)NCC(=O)Nc2c[nH]nc2)Cl,C58246768,0,267.67600000000004,0.7596999999999996,0
1750,c1cc(ccc1O[C@@H]2[C@H]([C@@H]([C@H]([C@H](O2)CO)O)O)O)Cl,C00526651,0,290.69899999999996,-0.48129999999999984,0
1751,c1cc(ccc1n2nc(c(n2)N)C(=O)N)OC(F)(F)F,C01238603,0,287.20099999999996,0.8469999999999995,0
1752,c1cc(c(cc1[C@@H]2[C@H](C(=O)c3ccc(cc3O2)O)O)O)O,C01689527,0,288.255,1.4807000000000006,0
1753,c1cc(c(cc1Br)c2c(=O)[nH]c(=O)[nH]n2)N,C01508649,0,283.085,0.46989999999999976,0
1754,c1cc2c(cc1NC(=S)NC[C@H]3CCCO3)[nH]c(=O)[nH]2,C02642881,0,292.364,1.3215999999999997,0
1755,Cc1ccc(cc1)[C@@H]2c3c(=O)[nH]c(=O)[nH]c3OC(=C2C#N)N,C00583634,0,296.286,0.5897999999999999,0
1756,c1cc2cccnc2c(c1)O[C@H]3[C@@H]([C@H]([C@@H]([C@H](O3)CO)O)O)O,C06095031,0,307.30199999999996,-0.5865000000000005,0
1757,c1ccc(c(c1)O[C@H]2[C@@H]([C@H]([C@@H]([C@@H](O2)CO)O)O)O)Cl,C07036548,0,290.69899999999996,-0.4813000000000003,0
1758,CC1=NC(=C([C@H](C1C(=O)N)c2cccs2)C(=O)N)C,C00545821,0,277.349,1.1670000000000003,0
1759,c1cc(c(cc1N)c2c(=O)[nH]c(=S)[nH]n2)Br,C06565566,0,299.153,1.8391899999999999,0
1760,c1cc(cnc1)CNC(=O)Nc2c(c3c(s2)CCC3)C(=O)N,C06671699,0,316.38600000000014,2.0524,0
1761,c1ccc(c(c1)C(=O)Nc2c([nH]cn2)C(=O)N)Br,C09466729,0,309.123,1.5233999999999999,0
1762,c1ccc2cc(ccc2c1)O[C@@H]3[C@@H]([C@H]([C@H]([C@H](O3)CO)O)O)O,C13544319,0,306.31399999999996,0.018499999999999628,0
1763,c1ccc(cc1)[C@@]2([C@@H]([C@@H]([C@H](C(=O)N2)C(=O)N)c3ccsc3)C#N)O,C15017026,0,341.392,1.0480799999999995,0
1764,c1cc(cc(c1)F)[C@@H]2c3c(=O)[nH]c(=S)[nH]c3OC(=C2C#N)N,C03073385,0,316.31700000000006,1.7897699999999999,0
1765,c1ccc(cc1)C2=C(N(CC2=O)/N=C/c3ccc(cc3O)O)N,C27578820,0,309.32500000000005,1.6439000000000004,0
1766,Cc1cc2c(c(=O)[nH]1)[C@@H](C(=C(O2)N)C#N)c3ccc(c(c3)OC)O,C09704037,0,325.32400000000007,1.6157,0
1767,c1cc(ccc1[C@@H](CNS(=O)(=O)N2CCCC2)O)N,C35367199,0,285.3689999999999,0.2324000000000001,0
1768,c1ccnc(c1)CCNc2cc3c(cc2N)OCC(=O)N3,C35452753,0,284.31899999999996,1.6492999999999995,0
1769,c1ccc(cc1)[C@H](CNS(=O)(=O)c2cccc(c2)N)O,C35599551,0,292.36,1.2807,0
1770,CCn1c(c(c(=O)[nH]c1=O)NCc2ccc(cc2)F)N,C37486427,0,278.28700000000003,0.8898999999999995,0
1771,Cc1c(c(on1)N)[C@]2(c3cc(cc(c3NC2=O)Cl)Cl)O,C03228765,0,314.128,2.0600199999999993,0
1772,Cc1ccc2c(c1)nc(s2)[C@H]3[C@@H]([C@@H]([C@@H]([C@@H](O3)CO)O)O)O,C38665082,0,311.35900000000004,0.11961999999999928,0
1773,c1ccc(cc1)/C(=N\N)/[C@H]2[C@@](C2(C#N)C#N)(C#N)C(=O)N,C15107834,0,278.27500000000003,0.008040000000000158,0
1774,Cc1cccc(c1N)C(=O)N2CCN(CC2)S(=O)(=O)N,C40338382,0,298.36800000000005,-0.46147999999999806,0
1775,Cc1cccc(c1S(=O)(=O)NCc2c[nH]nc2C)N,C40347272,0,280.35300000000007,1.0872400000000002,0
1776,c1c(c2c(nc1Cl)n(cn2)[C@@H]3C[C@@H]([C@@H](O3)CO)O)N,C40506044,0,284.70300000000003,0.30759999999999943,0
1777,Cn1c(c(c(=O)[nH]c1=O)NCc2cc3c(s2)CCC3)N,C40627646,0,292.36400000000003,0.8181,0
1778,c1ccc2c(c1)CN(CCO2)C(=O)c3ccc(cc3N)N,C40677691,0,283.331,1.8857999999999995,0
1779,Cc1ccc2c(c1)NC(=O)[C@@](O2)(C)C(=O)NCC(=O)N,C41547008,0,277.28000000000003,-0.3138799999999999,0
1780,CC(C)N(CCC#N)c1ccc(cc1N)S(=O)(=O)N,C42528818,0,282.369,1.0446800000000003,0
1781,c1ccc2cc(ccc2c1)O[C@H]3[C@H]([C@H]([C@H]([C@H](O3)CO)O)O)O,C44170217,0,306.31399999999996,0.018499999999999628,0
1782,c1ccc(c(c1)C(=O)NNC(=O)c2c(nccn2)N)Br,C45651412,0,336.149,0.8960999999999999,0
1783,c1cc(cc(c1)C(=O)N)Cn2c(ccc(c2=O)C(=O)N)C(F)(F)F,C47439092,0,339.27299999999997,1.1132000000000002,0
1784,c1c(cc(c(c1O)C(=O)NCCCS(=O)(=O)N)F)F,C49449083,0,294.27899999999994,0.07879999999999987,0
1785,c1cc(ccc1[C@@H]2c3c([nH]c(=O)[nH]c3=O)NC4=C2C(=O)CCC4)O,C05600136,0,325.3240000000001,1.3332999999999995,0
1786,c1cc(ccc1[C@H]2c3c([nH]c(=O)[nH]c3=O)NC4=C2C(=O)CCC4)O,C05600138,0,325.3240000000001,1.3332999999999995,0
1787,Cc1ccc(CN)cc1NS(=O)(=O)c1cn[nH]c1C,C50430731,0,280.35300000000007,1.28604,0
1788,Cc1csc(n1)CNC(=O)c2cc(nc(c2)Cl)NN,C51116920,0,297.771,1.7155200000000002,0
1789,c1c(c(cc2c1OCC(=O)N2)N3CCC[C@H]3CCCO)N,C52760242,0,291.351,1.3409999999999997,0
1790,c1ccnc(c1)NC(=S)Nc2ccc(cc2)S(=O)(=O)N,C05937078,0,308.3880000000001,1.5378999999999998,0
1791,c1ccc(cc1)[C@H](/C=C/2\NC(=C3C=CC(=O)C=C3)NO2)N,C21806699,0,281.315,1.5589,0
1792,c1cc2cc([nH]c2c(c1)N)C(=O)NC3CCS(=O)(=O)CC3,C59973697,0,307.37500000000006,1.0570999999999997,0
1793,c1cc(ccc1[C@@H](CSc2n[nH]c(=O)n2C3CC3)O)N,C61594500,0,292.36400000000003,1.3142,0
1794,c1ccc(c(c1)CNC(=O)c2nc([nH]n2)N)C(F)(F)F,C61626856,0,285.229,1.3356999999999999,0
1795,c1cc2c(cc1CNC(=O)c3ccnc(c3)NN)OCO2,C61675281,0,286.2910000000001,1.0258999999999996,0
1796,c1ccc2c(c1)CN(CCO2)c3c(cc(cn3)N)C(=O)N,C63012559,0,284.319,1.1616999999999995,0
1797,O=c1[nH]c(O)c([C@@H]2NCCC3=c4ccccc4=N[C@@H]32)c(=O)[nH]1,C63373269,0,298.302,-1.3441,0
1798,Cc1cccc2c1N[C@H](S2)NC(=O)Cc3c([nH]c(=O)[nH]c3=O)C,C64411377,0,332.3850000000001,0.8401399999999999,0
1799,c1cnc([nH]1)[C@@H]2CC(=O)Nc3c2cc(c(c3)N4CCCC4)C(=O)N,C65404873,0,325.3720000000001,1.5828999999999998,0
1800,c1cc(ccc1[C@@H]2c3c(=O)[nH]c(=O)[nH]c3OC(=C2C#N)N)Cl,C00103154,0,316.70399999999995,0.9347799999999999,0
1801,c1c(c(c(c(c1F)NCCO)Br)N)[N+](=O)[O-],C04689253,0,294.08000000000004,1.4827999999999997,0
1802,CCc1cccc2c1NC(=O)[C@@]23C4=C(NCC4)OC(=C3C#N)N,C00074898,0,308.341,1.3678799999999998,0
1803,c1cc(ccc1N)S(=O)(=O)Nc2ccc3c(c2)[nH]c(=O)o3,C01582853,0,305.31500000000005,1.5040999999999998,0
1804,c1cc(oc1)/C=N/c2ccc(cc2)S(=O)(=O)N=C(N)N,C06072753,0,292.32000000000005,0.9923,0
1805,Cc1cc2c(c(=O)[nH]1)[C@@H](C(=C(O2)N)C#N)c3ccc(cc3)O,C05988369,0,295.298,1.6071,0
1806,c1ccc2c(c1)c(c[nH]2)C(=O)NNC(=O)c3cccnc3O,C12940857,0,296.286,1.3432999999999995,0
1807,c1ccc2c(c1)[C@H](c3c(c(c(nc3O2)N)C#N)N)C(C#N)C#N,C18276498,0,302.297,2.0186399999999995,0
1808,CCc1c2c(n[nH]1)OC(=C([C@H]2c3ccc(c(c3)O)OC)C#N)N,C19624567,0,312.32900000000006,1.9044799999999997,0
1809,c1cc(ccc1/C=N/NC(=O)c2nc([nH]n2)N)Br,C00117424,0,309.12699999999995,0.9133,0
1810,c1cc(c(cc1S(=O)(=O)NC2CCC(CC2)O)N)Cl,C20005967,0,304.799,1.5039999999999996,0
1811,c1cc(cc(c1)Br)[C@H]2CC(=O)Nc3c2c(=O)[nH]c(n3)N,C08969777,0,335.16100000000006,1.5887,0
1812,c1ccc(c(c1)c2nnc(n2N)SCC(=O)N)Br,C09092345,0,328.19499999999994,0.9987999999999997,0
1813,c1ccnc(c1)C(=O)NNC(=O)c2cnc3ccc(cc3c2N)Cl,C32605539,0,341.75800000000004,1.9401999999999995,0
1814,c1cc(c(cc1C(F)(F)F)/C(=N/O)/N)Sc2[nH]ncn2,C37334726,0,303.269,2.0691999999999995,0
1815,c1cc(c(cc1C(F)(F)F)N)NS(=O)(=O)c2c[nH]nc2,C37744351,0,306.269,1.8115,0
1816,c1cc(c(cc1Br)N)NS(=O)(=O)c2c[nH]nc2,C37744368,0,317.168,1.5552,0
1817,Cn1c(c(c(=O)[nH]c1=O)NCc2cc(ccc2Br)F)N,C37999198,0,343.156,1.1695,0
1818,c1cc(ccc1CNS(=O)(=O)c2ccnc(c2)NN)Cl,C38008785,0,312.78200000000004,1.4990999999999997,0
1819,NNc1cc(S(=O)(=O)Nc2cc(F)ccc2F)ccn1,C38008826,0,300.29,1.4462,0
1820,Cc1c(c([nH]c1C(=O)[C@@H](C)S[C@H]2NN=C(S2)N)C)C(=O)C,C39733098,0,326.4470000000001,1.98824,0
1821,c1cc(sc1CNS(=O)(=O)c2c[nH]nc2N)Br,C40346999,0,337.224,1.2944000000000002,0
1822,c1cc(cc(c1)C#N)CNS(=O)(=O)c2ccc(c(c2)N)O,C40348887,0,303.343,1.3245799999999999,0
1823,c1cc(c(cc1S(=O)(=O)NC/C(=N/O)/N)Cl)Cl,C40377138,0,298.15099999999995,1.0181,0
1824,COc1ccc(cc1)N2CCN(CC2)c3c(c(ncn3)N)N,C40723729,0,300.366,0.9762,0
1825,C[C@@H]1CCC[C@@H]([C@@H]1C)NS(=O)(=O)c2cnc(nc2)NN,C41071133,0,299.4,0.8651999999999997,0
1826,NCc1ccc(NS(=O)(=O)c2cn[nH]c2)c(C(F)(F)F)c1,C41114386,0,320.296,1.6880000000000002,0
1827,Cc1nc([nH]n1)Sc2ccc(cc2/C(=N/O)/N)C(F)(F)F,C41632778,0,317.296,2.3776200000000003,0
1828,c1cc(cc(c1)Br)CNS(=O)(=O)c2c[nH]nc2N,C42418759,0,331.19500000000005,1.2328999999999999,0
1829,CNS(=O)(=O)c1cc(ccc1Br)c2nc([nH]n2)N,C44124880,0,332.18300000000005,0.7244999999999999,0
1830,CC1(C[C@H]1NS(=O)(=O)c2cc(cnc2NN)Br)C,C45138299,0,335.22700000000003,1.2065000000000001,0
1831,Cc1cccc(c1)CNS(=O)(=O)c2cccnc2NN,C48266375,0,292.36400000000003,1.1541199999999998,0
1832,CC(C)NC(=O)C(=O)NNC(=O)Nc1ccccc1Cl,C48908727,0,298.73,1.0172999999999999,0
1833,Cc1cnc(s1)NC(=O)NNC(=O)NCC(F)(F)F,C49210655,0,297.262,1.34952,0
1834,c1cc2c(cc1NCC(=O)NC(=O)N)sc(n2)C3CC3,C49488255,0,290.34800000000007,1.7804999999999997,0
1835,CNC(=O)NC(=O)CSc1nc(c2ccsc2n1)N,C49932233,0,297.36500000000007,0.8212000000000004,0
1836,c1c2c(nc(c1C(=S)N)N[C@H]3CCCNC3=O)CCC2,C50398012,0,290.3920000000001,0.8949999999999996,0
1837,c1cc(c(nc1)NN)S(=O)(=O)NCc2ccc(cc2F)F,C51017976,0,314.317,1.1239000000000001,0
1838,Cc1csc(n1)NC(=O)c2c(cnc(n2)C(C)C)NN,C51093108,0,292.36800000000005,1.9028199999999995,0
1839,c1cc(cnc1)NC(=O)c2cc(cnc2NN)Br,C51095944,0,308.139,1.777,0
1840,c1ccc(c(c1)CNC(=O)c2ccc(nn2)NN)Br,C51117925,0,322.166,1.4546999999999999,0
1841,C[C@@H]1C[C@H](n2c(cc(n2)C(=O)NN)N1)C(C(F)(F)F)(F)F,C02568981,0,313.22999999999996,1.4294,0
1842,c1ccn2c(c1)nc(c2S(=O)(=O)N[C@@H]3CCCC[C@@H]3O)N,C52015821,0,310.379,0.4982999999999999,0
1843,c1c(cnc(c1S(=O)(=O)NC2CCC2)NN)Br,C52212787,0,321.19999999999993,0.9604999999999999,0
1844,c1cc(c(cc1CNS(=O)(=O)c2c[nH]nc2N)Cl)F,C53147984,0,304.734,1.2629,0
1845,C1CCCC(CCC1)(/C(=N\O)/N)NC(=O)[C@@H]2COCCO2,C55305367,0,299.3710000000001,0.7475000000000006,0
1846,Cc1csc(n1)NC(=O)CSc2[nH]c(=O)cc(n2)N,C09668062,0,297.36500000000007,0.84782,0
1847,c1cc(c(cc1Sc2nnc3n2CCCCC3)C(=O)N)N,C44375836,0,303.39099999999996,1.836799999999999,0
1848,Cc1ccc(o1)[C@@H]2c3c(nn(c3OC(=C2C(=O)N)N)c4ccccc4)C,C58903637,0,350.37800000000004,2.26204,0
1849,c1csc2c1[C@@H](CCC2)NS(=O)(=O)c3c[nH]nc3N,C61360422,0,298.39300000000003,1.4092999999999996,0
1850,c1c(c(=O)[nH]c(=O)n1[C@@H]2C[C@H]([C@@H]([C@H](O2)CO)O)O)F,C03842456,0,276.21999999999997,-2.322699999999999,0
1851,c1[nH]c(=S)c2c(n1)n(cn2)[C@H]3[C@@H]([C@@H]([C@H](O3)CO)O)O,C04217548,0,284.297,-0.8996100000000002,0
1852,c1[nH]c(=S)c2c(n1)n(cn2)[C@@H]3[C@H]([C@H]([C@@H](O3)CO)O)O,C00002158,0,284.297,-0.8996100000000002,0
1853,c1cc(ccc1N[C@H]2[C@@H]([C@@H](C[C@@H](O2)CO)O)O)[N+](=O)[O-],C03878484,0,284.26800000000003,-0.16419999999999996,0
1854,c1ccc2c(c1)c(=O)[nH]c(=O)n2[C@H]3[C@H]([C@@H]([C@@H](O3)CO)O)O,C04990788,0,294.263,-1.6987,0
1855,C[C@]1(C(=O)NC(=O)N1)C[C@@]2(C(=O)NC(=O)N2)c3ccccc3,C01600204,0,302.29,-0.29049999999999865,0
1856,C[C@]1(C(=O)NC(=O)N1)C[C@]2(C(=O)NC(=O)N2)c3ccccc3,C01600202,0,302.29,-0.29049999999999865,0
1857,c1c(=O)c(nn(c1O)[C@@H]2[C@H]([C@@H]([C@@H](O2)CO)O)O)Cl,C06494933,0,278.648,-1.7862000000000005,0
1858,C1CCC2(C1)CC(=O)N(C2=O)Cc3nc(nc(n3)N)N,C08395679,0,276.3,-0.1446999999999995,0
1859,c1cc(ccc1[N+](=O)[O-])S[C@@H]2[C@@H]([C@@H]([C@@H]([C@@H](O2)CO)O)O)O,C12374665,0,317.319,-0.5132000000000005,0
1860,c1ccc2c(c1)nnn2[C@H]3[C@H]([C@H]([C@@H]([C@@H](O3)CO)O)O)O,C13116565,0,281.26800000000003,-1.5963000000000005,0
1861,c1cc(ccc1[N+](=O)[O-])S[C@H]2[C@@H]([C@H]([C@H]([C@H](O2)CO)O)O)O,C13520562,0,317.319,-0.5132000000000005,0
1862,c1nc(c2c(n1)n(cn2)[C@H]3[C@H]([C@H]([C@H](O3)CO)O)S)N,C14806888,0,283.313,-1.0425000000000004,0
1863,c1ccc(c(c1)[N+](=O)[O-])S[C@@H]2[C@H]([C@H]([C@@H]([C@H](O2)CO)O)O)O,C16450548,0,317.319,-0.5132000000000005,0
1864,C[C@H]1[C@@H]([C@H]([C@@H]([C@H](O1)Sc2c3c([nH]cn3)ncn2)O)O)O,C16942442,0,298.324,-0.7275000000000003,0
1865,c1c(c(=O)[nH]c(=O)n1[C@@H]2[C@@H]([C@H]([C@@H](O2)CO)O)O)Br,C00404252,0,323.099,-2.0894000000000004,0
1866,COCn1cc(c(=O)c2c1nc(nc2N)SC)C(=O)N,C01560460,0,295.324,-0.2015999999999999,0
1867,c1nc(c2c(n1)n(cn2)[C@H]3[C@H]([C@@H]([C@H](O3)CO)O)Cl)N,C01565266,0,285.69100000000003,-0.7335000000000003,0
1868,COc1ccc(cc1O)[C@H]2C(=C(n3c(ncn3)N2)N)C#N,C18199354,0,284.27900000000005,0.8099799999999995,0
1869,Cc1c(=O)n(c(nn1)N2CCN(CC2)c3ccc(cc3)N)N,C19689723,0,301.35400000000004,-0.43067999999999834,0
1870,CN\1CC(=O)N/C1=N\S(=O)(=O)c2ccc(c(c2)N)O,C21501301,0,284.297,-0.9192999999999998,0
1871,CSc1c2c(c(n[nH]2)[C@H]3[C@H]([C@@H]([C@@H](O3)CO)O)O)ncn1,C05424976,0,298.324,-0.7712000000000003,0
1872,c1[nH]c(=O)c2c(n1)n(cn2)[C@H]3[C@H]([C@@H]([C@@H](S3)CO)O)O,C17258471,0,284.297,-1.5523000000000002,0
1873,CCn1cc(cn1)NS(=O)(=O)c2ccc(nc2)NN,C35781928,0,282.329,0.3844,0
1874,c1ccc(c(c1)[N+](=O)[O-])S[C@@H]2[C@H]([C@@H]([C@H]([C@@H](O2)CO)O)O)O,C36532538,0,317.319,-0.5132000000000005,0
1875,Cc1cc(n(n1)C)NS(=O)(=O)c2ccc(nc2)NN,C20023667,0,282.329,0.20991999999999983,0
1876,Cn1cccc1C(=O)NC(=O)CSc2[nH]c(=O)cc(n2)N,C37021935,0,307.33500000000004,-0.2606999999999998,0
1877,c1c([nH]c(=O)[nH]c1=O)C(=O)Nc2ncc(s2)C#CCO,C37548099,0,292.27600000000007,-0.8841999999999999,0
1878,c1ccc2c(c1)[C@@]3(C(=C(OC4=C3C(=O)CCC4)N)C#N)C(=O)N2CC(=O)N,C02213666,0,364.36100000000005,0.48748000000000014,0
1879,c1nc2c(nc(nc2n1[C@@H]3[C@@H]([C@@H]([C@@H](O3)CO)O)F)Cl)N,C05760032,0,303.68100000000004,-0.3494000000000003,0
1880,C[C@@H]1NN(C(=O)N1N)Cc2n[nH]c(=S)n2c3ccccc3,C39940654,0,305.367,0.8917900000000001,0
1881,Cc1c(nnc(c1/C(=N/O)/N)Sc2[nH]c(=O)ccn2)C,C40292018,0,292.324,0.4224399999999998,0
1882,CS(=O)(=O)c1ccccc1NS(=O)(=O)c1cn[nH]c1N,C40329364,0,316.36400000000003,0.1962000000000001,0
1883,Cc1c(c(on1)C)S(=O)(=O)Nc2ccccc2/C(=N/O)/N,C40376062,0,310.33500000000004,1.18674,0
1884,CC(C)(C)c1c2c(nc(c1C(=O)N)N)n(c(=O)n(c2=O)C)C,C40570466,0,305.3380000000001,-0.38919999999999866,0
1885,NC1C[C@H]2CC[C@@H](C1)N2S(=O)(=O)c1cnc(O)[nH]c1=O,C40749861,0,300.34000000000003,-0.8817000000000004,0
1886,c1cc(c(cc1N)N)c2nnnn2[C@H]3CCS(=O)(=O)C3,C42015356,0,294.3400000000001,-0.13590000000000058,0
1887,c1cc(ccc1[N+](=O)[O-])S[C@H]2[C@H]([C@H]([C@H]([C@H](O2)CO)O)O)O,C44170547,0,317.319,-0.5132000000000005,0
1888,C[C@@]1(CCS(=O)(=O)C1)n2c(nnn2)c3ccc(cc3N)N,C44932439,0,308.3670000000001,0.0382000000000004,0
1889,c1cc(ncc1C(=O)NNC(=O)c2c(nccn2)N)Cl,C48601527,0,292.68600000000004,0.18199999999999966,0
1890,CNC(=O)NNC(=O)c1cccc(c1)N2CCNC2=O,C48950632,0,277.28400000000005,-0.2099999999999999,0
1891,CCC[C@H]1C(=O)N(C(=O)N1)Cc2c(nn(c2NN)C)C,C51147691,0,280.33200000000005,0.2346199999999996,0
1892,CC[C@@]1(C(=O)N(C(=O)N1)Cc2c(nn(c2NN)C)C)C,C51147718,0,280.332,0.2346199999999996,0
1893,c1ccc2c(c1)[nH]c(n2)CNC(=O)c3cc(=O)[nH]c(=O)[nH]3,C32555954,0,285.263,-0.1305000000000004,0
1894,CN1C(=O)/C(=C\2/C[C@H](NN2)c3ccc(c(c3)O)OC)/C(=O)NC1=S,C20898948,0,348.38400000000007,0.06699999999999978,0
1895,Cn1c(=O)[nH]nc1Sc2cc3c(cc2N)c(=O)[nH]cn3,C61592323,0,290.30799999999994,0.07829999999999976,0
1896,Cn1c(=O)[nH]nc1Sc2cc3c(cc2N)OCC(=O)N3,C61592334,0,293.308,0.17269999999999974,0
1897,Cn1c(=O)[nH]nc1Sc2c(cc3c(n2)CCC3)/C(=N/O)/N,C61592826,0,306.351,0.23779999999999973,0
1898,c1ccn2c(c1)nc(c2S(=O)(=O)N3CC[C@H](C3)O)NN,C61712748,0,297.3399999999999,-0.6248000000000002,0
1899,c1csc2n1c(c(n2)NN)S(=O)(=O)N3CC[C@@H](C3)O,C61712749,0,303.3690000000001,-0.5633000000000006,0
1900,Cc1c(sc2c1c(=O)n(cn2)CC(=O)NN)C,C00949482,0,252.29899999999998,0.0647400000000003,0
1901,c1c2cnn(c2ncn1)[C@H]3[C@H]([C@@H]([C@@H](O3)CO)O)O,C05373597,0,252.23000000000002,-1.5622,0
1902,Cn1c2c(=O)[nH]c(=O)n(c2nc1NCCO)C,C01897529,0,239.23499999999999,-1.6354999999999993,0
1903,N[C@H](CSCn1cc(Br)cn1)C(=O)O,C15937020,0,280.147,0.7482,0
1904,c1cc(cnc1)Cn2c(c(c(=O)[nH]c2=O)C=O)N,C08733402,0,246.22599999999997,-0.6254000000000004,0
1905,c1ccc(cc1)N([C@H]2[C@@H]([C@@H]3[C@H](O2)[C@H](C(=O)O3)O)O)O,C16952476,0,267.23699999999997,-0.7457000000000003,0
1906,C1C[C@@H](OC1)CNC=C2C(=O)NC(=O)NC2=O,C06492897,0,239.231,-0.9950999999999988,0
1907,CN1CCN(Cc2c(O)[nH]c(=O)[nH]c2=O)CC1,C19855238,0,240.26299999999995,-1.4837999999999982,0
1908,c1c[nH]c2c(c1=O)cnn2[C@@H]3C[C@@H]([C@@H](O3)CO)O,C28021558,0,251.24199999999996,-0.6346999999999999,0
1909,N[C@H](CSCc1nnsc1Cl)C(=O)O,C35083531,0,253.736,0.8366,0
1910,N[C@H](CSC[C@@H]1COC2(CCCC2)O1)C(=O)O,C35296189,0,261.3429999999999,0.8171999999999993,0
1911,Cc1nn(C)c(Cl)c1CSC[C@H](N)C(=O)O,C35296385,0,263.74999999999994,1.0270199999999996,0
1912,Cc1c(c(nc(=O)[nH]1)C)CC(=O)NCCCO,C35607110,0,239.27499999999995,-0.5721599999999996,0
1913,CN(c1ccc(cc1)N)C(=O)Cn2ccc(=O)[nH]c2=O,C37274081,0,274.28000000000003,-0.2181999999999999,0
1914,CN(CCC(=S)N)S(=O)(=O)c1c[nH]nc1,C37745041,0,248.33300000000003,-0.2935999999999998,0
1915,COCCCNC=C1C(=O)NC(=S)NC1=O,C21965324,0,243.288,-0.9726999999999988,0
1916,Cc1c(c(n(n1)CC(=O)NCc2ccnc(n2)C)C)N,C40336968,0,274.32800000000003,0.49695999999999996,0
1917,c1c(ncc(=O)[nH]1)C(=O)N2CCC[C@H](C2)S(=O)(=O)N,C40381302,0,286.313,-1.3369999999999984,0
1918,c1cc(cnc1)C(=O)NCCCS(=O)(=O)N,C40382489,0,243.28799999999993,-0.5099999999999996,0
1919,c1c[nH]nc1CNC(=O)C2=CC(=O)NC(=O)C2,C41016575,0,234.21499999999997,-1.0012,0
1920,Cn1cc(cn1)CNC(=O)Cn2cc(cn2)N,C41158455,0,234.263,-0.48479999999999984,0
1921,Cc1c(c(on1)C)S(=O)(=O)NCCC(=O)N,C41298921,0,247.27599999999995,-0.5548599999999995,0
1922,Cn1c(=O)ccn(c1=O)[C@H]2[C@@H]([C@H]([C@H](O2)CO)O)O,C44608165,0,258.23,-2.8414999999999977,0
1923,CC(C)c1cc(n[nH]1)C(=O)NN2CC(=O)NC2=O,C44946870,0,251.24599999999998,-0.27029999999999993,0
1924,Cc1c(c(n(n1)C)C)C(=O)N(C)[C@H](C)/C(=N/O)/N,C45144651,0,253.306,0.24384000000000022,0
1925,c1c([nH]nc1C(=O)NN2CC(=O)NC2=O)C3CC3,C47429084,0,249.22999999999996,-0.5163,0
1926,Cc1c(oc(n1)NC(=O)C(=O)NCCCO)C,C47962578,0,241.24699999999999,-0.27146000000000026,0
1927,Cc1c(oc(n1)NC(=O)C(=O)NC[C@@H](C)O)C,C47963142,0,241.247,-0.2730600000000005,0
1928,c1cc(ncc1C(=O)N[C@H]2CCS(=O)(=O)C2)C(=O)N,C49420188,0,283.30899999999997,-0.9025999999999992,0
1929,Cc1nc(no1)CSCCC(=O)NC(=O)N,C49443739,0,244.27599999999995,0.19622,0
1930,Cc1c(c(n[nH]1)C(=O)N2CCN(CC2)C(=O)N(C)C)N,C50306218,0,280.332,-0.2602799999999986,0
1931,C[C@@]1(CCS(=O)(=O)C1)NC(=O)Cn2ccc(n2)N,C50468621,0,272.33,-0.8412999999999979,0
1932,c1cc(ncc1C(=O)N2CCS(=O)(=O)CC2)NN,C51143966,0,270.31399999999996,-0.7621999999999984,0
1933,c1cc2c(cc1N)C(=O)N(S2(=O)=O)CCCO,C52125959,0,256.28299999999996,-0.2043000000000001,0
1934,CC(C)NC(=O)NC(=O)CN(C)[C@H](C)C(=O)O,C54067827,0,245.27899999999997,-0.3744999999999988,0
1935,Cc1nc(cn1C)S(=O)(=O)NCCC(=S)N,C54154183,0,262.35999999999996,-0.3169800000000002,0
1936,c1cc2c(cc1Cl)[C@@H](C(=O)N2CCOCCO)N,C40229208,0,270.71599999999995,0.6953000000000003,0
1937,CCCS(=O)(=O)Nc1nnc([C@H](C)N)s1,C58231598,0,250.349,0.7095000000000002,0
1938,Cc1nc2n(n1)[C@@H](C(=C(N2)N)C#N)c3ccncc3,C07496310,0,253.269,0.6902999999999997,0
1939,CN[C@](C)(CSc1nc(C)cc(=O)[nH]1)C(=O)O,C45585619,0,257.315,0.23312,0
1940,c1c([nH]c(=O)[nH]c1=O)CC(=O)N2CCNC(=O)C2,C61409963,0,252.22999999999996,-2.4358999999999975,0
1941,c1nc2c(c(n1)n3cnc(n3)/C(=N\O)/N)CCC2,C61843766,0,245.24599999999995,-0.3595000000000006,0
1942,CNS(=O)(=O)NCC1(CCOCC1)CO,C62510851,0,238.30899999999994,-1.170699999999999,0
1943,CN([C@H]1CCS(=O)(=O)C1)C(=O)c2c(c[nH]n2)N,C62811015,0,258.303,-0.748999999999999,0
1944,C[C@]1(C(=O)NC2(C(=O)O)CCCC2)CCNC1,C62898163,0,240.3029999999999,0.49959999999999943,0
1945,CC[C@@]1(C(=O)N[C@](C)(C(=O)O)C2CC2)CCNC1,C62898199,0,254.32999999999993,0.7455999999999994,0
1946,COCCN[C@@]1(CCS(=O)(=O)C1)C(=O)N,C62962972,0,236.29299999999995,-1.7349999999999968,0
1947,Cn1c2c(cn1)c(nc(n2)CN3CCNC(=O)C3)N,C63077799,0,261.28899999999993,-1.1226999999999978,0
1948,CC(C)(C(=O)NCC(=O)N(C)C)NC(=O)NC,C64749218,0,244.295,-1.1015999999999977,0
1949,Cn1c(CNC(=O)c2ncccc2O)n[nH]c1=S,C66626385,0,265.298,0.5082899999999998,0
1950,c1ccc2cc(ccc2c1)O[C@H]3[C@@H]([C@@H]([C@@H]([C@@H](O3)CO)O)O)O,C04103873,0,306.31399999999996,0.018499999999999628,0
1951,c1ccc2cc(ccc2c1)O[C@H]3[C@H]([C@@H]([C@@H]([C@@H](O3)CO)O)O)O,C04103875,0,306.31399999999996,0.018499999999999628,0
1952,C1C2CC3(CC1CC(C2)(C3)C(=O)NCCO)C(=O)NCCO,C05480506,0,310.394,-0.20999999999999897,0
1953,c1cc(c(cc1Br)/C=N/NC(=O)C(=O)N)O,C03526881,0,286.085,0.09009999999999996,0
1954,c1cc(ccc1CCNC(=O)NCCCl)S(=O)(=O)N,C03225608,0,305.78700000000003,0.4145,0
1955,c1ccc2c(c1)c(cc(=O)[nH]2)C(=O)Nc3c(ccs3)C(=O)N,C03369756,0,313.3380000000001,1.9407999999999999,0
1956,c1ccc2c(c1)cccc2O[C@H]3[C@H]([C@H]([C@@H]([C@H](O3)CO)O)O)O,C12406257,0,306.31399999999996,0.018499999999999184,0
1957,c1ccc2c(c1)cccc2O[C@H]3[C@@H]([C@H]([C@H]([C@H](O3)CO)O)O)O,C13545426,0,306.31399999999996,0.018499999999999184,0
1958,c1ccc2c(c1)c(c[nH]2)[C@@H]3c4ccccc4C(=O)N3CCC(=O)NN,C13945767,0,334.37900000000013,2.0930999999999993,0
1959,c1cc(c(cc1NC(=S)N)O)c2nn3cnnc3s2,C20436257,0,292.34900000000005,1.2138999999999995,0
1960,c1cc2c(cc1C(=O)NNC(=S)NC3CC3)NC(=O)CS2,C26814444,0,322.4150000000001,1.0020999999999998,0
1961,c1ccc(c(c1)CNS(=O)(=O)c2cccnc2NN)F,C35358467,0,296.327,0.9847999999999999,0
1962,Cc1cc(=O)[nH]c(n1)Sc2cc3c(cc2N)OCC(=O)N3,C35453597,0,304.3310000000001,1.14262,0
1963,CN(Cc1ccco1)c2ccc(cc2N)S(=O)(=O)N,C35701151,0,281.337,1.1456,0
1964,c1c(cnc(c1Br)N(CCO)CCO)N,C36250540,0,276.13399999999996,0.21729999999999983,0
1965,c1ccc(c(c1)[C@@H](CC(=O)NCc2cccs2)NC(=O)N)F,C36396030,0,321.377,2.3031,0
1966,c1cc(oc1)CNC(=O)NC(=O)CSc2ccc(cc2)N,C37181655,0,305.35900000000004,1.9798999999999998,0
1967,Cn1c(c(c(=O)[nH]c1=O)NCc2ccccc2Cl)N,C37486392,0,280.71500000000003,0.9213,0
1968,NCC#Cc1ccccc1NC(=O)c1cc([N+](=O)[O-])c[nH]1,C37550809,0,284.275,1.4854,0
1969,C[C@H](C(=O)NC(=O)NC)Oc1ccc(c2c1nccc2)N,C37657920,0,288.307,1.0398999999999994,0
1970,c1ccc2c(c1)cccc2O[C@@H]3[C@H]([C@@H]([C@@H]([C@@H](O3)CO)O)O)O,C02539724,0,306.31399999999996,0.018499999999999184,0
1971,c1cc(c(cc1F)S(=O)(=O)N2CCC[C@H](C2)C(=O)N)N,C37928779,0,301.343,0.29390000000000005,0
1972,c1cc(ccc1CNS(=O)(=O)c2ccnc(c2)NN)F,C38008943,0,296.327,0.9847999999999999,0
1973,c1cc(cc(c1)F)CNS(=O)(=O)c2ccnc(c2)NN,C38009002,0,296.327,0.9847999999999999,0
1974,C[C@]12CC[C@H](C1(C)C)C[C@H]2O[C@H]3[C@@H]([C@H]([C@@H]([C@H](O3)CO)O)O)O,C34256140,0,316.394,0.01770000000000016,0
1975,CC1=C(C(=O)CO)[C@H](C)C(/C=C2\NC(C)=C(C(=O)CO)[C@@H]2C)=N1,C39568400,0,318.37300000000005,0.8710999999999998,0
1976,Cc1sc(NS(=O)(=O)c2cn[nH]c2N)c(C#N)c1C,C40327431,0,297.36500000000007,1.34272,0
1977,c1cc(c(cc1Cl)S(=O)(=O)NCc2c[nH]nc2)N,C40347174,0,286.744,1.1237999999999997,0
1978,c1cc(ccc1NC(=O)[C@@H]2CSC(=O)N2)S(=O)(=O)N,C40378185,0,301.34900000000005,0.09749999999999986,0
1979,c1cc(c(nc1)n2ccnc2c3ccc(cc3)N)C(=O)N,C40517003,0,279.303,1.6153999999999997,0
1980,c1cc(cnc1)[C@H]2CCCN2c3c(cc(cn3)N)C(=O)N,C42139232,0,283.335,1.4991999999999996,0
1981,c1cc(ccc1CNC(=O)NCc2ccsc2)S(=O)(=O)N,C47619376,0,325.4150000000001,1.3949000000000003,0
1982,c1cc(cc(c1)Cl)CNC(=O)C(=O)Nc2c(ccs2)C(=O)N,C47962800,0,337.78800000000007,1.7552999999999994,0
1983,C#CCNC(=O)NCCc1ccc(cc1)S(=O)(=O)N,C48396733,0,281.33700000000005,-0.1910999999999995,0
1984,c1cc(cc(c1)C(=O)N)CO/N=C(\c2cccs2)/N,C48706869,0,275.333,1.6841,0
1985,Cc1ccc(s1)[C@@H](C)Nc2c(n(c(=O)[nH]c2=O)C)N,C48738817,0,280.353,1.1988199999999996,0
1986,CCc1ccc(cc1N)S(=O)(=O)N[C@H]2CCCNC2=O,C50397236,0,297.38,0.3881000000000004,0
1987,c1c(c(cc(c1S(=O)(=O)N[C@H]2CCCNC2=O)Cl)F)N,C50397290,0,321.761,0.6181999999999999,0
1988,Cc1ncc(s1)CNC(=O)c2cc(nc(c2)Cl)NN,C51115731,0,297.771,1.7155200000000002,0
1989,c1cc(oc1)CCC(=O)Nc2ccc(c(c2)/C(=N\O)/N)F,C51638116,0,291.282,2.0845,0
1990,Cc1cccnc1C(=O)Nc2cccc(c2/C(=N/O)/N)F,C51813679,0,288.28200000000004,1.87592,0
1991,Cc1cc(c(cc1S(=O)(=O)NC(CO)(CO)CO)Cl)Cl,C54363404,0,344.216,0.2958199999999998,0
1992,c1csc2c1[C@@H](CCC2)NC(=O)c3c(c(n[nH]3)C4CC4)N,C61330387,0,302.4030000000001,2.7382,0
1993,c1cc(ccc1[C@@H](CNC(=O)c2ccc(cn2)Br)O)N,C61860138,0,336.189,1.8897000000000002,0
1994,Cc1ccc(cn1)CNS(=O)(=O)c2ccc(cc2)NN,C62037865,0,292.36400000000003,1.15412,0
1995,c1cc(c2c(c1)n(cc(c2=O)C(=O)N)Cc3ccco3)N,C62319835,0,283.287,1.3238999999999999,0
1996,Cn1cc(ccc1=O)NC(=O)c2c[nH]c3c2cc(cc3)N,C62832625,0,282.303,1.7010999999999998,0
1997,Cc1csc(n1)C/C(=N/OCc2cccc(c2)C(=O)N)/N,C63456456,0,304.37500000000006,1.58192,0
1998,c1cc(c(cc1[C@@H](CNC(=O)Nc2c[nH]nc2)O)F)F,C65415653,0,282.25,1.5429999999999997,0
1999,Cc1ccccc1[C@@H](CC(=O)Nc2nc(cs2)C)NC(=O)N,C65440115,0,318.4020000000001,2.49814,0
2000,Cc1c(c(no1)c2c(cccc2Cl)Cl)C(=O)NCC(=O)NN,C00166157,0,343.1700000000001,1.6765199999999996,0
2001,Cc1c(c(=O)[nH]c(=O)[nH]1)/C=C(/C)\C(=O)N[C@H](CO)CSCSC,C01743875,0,359.4730000000001,0.30572000000000044,0
2002,c1cc(ccc1NC(=S)Nc2ccc3c(c2)OCCO3)S(=O)(=O)N,C01121765,0,365.4360000000001,1.9141,0
2003,Cc1cc(c(c(c1)C)NC(=O)CNC(=O)c2c(nccn2)N)C,C14059791,0,313.36100000000005,1.3525599999999998,0
2004,c1ccc(cc1)C(=O)NCCC(=O)NCc2ccc(cc2)S(=O)(=O)N,C03439460,0,361.423,0.7703000000000002,0
2005,c1ccc2c(c1)CCN2C(=O)CSCc3nc(nc(n3)N)N,C19221021,0,316.39000000000004,0.8584999999999998,0
2006,c1cc(c(cc1Br)CNc2[nH]ncn2)OCC(=O)N,C20877695,0,326.1540000000001,1.0433999999999994,0
2007,c1cc(ccc1OCc2nnc(n2N)SCCC(=O)N)F,C28449302,0,311.342,0.6775,0
2008,c1cc(sc1)C(=O)NNC(=O)c2cc(sc2)S(=O)(=O)N,C29456555,0,331.40000000000003,0.5318000000000002,0
2009,c1ccc2c(c1)c(c[nH]2)C[C@H]3C(=O)N[C@@H](C(=O)N3)Cc4cnc[nH]4,C31158691,0,323.356,0.6593999999999989,0
2010,CS(=O)(=O)c1ccc(cc1)C(=O)c2c(c(c3n2cccc3)C(=O)N)N,C32611779,0,357.3910000000001,1.2549,0
2011,CC(C)(C)NC(=O)c1c(ccc(n1)C(=O)N)C(=S)NCOC,C05713870,0,324.40600000000006,0.5778000000000005,0
2012,CNS(=O)(=O)c1ccc(c(c1)N)N[C@@H]2CCS(=O)(=O)C2,C35339742,0,319.4080000000001,-0.22409999999999952,0
2013,Cc1ccc(NS(=O)(=O)O)c(N2CCN[C@@H](c3ccccc3O)C2)c1,C39480865,0,363.4390000000001,2.0662199999999995,0
2014,c1ccc2c(c1)c(c[nH]2)CC(=O)NNC(=O)c3ccc[nH]c3=O,C12863077,0,310.313,0.8598999999999997,0
2015,O=C(C[C@H](NCc1ccco1)C(=O)O)Nc1ccccc1O,C39880554,0,304.302,1.5567999999999995,0
2016,C[C@@H](COC)NS(=O)(=O)c1cc(cnc1NN)Br,C41069858,0,339.21500000000003,0.4429000000000003,0
2017,c1ccc(c(c1)CCNS(=O)(=O)c2cnc(nc2)NN)F,C41071061,0,311.342,0.4223000000000001,0
2018,c1ccc(cc1)C(=O)NCC(=O)NNC(=S)NC[C@H]2CCCO2,C15899666,0,336.4170000000002,0.09070000000000022,0
2019,c1cc(ccc1CNC(=O)NCCCO)S(=O)(=O)NC2CC2,C42902028,0,327.40600000000006,0.3089,0
2020,c1c2c(cc(c1Cl)NC(=O)NCCCO)OCC(=O)N2,C44272467,0,299.714,1.1747999999999992,0
2021,c1cc(ccc1[C@H]2c3c[nH]nc3N=C(CS2)O)OCC(=O)N,C39979955,0,318.3580000000001,1.6979999999999993,0
2022,CN(C[C@H](COC)O)C(=O)C1(CCCCCC1)/C(=N/O)/N,C44791812,0,301.38699999999994,0.5391000000000006,0
2023,c1cc(ccc1C(=O)NNC(=O)C2CCCC2)S(=O)(=O)N,C46656203,0,311.363,0.2851999999999998,0
2024,c1ccc(cc1)OCCNC(=O)C(=O)Nc2c(ccs2)C(=O)N,C48001767,0,333.369,0.9806999999999997,0
2025,c1ccc2c(c1)CCC[C@H]2NC(=O)C(=O)Nc3ccc(c(c3)C(=O)N)F,C48648400,0,355.36900000000014,2.0568999999999997,0
2026,c1ccc2c(c1)[C@@H](CCO2)NC(=O)C(=O)Nc3ccc(c(c3)C(=O)N)F,C48764088,0,357.3410000000001,1.5030999999999999,0
2027,C#CCNC(=O)CCNC(=O)NNC(=O)c1ccccc1Cl,C50136534,0,322.75200000000007,0.4235000000000004,0
2028,CN(C)S(=O)(=O)c1ccc(c(c1)N)N[C@H]2CCCNC2=O,C50397350,0,312.39500000000004,0.20960000000000029,0
2029,CCNc1c(cc(cn1)Br)C(=O)NCCCS(=O)(=O)N,C50776277,0,365.25300000000016,0.6842999999999999,0
2030,c1cc(ccc1C(=O)Nc2c[nH]ccc2=O)N3CCC[C@H](C3)C(=O)N,C53808987,0,340.38300000000015,1.3288999999999995,0
2031,CNC(=O)NNC(=O)CNC(=O)c1ccc(s1)Br,C57292336,0,335.183,0.20059999999999995,0
2032,c1ccc2c(c1)ccc(n2)C(=O)NCc3ccc(cc3)C(=O)NCC(=O)N,C59332336,0,362.3890000000001,1.3798999999999995,0
2033,c1c(cc(cc1NC(CO)(CO)CO)[N+](=O)[O-])C(F)(F)F,C59472085,0,310.22799999999995,0.7411999999999999,0
2034,CCn1c(=O)[nH]nc1SCCC(=O)Nc2cccc(c2)N,C59971196,0,307.379,1.2943999999999996,0
2035,c1cc(cc(c1)N2CCCC2=O)NC(=O)CCCCNC(=O)N,C06988605,0,318.377,1.5904999999999994,0
2036,Cc1cnc(cn1)CNC(=O)c2cc(cnc2NN)Br,C61324115,0,337.18100000000004,1.15812,0
2037,CC(C)n1c(=O)[nH]nc1Sc2ccc(cc2F)/C(=N/O)/N,C61595553,0,311.34200000000004,1.5370999999999997,0
2038,c1ccc(cc1)[C@H](C(=O)N)NC(=O)NCCCn2cccn2,C61632473,0,301.34999999999997,0.7989999999999995,0
2039,c1cc(cc(c1)/C(=N\O)/N)CNC(=O)c2ccc(cn2)Br,C61871137,0,349.18799999999993,1.8686000000000003,0
2040,c1ccc(c(c1)C(=O)NCCCNC(=O)c2c(nccn2)N)F,C63327482,0,317.32399999999996,0.7478,0
2041,c1ccc2c(c1)c(n[nH]2)C(=O)NCC3=CC[C@H](S3)S(=O)(=O)N,C38686727,0,338.41400000000004,0.9280999999999999,0
2042,c1cc(cc(c1)S(=O)(=O)N)CNC(=O)c2c[nH]c3c2cccn3,C64861357,0,330.369,1.1403000000000003,0
2043,C#Cc1cccc(c1)NC(=O)CNC(=O)CNC(=O)NC2CC2,C65000338,0,314.3450000000001,0.18419999999999997,0
2044,C#CCNC(=O)CNC(=O)c1cccc(c1)NC(=O)NC2CC2,C50663159,0,314.3450000000001,0.4496999999999999,0
2045,C1CC1NC(=O)CNC(=O)CCCC[C@H]2[C@H]3[C@@H](CS2)NC(=O)N3,C67139314,0,340.44899999999996,0.10700000000000098,0
2046,C1CCNC(=O)[C@@H](C1)NC(=O)CCCC[C@@H]2[C@@H]3[C@@H](CS2)NC(=O)N3,C67162937,0,354.476,0.49710000000000065,0
2047,CC[C@@H](C)[C@@H](C(=O)NCc1c(nn(c1C)CC)C)NC(=O)N,C67178648,0,309.414,1.2190400000000006,0
2048,C[C@H](C(=O)NNC(=S)Nc1cccc(c1)C#C)NC(=O)c2ccoc2,C67196231,0,356.4070000000001,1.3969999999999996,0
2049,C#Cc1cccc(c1)NC(=S)NNC(=O)CCNC(=O)c2ccco2,C67196605,0,356.4070000000001,1.3985999999999998,0
2050,O=C(O)C[C@H](NC[C@@H](O)Cn1c2ccccc2c2ccccc21)C(=O)O,C02707482,0,356.3780000000001,1.6729,0
2051,O=C(O)C[C@@H](NC[C@H](O)Cn1c2ccccc2c2ccccc21)C(=O)O,C02707486,0,356.3780000000001,1.6729,0
2052,COc1cc(C)cc2oc(=O)c(CC(=O)NCC(=O)N[C@H](C(=O)O)C(C)C)c(C)c12,C02117115,0,418.44600000000014,1.3025400000000003,0
2053,Nc1cc(Cl)c(S(=O)(=O)NCCS(=O)(=O)O)cc1Cl,C02540029,0,349.217,0.7417,0
2054,O=C(NCC(=O)N1CCc2ccccc2C1)N[C@@H](Cc1c[nH]c2ccccc12)C(=O)O,C13235797,0,420.4690000000002,2.0476999999999985,0
2055,NC(=O)CC[C@H](NC(=O)c1ccc(F)cc1Br)C(=O)O,C19384872,0,347.14000000000004,1.0366999999999993,0
2056,CC(C)N1C(=O)/C(=C/NC[C@H](CC(=O)O)c2ccc(Cl)cc2)C(=O)NC1=S,C20591963,0,409.8950000000001,2.0235,0
2057,NC(=O)C[C@@H](C(=O)O)N1C(=O)/C(=C/c2c[nH]c3ccccc23)SC1=S,C27229842,0,375.43100000000004,1.6976999999999995,0
2058,NC(=O)C[C@@H](C(=O)O)N1C(=O)/C(=C\c2nc3ccccc3[nH]2)SC1=S,C27230359,0,376.41900000000004,1.0927,0
2059,Cc1ccc(SCC(=O)NN/C=C2/C(=O)NC(=S)N=C2O)cc1,C28977939,0,350.42500000000007,0.9630199999999999,0
2060,NC(=O)CN1O[C@@H]2C(O)=NC(=O)[C@H]2[C@H]1c1ccc(OC(F)(F)F)cc1,C33633307,0,359.26,0.8403000000000009,0
2061,NC(=O)CC[C@@H](NC(=O)/C=C/c1cccc(Br)c1)C(=O)O,C37411321,0,355.1880000000001,1.2971999999999992,0
2062,O=S(=O)(O)Nc1ccc(Cc2ccccc2)cc1N1CCN[C@@H](F)C1,C39480757,0,365.4300000000001,2.1973000000000003,0
2063,CC(C)Cc1ccc(NS(=O)(=O)O)c(N2CCN[C@H](Cl)C2)c1,C39481725,0,347.86800000000005,2.0743,0
2064,O=C(CS[C@@H]1NN=CS1)N[C@H](Cc1c[nH]c2ccccc12)C(=O)O,C39692113,0,364.4520000000001,1.5762999999999996,0
2065,O=C(CS[C@H]1NN=CS1)N[C@H](Cc1c[nH]c2ccccc12)C(=O)O,C39692115,0,364.4520000000001,1.5762999999999996,0
2066,NC(=O)CC[C@@H](C(=O)O)N1C(=O)/C(=C/c2cccc([N+](=O)[O-])c2)SC1=S,C39862225,0,395.4180000000001,1.5147,0
2067,Cc1ccc(C(=O)C2=C(O)C(=O)N[C@H]2c2ccc(OCC(N)=O)cc2)o1,C40116614,0,356.3340000000002,1.3180199999999997,0
2068,O=C1NC(=O)[C@@H]2[C@H]1[C@H](c1ccc(Cl)s1)N[C@]2(Cc1ccc([N+](=O)[O-])cc1)C(=O)O,C33594386,0,435.8450000000002,1.9088999999999998,0
2069,Cc1ccc(C)c([C@@H]2N[C@](CC(=O)O)(C(=O)O)[C@@H]3C(=O)N(c4ccccc4C)C(=O)[C@H]32)c1,C33925229,0,436.46400000000017,2.36006,0
2070,Cc1ccccc1N1C(=O)[C@@H]2[C@@H](C1=O)[C@@](CC(=O)O)(C(=O)O)N[C@H]2c1ccc(C#N)cc1,C33929196,0,433.42000000000013,1.6148999999999998,0
2071,N#Cc1ccc([C@H]2N[C@](CC(=O)O)(C(=O)O)[C@@H]3C(=O)N(C4CCCCC4)C(=O)[C@@H]23)cc1,C33929202,0,425.44100000000026,1.4345799999999995,0
2072,CC(C)(C)N1C(=O)[C@@H]2[C@@H](C1=O)[C@@](CC(=O)O)(C(=O)O)N[C@H]2c1ccc(C#N)cc1,C33931425,0,399.403,0.9003800000000008,0
2073,O=C(NCCNc1ncccn1)c1ccc2c(O)[nH]c(=S)nc2c1,C47105233,0,342.38400000000007,1.629889999999999,0
2074,C[C@H](C(=O)N[C@H](C)C(=O)O)N1C(=O)/C(=C/c2ccccc2O)SC1=S,C15048483,0,380.44700000000006,1.5712,0
2075,CN1C(=O)/C(=C/N[C@@H](Cc2c[nH]c3ccccc23)C(=O)O)C(=O)NC1=S,C20358720,0,372.4060000000001,0.5101999999999993,0
2076,CNc1ncc(Br)cc1S(=O)(=O)N[C@@H](C)c1nnn[nH]1,C50672611,0,362.213,0.4383999999999998,0
2077,NS(=O)(=O)c1ccc(NC(=O)CS[C@@H]2CC(O)=NC2=O)cc1,C39886099,0,343.386,0.2610999999999996,0
2078,NC(=O)CNC(=O)c1cccc(NS(=O)(=O)c2ccc(Cl)nc2)c1,C55589093,0,368.8020000000001,0.7508999999999998,0
2079,CC(=NN=C(S)Nc1ccc(S(=O)(=O)O)cc1)c1ccccn1,C16940415,0,350.42500000000007,2.4502000000000006,0
2080,CC(C)[C@H](NC1=NS(=O)(=O)c2ccccc21)/C(O)=N/c1ncn[nH]1,C23142287,0,348.38800000000003,1.1559999999999997,0
2081,O=C1Oc2ccccc2C(=O)/C1=C\N[C@@H](Cc1ccc(O)c(O)c1)C(=O)O,C38932911,0,369.32900000000006,1.3688999999999998,0
2082,COc1cccc([C@@H]2C(C#N)=C(N)N3C(=O)[C@@H](CC(=O)O)SC3=C2C#N)c1OC,C59293828,0,412.42700000000013,1.64876,0
2083,COC(=O)C1=C(N)N2C(=O)[C@@H](CC(=O)O)SC2=C(C#N)[C@@H]1c1ccc(C)cc1,C59293877,0,399.42800000000017,1.5894000000000001,0
2084,COC(=O)C1=C(N)N2C(=O)[C@@H](CC(=O)O)SC2=C(C#N)[C@@H]1c1ccco1,C59293911,0,375.36200000000014,0.87398,0
2085,COC(=O)C1=C(N)N2C(=O)[C@@H](CC(=O)O)SC2=C(C#N)[C@H]1c1sccc1C,C59293920,0,405.45700000000016,1.6509000000000003,0
2086,Cn1cc(S(=O)(=O)/N=C(\O)c2cccc(N3CCCS3(=O)=O)c2)cc1C(N)=O,C59368856,0,426.4760000000002,0.3574000000000007,0
2087,Cc1ccc(NS(C)(=O)=O)c(C(=O)NNC(=O)c2ccccn2)c1,C63445293,0,348.38400000000007,0.8363199999999994,0
2088,c1cc(ccc1CC[N-]C2=NC(=NC3=NC=N[C@@H]32)Cl)S(=O)(=O)N,C38787567,0,351.7990000000001,1.0661,-1
2089,NC(=O)C1=C(SCC(=O)NCc2ccc(F)cc2)S[C@H]2C(O)=CC(=O)N=C12,C40283558,0,407.4480000000001,1.4104999999999994,0
2090,Cn1c(=O)[nH]c(O)c(/C=N/[C@@H](CC2=c3ccccc3=NC2)C(=O)O)c1=O,C63485903,0,356.3380000000001,-1.4744999999999995,0
2091,COC(=O)[C@H]1N=c2cc(OC)ccc2=C1N/C=C1\C(=O)N=C(O)N=C1O,C38786944,0,358.3100000000001,-1.1375999999999975,0
2092,CNS(=O)(=O)c1cccc(S(=O)(=O)Nc2c(C)cccc2C(N)=O)c1,C64475446,0,383.45100000000014,0.8028200000000001,0
2093,CCc1ncc(/C(O)=N/S(=O)(=O)c2cc(C(N)=O)n(C)c2)s1,C65042041,0,342.402,0.8364,0
2094,Cc1cc(NS(=O)(=O)c2cccc(C(=O)Nc3cc[nH]n3)c2)no1,C66052318,0,347.35600000000005,1.7592199999999996,0
2095,COCCOc1ccc(F)cc1NS(=O)(=O)c1cc(C(N)=O)n(C)c1,C66586109,0,371.39000000000016,1.0891,0
2096,Cc1nc(S)sc1CC(=O)NCc1n[nH]c(=S)n1C(C)C,C66639473,0,343.50300000000004,2.4341100000000004,0
2097,Cc1nnc(NNC(=O)[C@H](C(C)C)N2C[C@@H](C)O[C@@H](C)C2)nc1O,C66898756,0,338.4120000000001,0.4625200000000001,0
2098,NC(=O)CNC(=O)c1ccc2c(O)n(Cc3ccco3)c(=S)nc2c1,C67509170,0,358.3790000000001,1.3277899999999998,0
2099,CCn1c(O)c2ccc(C(=O)NCC(=O)NCCOC)cc2nc1=S,C32458530,0,364.427,0.9836899999999996,0
2100,C[C@@H](CCNc1c2c(ncn1)n(cn2)[C@@H]3[C@@H]([C@@H]([C@@H](O3)CO)O)O)CO,C04544019,0,353.37900000000013,-1.1318,0
2101,Cc1cccc(n1)CSc2c3c(nc(n2)N)n(cn3)[C@@H]4[C@H]([C@@H]([C@@H](O4)CO)O)O,C04705722,0,404.4520000000001,0.015720000000000067,0
2102,Cc1cc(c(cc1C)[N+](=O)[O-])N[C@H]2[C@@H]([C@@H]([C@@H]([C@@H](O2)CO)O)O)O,C05125498,0,328.3210000000001,-0.5765599999999997,0
2103,Cc1cc(c(cc1C)[N+](=O)[O-])N[C@H]2[C@H]([C@@H]([C@@H]([C@@H](O2)CO)O)O)O,C05125500,0,328.3210000000001,-0.5765599999999997,0
2104,CSc1c2c(nc(n1)N)n(c(n2)SC)[C@@H]3[C@H]([C@@H]([C@@H](O3)CO)O)O,C05217224,0,359.4330000000001,-0.5361999999999998,0
2105,CSc1c2c(nc(n1)N)n(c(n2)SC)[C@H]3[C@H]([C@@H]([C@@H](O3)CO)O)O,C05217225,0,359.4330000000001,-0.5361999999999998,0
2106,c1cc(ccc1NC(=O)NC(=O)c2cn(nn2)[C@@H]3[C@H]([C@@H]([C@@H](O3)CO)O)O)Cl,C01557649,0,397.7750000000001,-0.49510000000000015,0
2107,COc1ccc(cc1)c2c(c(n(c(=S)c2C#N)[C@@H]3[C@H]([C@@H]([C@@H](CO3)O)O)O)N)C#N,C05540634,0,414.4430000000001,0.8302500000000006,0
2108,Cn1c(=O)c(c(nc1OC)N[C@@H]2[C@H]([C@@H]([C@@H]([C@@H](O2)CO)O)O)O)Cl,C05760744,0,351.74300000000005,-2.345899999999998,0
2109,CSc1nc(c2cnn(c2n1)[C@@H]3[C@H]([C@@H]([C@@H](O3)CO)O)O)NN,C05766209,0,328.354,-1.554699999999999,0
2110,c1cc(ccc1N)S(=O)(=O)NNc2ccc(cc2)S(=O)(=O)N,C05616370,0,342.4020000000001,0.22159999999999969,0
2111,c1ccc2c(c1)c(nn(c2=O)CC(=O)NCc3ccc(cc3)S(=O)(=O)N)C(=O)N,C09594195,0,415.43100000000015,-0.5407999999999993,0
2112,CC(C)Cn1c(c(c(=O)[nH]c1=O)C(=O)CSc2nnc(s2)N)N,C10790033,0,356.43300000000005,0.18350000000000022,0
2113,C=CCSc1c2c3c(ncnc3n(c2ncn1)[C@H]4[C@H]([C@@H]([C@@H](O4)CO)O)O)N,C04774530,0,390.4250000000001,-0.1537000000000005,0
2114,c1ccc(c(c1)/C=C\2/C(=O)N(C(=O)N2)CC(=O)Nc3ccc(cc3)S(=O)(=O)N)O,C15052316,0,416.4150000000001,0.5710000000000002,0
2115,c1cc(cc(c1)NC=C2C(=O)NC(=S)NC2=O)NC=C3C(=O)NC(=S)NC3=O,C03066976,0,416.4440000000001,-0.6599999999999997,0
2116,c1ccc(c(c1)NC=C2C(=O)NC(=S)NC2=O)NC=C3C(=O)NC(=S)NC3=O,C03067016,0,416.4440000000001,-0.6599999999999997,0
2117,c1cc(ccc1N(CCC(=O)N)C(=O)CSc2[nH]c(nn2)N)F,C16744823,0,338.368,0.5267000000000002,0
2118,C(Cn1c(=O)c(c(c(=O)[nH]1)Cl)Cl)C(=O)NNC(=O)C(=O)N,C01614032,0,338.1070000000001,-2.1338,0
2119,CP(=O)(C)OC[C@H]1[C@H]([C@@H]([C@@H](O1)n2cnc3c2nc([nH]c3=O)N)O)O,C21983079,0,359.2790000000001,-1.1246999999999987,0
2120,Cc1cccc(n1)CSc2c3c(nc(n2)N)n(cn3)[C@H]4[C@@H]([C@@H]([C@H](O4)CO)O)O,C29058827,0,404.4520000000001,0.015720000000000067,0
2121,COc1cc2ccc(=O)oc2c(c1O[C@H]3[C@@H]([C@H]([C@@H]([C@H](O3)CO)O)O)O)O,C31167087,0,370.31000000000006,-1.3141000000000003,0
2122,CSc1[nH]c(=O)c(c(n1)N[C@H]2[C@H]([C@@H]([C@@H](CO2)O)O)O)I,C17175365,0,415.209,-1.0527000000000004,0
2123,C[C@@H](CC[C@@H]1[C@@H](C[C@@H](CC1(C)C)O)CO[C@H]2[C@@H]([C@H]([C@@H]([C@H](O2)CO)O)O)O)O,C35455110,0,392.4890000000001,-0.6227999999999989,0
2124,CP(=O)(C)OC[C@H]1[C@@H]([C@@H]([C@@H](O1)n2cnc3c2nc([nH]c3=O)N)O)O,C35564992,0,359.2790000000001,-1.1246999999999987,0
2125,c1cc(ncc1Br)N[C@H]2[C@@H]([C@@H]([C@@H]([C@@H](O2)CO)O)O)O,C36556663,0,335.15400000000005,-0.9441000000000004,0
2126,c1cc(ncc1Br)N[C@H]2[C@H]([C@@H]([C@@H]([C@@H](O2)CO)O)O)O,C36556667,0,335.15400000000005,-0.9441000000000004,0
2127,c1csc2n1c(c(n2)NN)S(=O)(=O)NC3CCC(CC3)O,C37556088,0,331.4230000000002,0.2631999999999995,0
2128,c1ccc2c(c1)c(c[nH]2)C(=O)NN3CC(=O)C(=C3N)c4[nH]c5ccccc5n4,C03281710,0,372.38800000000003,1.9011999999999998,0
2129,C/C(=C\Cc1c(ccc2c1oc(=O)cc2)O[C@H]3[C@@H]([C@H]([C@@H]([C@H](O3)CO)O)O)O)/CO,C31160232,0,408.40300000000013,-0.5472000000000001,0
2130,C[C@@]12C[C@@H]([C@@H](C1(C)C)C[C@@H]2O)O[C@H]3[C@@H]([C@H]([C@@H]([C@H](O3)CO)O)O)O,C35271177,0,332.3930000000001,-1.011499999999999,0
2131,Cc1ccc(cc1)C2=C[C@@H](N=N2)[C@@H]3NN[C@@H](N3N)SCC(=O)N,C38748399,0,333.42100000000016,0.282020000000001,0
2132,c1cc(oc1)C(=O)NCCC(=O)NCC(=O)Nc2ccc3c(c2)[nH]c(=O)[nH]3,C39558611,0,371.35300000000007,0.32400000000000023,0
2133,c1cc(ccc1CNS(=O)(=O)c2ccc(cn2)N)S(=O)(=O)N,C40680493,0,342.4020000000001,-0.2102999999999996,0
2134,c1cc(c(c(c1)Cl)S(=O)(=O)NCCCS(=O)(=O)N)N,C45166804,0,327.81500000000005,-0.12089999999999945,0
2135,c1ccc(c(c1)C(=O)NNC(=O)CCNC(=O)N)Br,C47836207,0,329.15399999999994,0.2685000000000001,0
2136,c1ccc2c(c1)[nH]c(=O)n2C3CCN(CC3)Cc4nc(nc(n4)N)N,C52712655,0,340.391,0.5161,0
2137,N=C(N/N=C/c1ccc([N+](=O)[O-])o1)c1nc2ccccc2[n+]([O-])c1N,C16545150,0,341.28700000000003,0.9006700000000001,0
2138,c1cc(c(cc1[N+](=O)[O-])/C=N\[C@H]2[C@@H]([C@@H]([C@@H](O[C@@H]2O)CO)O)O)O,C35185490,0,328.2770000000001,-1.4808000000000001,0
2139,Cc1c(sc(n1)N)C(=O)NCc2ccc(cc2)S(=O)(=O)N,C55170613,0,326.4030000000001,0.61112,0
2140,c1cc(sc1)CCNC(=O)CSCc2nc(nc(n2)N)N,C56229281,0,324.435,0.6895999999999998,0
2141,c1cc2c(cc1N)nc(o2)[C@H]([C@@H](c3nc4cc(ccc4o3)N)O)O,C59942384,0,326.31200000000007,1.9003999999999994,0
2142,c1cc(c(cc1S(=O)(=O)N)N)Sc2n[nH]c(=O)n2C3CC3,C61593985,0,327.39100000000013,0.2871000000000002,0
2143,COC(=O)[C@@H]1[C@H](SC(=C1CSc2nc([nH]n2)N)C(=O)OC)N,C39945657,0,345.4060000000001,-0.2730999999999998,0
2144,COc1ccc(cc1)C2=N[C@H]3[C@@H]([C@@H]2[C@@H]4C(=NC(=O)NC4=O)N)C(=O)NC(=O)N3,C63529325,0,384.35200000000015,-0.8809999999999978,0
2145,CCC([C@@H]1C(N)=NC(=S)N=C1O)[C@H]1C(N)=NC(=S)N=C1O,C63598723,0,326.40700000000004,0.46940000000000026,0
2146,CCNC(=O)Nc1cccc(c1)NC(=O)CCc2[nH]c3c(=O)[nH]c(=O)n(c3n2)C,C63812288,0,399.4110000000001,0.6626000000000011,0
2147,c1cc(c(cc1S(=O)(=O)N)C(=O)NNC(=O)NC2CC2)Cl,C64427792,0,332.7690000000001,0.0938000000000001,0
2148,c1cc(ccc1/C=C/C(=O)NNC(=O)NC[C@@H]2CCCO2)S(=O)(=O)N,C65622736,0,368.41500000000013,-0.14339999999999897,0
2149,Cc1ccc2cccc(c2n1)NC(=O)C(=O)NCCCc3c(c([nH]n3)N)C#N,C67491116,0,377.40800000000013,1.4076999999999997,0
2150,c1nc(c2c(n1)n(cn2)[C@H]3CCN(C3=O)CCO)N,C01762194,0,262.27299999999997,-0.8257999999999999,0
2151,c1cc(oc1)CNC(=O)CCc2c(=O)[nH]c(=O)[nH]n2,C00851034,0,264.241,-0.6997999999999993,0
2152,Cc1cn(c(=O)[nH]c1=O)[C@@H]2C[C@@H](N(O2)CCO)CO,C01642661,0,271.27299999999997,-1.6658799999999987,0
2153,c1cc(ccc1/N=N/S(=O)(=O)O)S(=O)(=O)N,C03040181,0,265.272,0.22049999999999997,0
2154,c1cc(cnc1)C(=O)N2[C@H]3[C@H](C(=O)NC(=O)N3)NC2=O,C06829168,0,275.22400000000005,-1.2188999999999992,0
2155,CCCn1c(c(c(=O)[nH]c1=O)C(=O)Cn2ccnc2)N,C10809604,0,277.284,-0.39179999999999987,0
2156,COCCn1c(c(c(=O)[nH]c1=O)C(=O)CCl)N,C11566800,0,261.66499999999996,-0.8133000000000001,0
2157,CC(C)Nc1nc2c(n1CCO)c(=O)[nH]c(=O)n2C,C12232179,0,267.289,-0.7640999999999998,0
2158,c1cn2c(n1)c(cn2[C@@H]3[C@H]([C@@H]([C@@H](O3)CO)O)O)C#N,C05479145,0,264.241,-1.38102,0
2159,Cc1c(cnn1C)c2ccnc3n2ncc3C(=O)NN,C02537103,0,271.28400000000005,0.041719999999999924,0
2160,c1ccc(c(c1)CN2C(=O)CNC2=O)C(=O)N3CCC(CC3)C(=O)N,C22017463,0,344.37100000000015,0.07590000000000086,0
2161,c1[nH]c(=O)c2c(n1)n(cn2)[C@H]3[C@@H]([C@@H]([C@H](O3)CO)O)F,C31543351,0,270.22,-1.2917000000000005,0
2162,N[C@H](CSCC(=O)n1nc2ccccn2c1=O)C(=O)O,C35296209,0,296.30800000000005,-0.718700000000001,0
2163,Cc1c(c([nH]n1)N)C(=O)N(C)[C@@H]2CCS(=O)(=O)C2,C37507168,0,272.33000000000004,-0.4405799999999993,0
2164,CCn1cc(c(n1)N)S(=O)(=O)NC[C@@H]2COCCO2,C38062543,0,290.3450000000001,-0.8210999999999988,0
2165,C1CS(=O)(=O)C[C@@H]1NC(=O)CNN[C@@H]2CCS(=O)(=O)C2,C39287102,0,325.41200000000003,-2.4289999999999967,0
2166,C1C=C2C(=NN=N2)N(C1=O)[C@@H]3[C@H]([C@@H]([C@@H](O3)CO)O)O,C39740933,0,268.22900000000004,-1.6790999999999998,0
2167,C1C=C2C(=NN=N2)N(C1=O)[C@H]3[C@@H]([C@H]([C@H](O3)CO)O)O,C39937433,0,268.22900000000004,-1.6790999999999998,0
2168,C1N=C2C(=NC=NC2=O)N1[C@H]3[C@H]([C@@H]([C@@H](O3)CO)O)O,C39946996,0,268.229,-2.893499999999998,0
2169,Cc1c(c(n(n1)CC(=O)NCc2nncn2C)C)N,C40335555,0,263.305,-0.47295999999999977,0
2170,Cn1c2c(c(=O)[nH]c1=O)[C@H](c3c(ccc(n3)c4cccnc4)C(=O)N2)O,C40568966,0,351.32200000000006,0.17800000000000005,0
2171,c1cc(c(nc1)N)C(=O)NCc2nnc3n2cccn3,C40818795,0,269.268,0.031499999999999195,0
2172,c1c(cn[nH]1)S(=O)(=O)N[C@H]2CCCc3c2cnn3CCO,C40830864,0,311.3670000000001,-0.045600000000000696,0
2173,c1c(cncc1C(=O)NCc2c[nH]nc2)C#CCCO,C42357976,0,270.292,0.46859999999999985,0
2174,CNC(=O)NCCC(=O)N[C@@H]1CCS(=O)(=O)C1,C47718360,0,263.319,-1.3911999999999989,0
2175,Cc1c(oc(n1)NC(=O)C(=O)NCCC(=O)NC)C,C48033867,0,268.273,-0.5177600000000004,0
2176,CNC(=O)C(=O)Nc1cccc(c1)N2CCNC2=O,C48498945,0,262.269,-0.099300000000001,0
2177,C[C@@H](Cn1cccn1)NS(=O)(=O)c2cn(nc2N)C,C49074626,0,284.345,-0.4341999999999988,0
2178,CC(=O)NCC(=O)NCC(=O)N[C@]1(CCS(=O)(=O)C1)C,C49314472,0,305.35600000000005,-2.0678999999999963,0
2179,Cc1nc(cs1)C(=O)Nc2cnn(c2)CC(=O)N,C49341875,0,265.298,0.38561999999999996,0
2180,Cc1c(cco1)C(=O)NNC(=O)NCCS(=O)(=O)C,C49518664,0,289.31300000000005,-0.423379999999999,0
2181,Cc1nc(n(n1)c2ccc(cc2/C(=N/O)/N)[N+](=O)[O-])C,C50440139,0,276.25600000000003,0.8868399999999999,0
2182,c1cncc(c1S(=O)(=O)CC(=O)NCCC#N)N,C50472317,0,268.29799999999994,-0.5326199999999994,0
2183,CS(=O)(=O)CCNS(=O)(=O)c1cnc(nc1)N,C50630581,0,280.331,-1.6182999999999979,0
2184,Cn1cc(cn1)CNS(=O)(=O)c2cnc(nc2)N,C50674107,0,268.302,-0.7292000000000001,0
2185,Cc1c(c(=O)[nH]c(=O)[nH]1)CCC(=O)N(C)C[C@H](C)O,C51818874,0,269.30099999999993,-0.8565799999999997,0
2186,C[C@H](CN1CNC(=NC1)NS(=O)(=O)C(C)C)O,C40387380,0,264.351,-1.1287999999999987,0
2187,C[C@@H](CN1CNC(=NC1)NS(=O)(=O)C(C)C)O,C40387382,0,264.351,-1.1287999999999987,0
2188,c1c(cn(n1)CC(=O)N)NC(=O)[C@H]2CC(=O)N(C2)C3CCCC3,C53413620,0,319.3650000000001,0.09799999999999942,0
2189,C[C@H](c1nc2cc(ccc2n1Cc3nncn3C)N)O,C53736693,0,272.31199999999995,0.8485999999999998,0
2190,c1[nH]c(=S)c2c(n1)n(cn2)[C@@H]3C[C@@H]([C@@H](O3)CO)O,C04557040,0,268.298,0.12958999999999976,0
2191,C[C@]1(C(=O)N(C(=O)N1)CC(=S)N)c2cccnc2,C57848479,0,264.31,0.13469999999999943,0
2192,CC(C)[C@@H](C1=N/C(=C/2\C=CC(=O)C(=C2)OC)/NO1)N,C20016273,0,263.297,0.7838,0
2193,c1cc(=O)n(cc1N)CC(=O)N2CCC(=O)NCC2,C62100034,0,264.28499999999997,-1.2209999999999994,0
2194,C1C[C@H](OC1)CN[C@]2(CCS(=O)(=O)C2)C(=O)N,C62962897,0,262.33099999999996,-1.2023999999999972,0
2195,Cn1c2c(cn1)c(nc(n2)CN3C(=O)CCC3=O)NN,C63084217,0,275.27199999999993,-0.7020999999999993,0
2196,C1=NN(C2=NC=NC(=O)[C@@H]21)[C@H]3[C@@H]([C@@H]([C@H](O3)CO)O)O,C13542645,0,268.229,-2.689999999999998,0
2197,c1cn(c(=O)[nH]c1=O)[C@@H]2C([C@H]([C@H](O2)CO)O)(F)F,C65740709,0,264.18399999999997,-1.5775000000000003,0
2198,c1cscc1C(=O)NCC(=O)NNC(=O)c2cnccn2,C67463448,0,305.319,-0.27090000000000036,0
2199,c1c2c(n(n1)CCO)CN(C2)c3ncc(c(n3)N)C#N,C67539903,0,271.284,-0.36052000000000034,0
2200,CSc1c2cnn(c2ncn1)[C@H]3[C@H]([C@@H]([C@@H](O3)CO)O)O,C05121279,0,298.324,-0.8403,0
2201,C#CCOc1cn(c(=O)[nH]c1=O)[C@@H]2C[C@@H]([C@@H](O2)CO)O,C01559600,0,282.25199999999995,-1.8106999999999993,0
2202,Cc1ccc(cc1)S(=O)(=O)NC(=O)NS(=O)(=O)O,C01655055,0,294.31000000000006,-0.21427999999999986,0
2203,Cc1c(nc(s1)C)c2c(n(c(=O)[nH]c2=O)[C@@H]3CCS(=O)(=O)C3)N,C11566893,0,356.42900000000014,0.21874000000000027,0
2204,c1cc(cc(c1)Cl)C(=O)NNC(=O)Cn2ccc(=O)[nH]c2=O,C17248466,0,322.7080000000001,-0.3488000000000004,0
2205,CN\1CC(=O)N/C1=N\S(=O)(=O)c2cc(ccc2OC)N,C20558613,0,298.32400000000007,-0.6162999999999987,0
2206,c1cc(c(cc1N)Cl)S(=O)(=O)N[C@H]2CCOC2=O,C21801136,0,290.72800000000007,0.5159999999999999,0
2207,c1cn(c(=O)[nH]c1=O)[C@H]2[C@H]([C@H]([C@H](O2)CO)O)Br,C21999920,0,307.1,-1.4493,0
2208,c1cc2c(cc(c3c2c(c1)C(=O)N3)[S@@](=O)O)[S@@](=O)O,C22863454,0,297.313,1.5667,0
2209,C1CN(CCN1CCO)c2c(c(c(c(n2)N)C#N)CC#N)C#N,C12538464,0,311.3490000000001,-0.41245999999999894,0
2210,c1ccc2c(c1)c(=O)c(c[nH]2)C(=O)NNC(=O)c3ccncc3,C32605199,0,308.297,0.9979,0
2211,c1cc(cc(c1)S(=O)(=O)N2CCC(CC2)O)S(=O)(=O)N,C35612153,0,320.392,-0.5205999999999993,0
2212,Cc1c(c(n[nH]1)C)NC(=O)c2cc(cn2C)S(=O)(=O)NC,C36733737,0,311.3670000000001,0.5254399999999997,0
2213,CN([C@H]1CCS(=O)(=O)C1)S(=O)(=O)c2c[nH]nc2N,C37559935,0,294.35800000000006,-1.2004999999999986,0
2214,c1nc2c(c(n1)Cl)ncn2[C@@H]3[C@@H]([C@@H]([C@@H](O3)CO)O)O,C03898168,0,286.675,-0.9088,0
2215,c1cc2c(cc1C(=O)N3CCN(CC3)S(=O)(=O)N)nc[nH]2,C38102260,0,309.35099999999994,-0.4757999999999995,0
2216,Cc1c(c(=O)[nH]c(=O)[nH]1)S(=O)(=O)Nc2ccccn2,C18202748,0,282.281,-0.4325800000000002,0
2217,C#CCN([C@H]1CCS(=O)(=O)C1)S(=O)(=O)c2c[nH]nc2N,C40336494,0,318.38,-1.1970999999999985,0
2218,CS(=O)(=O)Nc1ccc(cc1)NC(=O)C2=NNC(=O)CC2,C40429609,0,310.33500000000015,0.2625999999999994,0
2219,C1CS(=O)(=O)C[C@@H]1NS(=O)(=O)c2nnc(s2)N,C41500505,0,298.371,-1.414299999999999,0
2220,c1cc2c(cc1N)oc(n2)S(=O)(=O)CCN3CCNC3=O,C42192493,0,310.33500000000004,0.20889999999999992,0
2221,Cc1c(cco1)C(=O)NNC(=O)N[C@@H]2CCS(=O)(=O)C2,C42872758,0,301.32400000000007,-0.28088,0
2222,CS(=O)(=O)c1ccc(cc1)CNc2c(=O)[nH]c(=O)[nH]n2,C44348824,0,296.308,-0.5262,0
2223,CC(C)(/C(=N/O)/N)C(=O)N(C)[C@@H]1CCS(=O)(=O)C1,C44785459,0,277.34600000000006,-0.595499999999999,0
2224,CCn1cc(c(n1)N)S(=O)(=O)N[C@@]2(CCS(=O)(=O)C2)C,C44886919,0,322.4120000000001,-0.6592999999999984,0
2225,c1cc(c(cc1S(=O)(=O)N)C(=O)N2CCNC(=O)C2)Br,C46867352,0,362.205,-0.3314999999999999,0
2226,CNS(=O)(=O)c1ccc(o1)C(=O)Nc2c[nH]ccc2=O,C47672388,0,297.29200000000003,0.12829999999999975,0
2227,Cc1cc(n(n1)CC(=O)NNC(=O)c2cc(n[nH]2)C)C,C48822241,0,276.30000000000007,-0.00734000000000079,0
2228,Cc1c(scn1)C(=O)NNC(=O)N[C@@H]2CCS(=O)(=O)C2,C48952974,0,318.38000000000005,-0.41737999999999964,0
2229,c1cc2c(cc1CNC(=O)C(=O)Nc3c[nH]ccc3=O)OCO2,C49543864,0,315.28500000000014,0.3584999999999995,0
2230,C1CS(=O)(=O)C[C@@H]1C(=O)NNC(=O)C(=O)NC2CC2,C49853326,0,289.3130000000001,-2.152899999999997,0
2231,Cc1c(c(n[nH]1)C(=O)N2CCN(CC2)c3cnccn3)N,C50306215,0,287.327,0.05271999999999999,0
2232,Cc1c(sc(=O)[nH]1)S(=O)(=O)N[C@@H]2CCCNC2=O,C50392677,0,291.354,-0.6982800000000002,0
2233,c1c(cnc(n1)N)S(=O)(=O)NC2CCS(=O)(=O)CC2,C50658965,0,306.36900000000014,-1.0856999999999992,0
2234,CN([C@H]1CCS(=O)(=O)C1)C(=O)c2cc(cnc2NN)Br,C51091004,0,363.23699999999997,0.3888,0
2235,c1c(cnc(c1Cl)NN)C(=O)N2CCS(=O)CC2,C51113114,0,288.76000000000005,0.22509999999999986,0
2236,CCN1CCN(C(=O)C1=O)Cc2c(nn(c2NN)C)C,C51147500,0,280.33200000000005,-0.7951799999999989,0
2237,Cn1cnc(S(=O)(=O)Nc2ccccc2S(N)(=O)=O)c1,C52096737,0,316.3640000000001,-0.13170000000000026,0
2238,C[C@@H](c1nc2cc(ccc2n1[C@H]3CCS(=O)(=O)C3)N)O,C53736238,0,295.36400000000003,1.0313999999999997,0
2239,C[C@H](c1nncn1C)n2c3ccc(cc3nc2[C@@H](C)O)N,C53736700,0,286.339,1.4095999999999997,0
2240,CS(=O)(=O)c1ccc(cc1)Oc2c(nccn2)/C(=N/O)/N,C54382009,0,308.3190000000001,0.7669000000000001,0
2241,c1ccc2c(c1)NC(=O)CN2[C@H]3CS(=O)(=O)C[C@@H]3N,C54492886,0,281.337,-0.43059999999999915,0
2242,c1cc2c(cc1[C@H]([C@@H]3COCCO3)O)[nH]c(=O)c(=O)[nH]2,C55303184,0,278.26399999999995,-0.3348000000000004,0
2243,c1cc(c(cc1F)NC(=O)[C@@H]2COCCO2)S(=O)(=O)N,C55305530,0,304.29900000000004,-0.17300000000000038,0
2244,CS(=O)(=O)c1ccc(cc1)CNC(=O)c2[nH]c(=O)[nH]n2,C49176363,0,296.308,-0.5685,0
2245,c1cc2c(c(c1)Cl)OCC[C@@H]2NC(=O)c3[nH]c(=O)[nH]n3,C49352861,0,294.698,1.0049999999999997,0
2246,c1csc2n1c(c(n2)N)S(=O)(=O)N3CC[C@H](C3)O,C61713789,0,288.354,-0.2667000000000003,0
2247,CN1CCN(C(=O)C1=O)Cc2c(ccc(n2)NN)Cl,C61798141,0,283.719,-0.17880000000000018,0
2248,c1cscc1C(=O)N2CCN(CC2)C(=O)c3c(c[nH]n3)N,C62811640,0,305.36299999999994,0.6516,0
2249,c1cc2c(cc1S(=O)(=O)CCC(=O)NC(=O)N)OCCO2,C47652761,0,314.3190000000001,-0.1835,0
2250,Cc1cc2c(c(=O)n1CCO)[C@@H](C(=C(O2)N)C#N)c3cccnc3,C04304078,0,324.34000000000003,0.7621999999999998,0
2251,c1nc2c(c(n1)Br)ncn2[C@@H]3[C@H]([C@@H]([C@@H](O3)CO)O)O,C04743789,0,331.1260000000001,-0.7997000000000001,0
2252,Cc1cn(c(=O)[nH]c1=O)[C@@H]2[C@H]([C@@H]([C@@H](O2)CO)O)Br,C05758633,0,321.127,-1.1408800000000001,0
2253,COc1cc2c(cc1O)N[C@@H]([C@@H]3C[C@@H](CN3C2=O)O)OC,C05141180,0,294.307,0.3741999999999999,0
2254,c1cnccc1[C@H]2c3c(c(=O)cc(o3)CO)OC(=C2C#N)N,C00112771,0,297.27,0.7452799999999999,0
2255,C[C@H](C(=O)c1c(n(c(=O)[nH]c1=O)[C@H]2CCS(=O)(=O)C2)N)Cl,C11566808,0,335.769,-0.7115999999999996,0
2256,CSc1c2c(ncn1)ncn2[C@H]3[C@H]([C@@H]([C@@H](O3)CO)O)O,C04879883,0,298.324,-0.8403,0
2257,Cc1cc2c(c(=O)n1CCO)[C@H](C(=C(O2)N)C#N)c3cccnc3,C04304079,0,324.34000000000003,0.7621999999999998,0
2258,Cn1cnc2c(c1=S)ncn2[C@@H]3[C@@H]([C@H]([C@@H](O3)CO)O)O,C17013652,0,298.324,-0.8892100000000003,0
2259,Cc1noc(C)c1S(=O)(=O)Nc1ccc([C@@H](C)N)cc1,C20255518,0,295.36400000000003,2.1119399999999997,0
2260,c1cnc(nc1)N2CCN(CC2)c3ccc(cn3)/C(=N/O)/N,C22264419,0,299.338,0.2926999999999997,0
2261,c1c(c[nH]c1C(=O)NN2CC(=O)NC2=O)Br,C29019340,0,287.073,-0.026200000000000112,0
2262,NC(=O)CN1O[C@@H]2C(O)=NC(=O)[C@H]2[C@H]1c1ccncc1,C33687684,0,276.252,-0.6632999999999984,0
2263,c1cc(ccc1N)NS(=O)(=O)[C@H]2CCS(=O)(=O)C2,C36283849,0,290.36600000000004,0.19759999999999978,0
2264,NCC#Cc1cccc(NS(=O)(=O)N2CCOCC2)n1,C37553099,0,296.35200000000003,-0.6192999999999995,0
2265,c1cc(c(nc1)N2CCN(CC2)S(=O)(=O)c3c[nH]nc3)N,C37744403,0,308.36699999999996,-0.10219999999999951,0
2266,c1cc2c(cc1C(=O)N3CCC[C@@H](C3)C(=O)N)NC(=O)CS2,C06084588,0,319.386,1.0682999999999996,0
2267,c1ccc2c(c1)c(c[nH]2)C(=O)N3CCN(CC3)S(=O)(=O)N,C38102258,0,308.363,0.12919999999999987,0
2268,Cc1c2c(ncn1)n(cn2)[C@@H]3[C@@H]([C@@H]([C@@H](O3)[C@@H](C)O)O)O,C38665033,0,280.284,-0.8652800000000003,0
2269,Cc1c(cc(cn1)N)C(=O)N2CCC(CC2)NS(=O)(=O)C,C40321385,0,312.39500000000004,0.1260200000000012,0
2270,C1CN(CCN1C(=O)[C@@H]2CSC(=O)N2)S(=O)(=O)N,C40380812,0,294.35800000000006,-1.8408999999999978,0
2271,c1cc2c(cc1C(=O)N3CCC[C@@H](C3)S(=O)(=O)N)nc[nH]2,C40381275,0,308.36299999999994,0.4559999999999997,0
2272,c1c(cn[nH]1)S(=O)(=O)N2CCC[C@@H](C2)S(=O)(=O)N,C40384980,0,294.358,-1.148699999999998,0
2273,Cc1c(c(n[nH]1)C)S(=O)(=O)N2CCC[C@@H](C2)S(=O)(=O)N,C40385080,0,322.41200000000003,-0.5318599999999984,0
2274,Cc1cc(on1)NC(=O)c2cc(cc(c2)S(=O)(=O)C)N,C42805453,0,295.32000000000005,1.2210199999999998,0
2275,C[C@]1(CCS(=O)(=O)C1)NC(=O)C[C@@H]2C(=O)NC(=O)N2,C42852544,0,289.313,-1.7220999999999975,0
2276,c1c2c(nc(c1/C(=N\O)/N)N3CCS(=O)(=O)CC3)CCC2,C43407656,0,310.3790000000001,-0.10040000000000004,0
2277,c1cc(=O)[nH]c2c1cn(c(=O)n2)[C@H]3C[C@H]([C@H](O3)CO)O,C43771847,0,279.25199999999995,-1.2745,0
2278,NCC#Cc1cncc(S(=O)(=O)Nc2nncs2)c1,C44258467,0,295.349,0.04409999999999964,0
2279,C1CS(=O)(=O)C[C@H]1CNC(=O)C[C@@H]2C(=O)NC(=O)N2,C44724663,0,289.313,-1.8645999999999976,0
2280,Cc1c(c(n[nH]1)C)CNC(=O)C(=O)Nc2c(nn(c2C)C)C,C44891412,0,304.3540000000001,0.6317799999999993,0
2281,c1cnccc1NC(=O)NNC(=O)[C@@H]2CCS(=O)(=O)C2,C48954337,0,298.32400000000007,-0.33099999999999974,0
2282,CN(C)c1c2c(ccn1)n(cn2)[C@H]3[C@@H]([C@@H]([C@H](O3)CO)O)O,C49053847,0,294.311,-0.8912,0
2283,CCCNC(=O)NNC(=O)c1cnc2n(c1=O)CCS2,C49279548,0,297.34000000000003,-0.29699999999999993,0
2284,c1cc2c(cc1N)c(n[nH]2)C(=O)N3CCS(=O)CC3,C49692399,0,278.33700000000005,0.3495999999999999,0
2285,c1cnc(cc1S(=O)(=O)N2CCS(=O)CC2)NN,C49693035,0,290.37,-0.8797999999999986,0
2286,c1cc(c(nc1)N)S(=O)(=O)NC2CCS(=O)(=O)CC2,C50658962,0,305.3810000000001,-0.4806999999999999,0
2287,c1c(cc(c(c1F)NC(=O)[C@H]2COCCO2)F)S(=O)(=O)N,C55302513,0,322.289,-0.03389999999999993,0
2288,c1cc2c(c(c1)Cl)OCC[C@H]2NC(=O)c3[nH]c(=O)[nH]n3,C49352865,0,294.698,1.0049999999999997,0
2289,c1cocc1C(=O)N2CCC(CC2)NC(=O)Nc3c[nH]nc3,C45564494,0,303.322,1.4289999999999998,0
2290,O=C(NCc1nnn[nH]1)[C@H]1CCCN1C1CCNCC1,C44932595,0,279.34800000000007,-0.9676999999999987,0
2291,Cc1cnc(cn1)CNS(=O)(=O)c2cn(nc2N)C,C61320364,0,282.329,-0.4207799999999997,0
2292,c1cc2c(cc1S(=O)(=O)N[C@H]3CCS(=O)(=O)C3)[nH]c(=O)[nH]2,C62089097,0,331.37500000000006,-0.6783999999999997,0
2293,c1cc(cc(c1)N)CS(=O)(=O)N2CCC(=O)NCC2,C62100135,0,283.35300000000007,-0.07950000000000013,0
2294,Cc1c(c2cc(ccc2[nH]1)F)C(=O)NCC(=O)N[C@@H]3CCS(=O)(=O)C3,C62213323,0,367.40200000000016,0.6485199999999993,0
2295,c1ccc2c(c1)NC(=O)CN2C(=O)c3c[nH]c(=O)[nH]c3=O,C63229051,0,286.247,-0.33790000000000026,0
2296,Cc1csc(n1)NC(=O)[C@H]2[C@@H](c3ccc(nc3S2)c4ccncc4)N,C63818328,0,369.4750000000001,3.0213200000000002,0
2297,C1N=C2C(=NC=NC2=S)N1[C@@H]3[C@H]([C@@H]([C@@H](O3)CO)O)O,C63974528,0,284.297,-2.0927,0
2298,Cn1c(n[nH]c1=S)CNC(=O)c2c[nH]nc2c3cccnc3,C66625842,0,315.362,1.19279,0
2299,c1ccc2c(c1)N3CCCC3=C(S2(=O)=O)C(=O)NN,C67172846,0,279.32099999999997,0.2756,0
2300,c1cc(cc(c1)C=C2C(=O)NC(=O)NC2=O)C=C3C(=O)NC(=O)NC3=O,C03844920,0,354.2780000000001,-0.8146000000000002,0
2301,c1c(c(=O)[nH]c(=O)n1[C@H]2[C@H]([C@@H]([C@@H](O2)CO)O)O)[N+](=O)[O-],C04802217,0,289.20000000000005,-2.9436999999999984,0
2302,c1c(oc2c(c1=O)OC(=C([C@]23[C@H]4C=CC=C[C@@H]4NC3=O)C#N)N)CO,C04939445,0,339.30700000000013,-0.3032200000000001,0
2303,CN(C)c1c2c(ncn1)ncn2[C@@H]3[C@H]([C@@H]([C@@H](O3)CO)O)O,C04963017,0,295.299,-1.4962000000000002,0
2304,COc1c2c(ncn1)n(nn2)[C@H]3[C@H]([C@@H]([C@@H](O3)CO)O)O,C05063771,0,283.244,-2.1586,0
2305,CCOc1c2c(ncn1)n(nn2)[C@@H]3[C@H]([C@@H]([C@@H](O3)CO)O)O,C05187504,0,297.271,-1.7685000000000002,0
2306,Cn1c(=O)c2c(nc1OC)n(nn2)[C@H]3[C@H]([C@@H]([C@@H](CO3)O)O)O,C05887112,0,313.27000000000004,-2.8548999999999976,0
2307,c1ccc2c(c1)[C@@H]([C@H]3[C@@H](O2)NC(=O)NC3=O)C4C(=O)NC(=O)NC4=O,C06243658,0,344.2830000000001,-1.0734999999999995,0
2308,Cn1c2c(c(=O)[nH]c1=O)n(c(n2)N3CCCCC3)C[C@@H](CO)O,C01279220,0,323.353,-1.233199999999999,0
2309,CCn1c(cc(c(c1=O)C2(C(=O)NC(=O)NC2=O)O)O)C,C09694456,0,295.251,-1.5641799999999997,0
2310,CCn1c(=O)c2c(nc3n2CC(=NN3CC(=O)NN)C)n(c1=O)C,C10329109,0,334.3400000000001,-1.8975999999999982,0
2311,CC1=NN(c2nc3c(n2C1)c(=O)n(c(=O)n3C)CC=C)CC(=O)NN,C10335085,0,346.3510000000001,-1.731499999999997,0
2312,c1cn2cnc3c(c2n1)cnn3[C@H]4[C@H]([C@@H]([C@@H](O4)CO)O)O,C05386197,0,291.267,-1.3095000000000003,0
2313,C[C@H]1[C@H]([C@@H]([C@@H]([C@@H](O1)n2cnc3c2ncnc3N)O)O)O,C04821682,0,281.272,-1.5914999999999992,0
2314,CN\1C(=O)[C@H](S/C1=N\c2c([nH]cn2)C(=O)N)CC(=O)OC,C04817905,0,311.3230000000001,-0.3670000000000002,0
2315,Cc1csc(n1)C2=C(N(CC2=O)[C@@H]3CS(=O)(=O)C[C@@H]3O)N,C13733232,0,329.4030000000001,-0.878579999999999,0
2316,c1ccc2c(c1)[C@H]([C@H]3[C@H](O2)NC(=O)NC3=O)C4C(=O)NC(=O)NC4=O,C16524540,0,344.2830000000001,-1.0734999999999995,0
2317,C1CC(=O)N(C1)CCCNC=C2C(=O)NC(=O)NC2=O,C05826326,0,280.28400000000005,-1.1615999999999977,0
2318,Cc1c(c(=O)[nH]c(=O)[nH]1)S(=O)(=O)N[C@@H]2CS(=O)(=O)C[C@@H]2Cl,C20757625,0,357.797,-1.9456799999999979,0
2319,CN(C)c1[nH]c(=O)c2c(n1)n(cn2)[C@H]3[C@@H]([C@H]([C@H](O3)CO)O)O,C22057946,0,311.29800000000006,-2.2028999999999983,0
2320,c1cc(c(cc1S(=O)(=O)N)C(=O)OCC(=O)N2CCNC2=O)F,C22520370,0,345.30800000000005,-0.8183000000000002,0
2321,c1ccn(c(=O)c1)Cc2c3c(ncn2)n(cn3)[C@H]4[C@@H]([C@@H]([C@H](O4)CO)O)O,C29056838,0,359.3420000000001,-1.3522000000000003,0
2322,c1cn(ccc1=O)Cc2c3c(ncn2)n(cn3)[C@H]4[C@@H]([C@@H]([C@H](O4)CO)O)O,C29056975,0,359.3420000000001,-1.3522000000000003,0
2323,Cn1c(=O)ccn(c1=O)CC(=O)Nc2nc(cs2)CC(=O)N,C30677490,0,323.3340000000001,-1.3299999999999987,0
2324,CSc1[nH]c(=O)c2c(n1)n(nn2)[C@@H]3[C@H]([C@@H]([C@H](CO3)O)O)O,C16952310,0,315.31100000000004,-2.152,0
2325,CSc1[nH]c(=O)c2c(n1)n(cn2)[C@@H]3[C@H]([C@@H]([C@H](CO3)O)O)O,C16953141,0,314.32300000000004,-1.5470000000000004,0
2326,c1ncn(n1)CC(=O)NNC(=O)C[C@@H]2C(=O)NC(=O)S2,C32597853,0,298.284,-1.8327999999999989,0
2327,c1c(nc(=O)n(n1)[C@@H]2[C@H]3[C@@H]([C@@H](O2)CO)O[S@@](=O)O3)N,C33906842,0,290.25700000000006,-2.5270999999999986,0
2328,c1c(c(=O)[nH]c(=O)n1[C@@H]2C[C@@H]([C@H](O2)CO)O)C(F)(F)F,C03984032,0,296.20099999999996,-0.8039000000000001,0
2329,CSC[C@H]1[C@@H]([C@@H]([C@@H](N1)C2=CN=C3C2=NC=NC3=O)O)O,C38665335,0,294.336,-1.2403999999999995,0
2330,Cc1c(c(=O)[nH]c(=O)[nH]1)Cc2nnc(o2)SCC(=O)NC(=O)NC,C38924769,0,354.34800000000007,-1.1068799999999994,0
2331,C([C@@H]1[C@H]([C@@H]([C@@H](O1)N2[C@@H](N=C3C2=NC(=O)NC3=O)Br)O)O)O,C39571062,0,363.12399999999997,-2.4911999999999987,0
2332,C([C@@H]1[C@H]([C@H]([C@@H](O1)N2[C@@H](N=C3C2=NC(=O)NC3=O)Br)O)O)O,C39571064,0,363.12399999999997,-2.4911999999999987,0
2333,O=C1N=C(O)[C@](O)(C2=C(O)N=N[C@@H]2c2ccccc2)C(=O)N1,C38787684,0,302.24600000000004,0.9005000000000001,0
2334,Cn1cnnc1[C@@H]2CCCN(C2)S(=O)(=O)c3c[nH]nc3N,C40333905,0,311.371,-0.3112999999999994,0
2335,c1cc2c(cc1N)oc(n2)S(=O)(=O)CC(=O)NCCC#N,C42192511,0,308.3190000000001,0.21357999999999994,0
2336,Cc1cc(n(n1)CC(=O)NNC(=O)N[C@H]2CCCc3c2cnn3C)C,C47002820,0,345.4070000000001,0.64144,0
2337,C1CC(=O)N(C1)CCCNC=C2C(=O)NC(=S)NC2=O,C48392256,0,296.35200000000003,-0.9966999999999977,0
2338,C[C@@H](C(=O)NC)NS(=O)(=O)c1cc(n(c1)C)C(=O)NC,C48673830,0,302.35600000000005,-1.2024999999999981,0
2339,C1CS(=O)(=O)C[C@H]1NC(=O)NNC(=O)[C@@H]2COCCO2,C48952924,0,307.3280000000001,-2.0806999999999967,0
2340,C1CS(=O)(=O)C[C@@H]1NC(=O)NNC(=O)[C@H]2COCCO2,C48952926,0,307.3280000000001,-2.0806999999999967,0
2341,c1c(snn1)C(=O)NNC(=O)N[C@@H]2CCS(=O)(=O)C2,C48953011,0,305.34100000000007,-1.3307999999999995,0
2342,c1nnc(s1)NC(=O)N2CCN(CC2)S(=O)(=O)N,C48954702,0,292.346,-1.1088999999999984,0
2343,C1CN(CCC12C(=O)NC(=O)N2)C(=O)c3c(non3)N,C49834785,0,280.24399999999997,-1.533999999999999,0
2344,Cc1nc(cn1C)S(=O)(=O)NCCS(=O)(=O)N,C50265117,0,282.347,-1.704679999999998,0
2345,C[C@H](c1nncn1C)NS(=O)(=O)c2cnc(nc2)N,C50662028,0,283.317,-0.7731999999999994,0
2346,c1c(cc(cc1N2CCC(=O)NCC2)S(=O)(=O)N)N,C62100364,0,284.341,-0.7574999999999994,0
2347,c1cc2c(cc1F)/C(=N/N[C@H]3C(=O)NC(=O)N=N3)/C(=O)N2,C40012572,0,290.21400000000006,0.09959999999999986,0
2348,c1cc2c(cc1F)c(=O)n(cn2)CC(=O)NNC(=O)NC[C@@H]3CCCO3,C65146332,0,363.3490000000002,0.04499999999999993,0
2349,c1cc(cnc1)CNS(=O)(=O)c2ccc3c(c2)[nH]c(=O)c(=O)[nH]3,C13582067,0,332.341,0.08989999999999976,0
2350,Cc1ccc(cc1)NC(=O)N[C@H]2C[C@](C[C@H]([C@@H]2O)O)(C(=O)N[C@H]3CCCNC3=O)O,C03840200,0,420.4660000000002,-0.8733799999999998,0
2351,Cc1c2c(cc(/c(=N/c3ccc(cc3)C(=O)N)/o2)C(=O)N)c(cn1)CO,C02952859,0,352.3500000000001,1.0587199999999997,0
2352,c1cc(ccc1N[C@@H]2[C@@H]([C@@H]([C@@H]([C@@H](O2)CO)O)O)O)OC(F)(F)Cl,C04185238,0,355.721,0.06629999999999925,0
2353,CCOC(=O)[C@@H]1CC[C@@]2([C@@]1(C[C@@H]([C@@H]3[C@@H]2CC[C@@]4([C@@]3([C@@H](C[C@@H](C4)O)O)CO)O)O)C)O,C05247506,0,428.52200000000016,-0.2868999999999996,0
2354,Cc1nc2ccc(cc2c(=O)n1c3ccccc3)N[C@@H]4[C@H]([C@@H]([C@@H]([C@@H](O4)CO)O)O)O,C05541635,0,413.4300000000001,-0.09408000000000066,0
2355,c1cc(ccc1[C@@H]2CC(=O)c3ccc(cc3O2)O[C@@H]4[C@@H]([C@@H]([C@@H]([C@@H](O4)CO)O)O)O)O,C12429154,0,418.3980000000001,0.2773999999999986,0
2356,c1cc(ccc1c2coc3cc(ccc3c2=O)O[C@@H]4[C@H]([C@H]([C@@H]([C@@H](O4)CO)O)O)O)O,C12501597,0,416.38200000000006,0.34429999999999944,0
2357,c1cc(ccc1[C@H]2CC(=O)c3ccc(cc3O2)O)O[C@H]4[C@H]([C@H]([C@@H]([C@H](O4)CO)O)O)O,C12654555,0,418.3980000000001,0.2773999999999986,0
2358,C#CCSc1nc(c2c(n1)n(cn2)[C@@H]3[C@H]([C@@H]([C@@H](O3)CO)O)O)N,C05498542,0,337.3610000000001,-1.2547000000000006,0
2359,C#CCSc1nc(c2c(n1)n(cn2)[C@H]3[C@H]([C@@H]([C@@H](O3)CO)O)O)N,C05498545,0,337.3610000000001,-1.2547000000000006,0
2360,c1cc(ccc1[C@@H]2CC(=O)c3ccc(cc3O2)O)O[C@@H]4[C@@H]([C@@H]([C@@H]([C@@H](O4)CO)O)O)O,C13322012,0,418.3980000000001,0.2773999999999986,0
2361,C[C@H](C(=O)Nc1cccc(c1)S(=O)(=O)N)Sc2nnc(s2)N,C15699412,0,359.458,0.8870000000000002,0
2362,C[C@@H](C(=O)Nc1cccc(c1)S(=O)(=O)N)Sc2nnc(s2)N,C15699414,0,359.458,0.8870000000000002,0
2363,c1cc(ccc1c2cc(n[nH]2)c3nnc(n3N)SCC(=O)N)F,C09088879,0,333.3520000000001,0.7654999999999994,0
2364,c1cc(ccc1[C@@H]2[C@H]3CNCC=C3C(=C(C2(C#N)C#N)N)C#N)OCC(=O)N,C19852155,0,374.4040000000001,0.5636399999999995,0
2365,c1cc(ccc1[C@@H]2[C@H]3CNCC=C3C(C(=C2C#N)N)(C#N)C#N)OCC(=O)N,C20459412,0,374.4040000000001,0.5636399999999995,0
2366,Cc1c(c(n2c(n1)nc(n2)N)C)CC(=O)NNC(=O)Cc3c[nH]c4c3cccc4,C21969692,0,392.4230000000001,0.7372400000000005,0
2367,c1cc(ccc1c2c(oc(=O)[nH]2)c3ccc(cc3)S(=O)(=O)N)S(=O)(=O)N,C02519676,0,395.4180000000001,0.5967000000000005,0
2368,CC(C)([C@H]1[C@@H](c2cc3ccc(=O)oc3cc2O1)O[C@H]4[C@@H]([C@H]([C@@H]([C@H](O4)CO)O)O)O)O,C31163748,0,424.40200000000004,-0.8174999999999999,0
2369,CC(C)([C@H]1Cc2cc3ccc(=O)oc3c(c2O1)O)O[C@H]4[C@@H]([C@H]([C@@H]([C@H](O4)CO)O)O)O,C31502634,0,424.4020000000001,-0.6028000000000002,0
2370,COc1[nH]c(c(c(=O)n1)I)N[C@H]2[C@H]([C@@H]([C@@H]([C@@H](O2)CO)O)O)O,C08652673,0,429.1670000000001,-2.4050999999999996,0
2371,c1ccc(cc1)NC(=O)NCC(=O)NNC(=O)c2c3ccccc3c(=O)[nH]n2,C32863601,0,380.3640000000001,0.5057999999999991,0
2372,Cc1c2c(=O)n(c(=O)n(c2sc1C(=O)NN)CC(=O)N)Cc3ccc(cc3)Cl,C34779732,0,421.8660000000002,0.3236200000000003,0
2373,c1cc(ccc1c2coc3cc(ccc3c2=O)O[C@H]4[C@@H]([C@H]([C@H]([C@H](O4)CO)O)O)O)O,C36532642,0,416.38200000000006,0.34429999999999944,0
2374,c1ccc(cc1)[C@@H]2CC(=O)c3c(cc(cc3O[C@@H]4[C@H]([C@@H]([C@@H]([C@@H](O4)CO)O)O)O)O)O2,C37246185,0,418.3980000000001,0.27740000000000015,0
2375,C[C@@H]1CC[C@@]2([C@@H]([C@@]1(C)CCC3=C[C@@H](OC3=O)O)C[C@H]([C@@H]([C@@]2(CO)O)O)O)C,C37538951,0,384.46900000000005,0.4757999999999999,0
2376,C[C@@H]1CC[C@@]2([C@@H]([C@]1(C)CCC3=C[C@@H](OC3=O)O)C[C@H]([C@@H]([C@@]2(CO)O)O)O)C,C37538955,0,384.46900000000005,0.4757999999999999,0
2377,c1cc(sc1)C(=O)NNC(=S)Nc2ccc(cc2)S(=O)(=O)N,C13555178,0,356.45400000000006,1.0269,0
2378,C=CCSc1nc2c(ncnc2n1[C@H]3[C@H]([C@@H]([C@H](O3)CO)O)O)N,C05976110,0,339.3770000000001,-0.7019000000000009,0
2379,CC(C)([C@H]1[C@@H](c2cc3ccc(=O)oc3cc2O1)O)O[C@H]4[C@@H]([C@H]([C@@H]([C@H](O4)CO)O)O)O,C31157104,0,424.4020000000001,-0.8174999999999999,0
2380,c1cc(ccc1[C@@H]2CC(=O)c3ccc(cc3O2)O)O[C@H]4[C@@H]([C@H]([C@@H]([C@H](O4)CO)O)O)O,C08829785,0,418.3980000000001,0.2773999999999986,0
2381,COc1cc(ccc1O)[C@H]2c3cc(c(cc3C[C@]([C@@H]2CO)(CO)O)OC)O,C01668769,0,376.4050000000001,1.1349,0
2382,C[C@]1(CC[C@H]2[C@@]([C@H]1CO)([C@@H](CCC2(C)C)O[C@H]3[C@@H]([C@H]([C@@H]([C@H](O3)CO)O)O)O)C)O,C37538198,0,418.5270000000001,-0.23269999999999919,0
2383,c1cc(cnc1)CNc2c(c(ncn2)NNC(=O)c3ccc(cc3)F)N,C40686666,0,353.36100000000005,1.9618999999999993,0
2384,Cc1ccnc(c1)Nc2c(c(ncn2)NNC(=O)c3cccnc3)N,C40701398,0,336.35900000000004,1.6577199999999994,0
2385,Cc1ccc(nc1)Nc2c(c(ncn2)NNC(=O)c3cccnc3)N,C40794034,0,336.3590000000001,1.6577199999999994,0
2386,Cc1c(c(n[nH]1)C)NS(=O)(=O)c2cc(cnc2NN)Br,C41070097,0,361.22499999999997,1.2704399999999998,0
2387,Cc1cc(n(n1)C)NC(=O)NCC(=O)Nc2ccc3c(c2)[nH]c(=O)[nH]3,C43432778,0,343.3470000000001,0.6583199999999996,0
2388,c1cc(ccc1c2coc3cc(ccc3c2=O)O[C@@H]4[C@@H]([C@@H]([C@H]([C@@H](O4)CO)O)O)O)O,C43465478,0,416.38200000000006,0.34429999999999944,0
2389,c1cc(ccc1c2coc3cc(ccc3c2=O)O[C@@H]4[C@H]([C@@H]([C@H]([C@H](O4)CO)O)O)O)O,C43465480,0,416.38200000000006,0.34429999999999944,0
2390,c1cc(ccc1c2coc3cc(ccc3c2=O)O[C@H]4[C@H]([C@@H]([C@H]([C@@H](O4)CO)O)O)O)O,C44019637,0,416.38200000000006,0.34429999999999944,0
2391,c1cc(c(cc1[C@@H]2[C@H](Cc3c(cc(cc3O2)O[C@H]4[C@@H]([C@H]([C@@H](O4)CO)O)O)O)O)O)O,C49601416,0,422.3860000000001,-0.341700000000001,0
2392,c1c(c[nH]c1C(=O)NNC(=O)c2cc(sc2)S(=O)(=O)N)Br,C53372354,0,393.2440000000001,0.5609,0
2393,c1ccc2c(c1)c(=O)n(c(=O)[nH]2)CC(=O)NCc3cccc(c3)NC(=O)N,C58570620,0,367.36500000000007,0.49679999999999963,0
2394,c1ccc(cc1)c2cc([nH]n2)C(=O)NNC(=O)c3ccc(o3)S(=O)(=O)N,C58832684,0,375.3660000000001,0.3918999999999997,0
2395,c1cc(c(cc1S(=O)(=O)N)C(=O)NNC(=O)NCC(F)(F)F)Cl,C60411571,0,374.72800000000007,0.49370000000000025,0
2396,Cc1c(n2ccccc2n1)C(=O)NNC(=O)c3ccc(cc3)CNC(=O)N,C21199869,0,366.3810000000001,0.88582,0
2397,Cc1cc(c(cc1C(=O)NNC(=O)NC[C@@H]2CCCO2)S(=O)(=O)N)C,C63244758,0,370.43100000000015,0.07384000000000063,0
2398,NC1=NC(=S)N=C(O)[C@@H]1C(c1ccc([N+](=O)[O-])cc1)[C@H]1C(N)=NC(=S)N=C1O,C63598715,0,419.44800000000015,1.1352,0
2399,O=C(NNc1nc(O)c2c[nH]nc2n1)Nc1cccnc1N1CCCC1,C66595509,0,355.36200000000025,1.2022999999999997,0
2400,Cc1cc(=O)oc2c1ccc(c2)O[C@@H]3[C@@H]([C@@H]([C@H]([C@@H](O3)CO)O)O)O,C01070096,0,338.31200000000007,-0.7198800000000001,0
2401,CNc1c2c(cn(c2ncn1)[C@H]3[C@H]([C@@H]([C@@H](O3)CO)O)O)Br,C04991162,0,359.18,-0.15300000000000008,0
2402,c1cc-2nc3ccc(cc3oc2cc1=O)O[C@H]4[C@@H]([C@H]([C@H]([C@H](O4)CO)O)O)O,C06093728,0,375.333,-0.5284999999999997,0
2403,CNS(=O)(=O)c1ccc2c(c1)/C(=C/c3c4c(c[nH]3)C(=O)NCC4)/C(=O)N2,C03814469,0,372.4060000000001,0.7013999999999998,0
2404,c1ccc(cc1)S(=O)(=O)c2c(nc(nc2N3CCOCC3)N)N,C06677877,0,335.3890000000001,0.3103999999999998,0
2405,c1ccc2c(c1)nc(s2)C3=C(N(CC3=O)/N=C/c4ccc(c(c4)O)O)N,C09452651,0,366.40200000000004,2.2535999999999996,0
2406,c1cc(n(c1)c2ccc(cc2)S(=O)(=O)N)C=C3C(=O)NC(=S)NC3=O,C02771463,0,376.41900000000004,0.03899999999999959,0
2407,Cc1c(sc(n1)C2=C(N(CC2=O)c3ccc(cc3)S(=O)(=O)N)N)C,C13689504,0,364.4520000000001,1.1239400000000004,0
2408,c1cc(cc2c1ccc(=O)o2)O[C@H]3[C@H]([C@H]([C@@H]([C@H](O3)CO)O)O)O,C14443536,0,324.285,-1.0283,0
2409,Cc1cc(=O)oc2c1ccc(c2)O[C@H]3[C@@H]([C@@H]([C@H]([C@@H](O3)CO)O)O)O,C02539735,0,338.31200000000007,-0.7198800000000001,0
2410,C=CCSc1c2c(c(n[nH]2)[C@@H]3[C@@H]([C@H]([C@@H](O3)CO)O)O)ncn1,C17027529,0,324.362,-0.21500000000000008,0
2411,COc1c2c(ncn1)Sc3ccc(cc3[C@H](N2)NN)[N+](=O)[O-],C19171944,0,320.33400000000006,1.4319999999999995,0
2412,Cc1c(cco1)c2nnc(n2N)S[C@@H](C)C(=O)NC(=O)NC,C21247885,0,324.36600000000004,0.4965199999999995,0
2413,NCc1ccc(-c2csc(NS(=O)(=O)c3cn[nH]c3)n2)o1,C37745160,0,325.375,1.3857,0
2414,c1ccc(c(c1)/C=N/NC(=O)CN2[C@@H]3[C@H](NC(=O)N3)NC2=O)F,C04200041,0,320.284,-0.734,0
2415,c1c2c(cc(c1Cl)S(=O)(=O)NCO)S(=O)(=O)NCN2,C38601544,0,327.7710000000001,-0.7706000000000004,0
2416,CCNC1=N[C@@H]2[C@@H](S1)C3=C([C@@H](C(=C(O3)N)C#N)c4cccnc4)C(=O)N2,C38701655,0,368.422,0.6801800000000002,0
2417,CCNC1=N[C@H]2[C@@H](S1)C3=C([C@@H](C(=C(O3)N)C#N)c4cccnc4)C(=O)N2,C38701658,0,368.422,0.6801800000000002,0
2418,c1cc(cc(c1)Cl)NC(=O)/C(=N\N=C/2\[C@@H](NC=N2)C(=O)N)/C#N,C39326560,0,331.7230000000001,0.04197999999999957,0
2419,CC(C)NC(=O)NC(=O)CSc1nnc(n1N)C(F)(F)F,C05993325,0,326.304,0.3369999999999997,0
2420,c1cc(c(cc1F)N)S(=O)(=O)N2CCN(CC2)S(=O)(=O)N,C40348067,0,338.3860000000001,-1.0822999999999983,0
2421,Cc1ccc(c(c1)N)S(=O)(=O)N2CCN(CC2)S(=O)(=O)N,C40348082,0,334.423,-0.9129799999999979,0
2422,Cc1cc(n(n1)c2c(c(ncn2)NNC(=O)c3ccccn3)N)C,C40794402,0,324.34800000000007,1.0132399999999997,0
2423,Cc1c\2c(oc1C(=O)NN)CCC/C2=N\NC(=O)c3cccnc3,C40814215,0,327.344,1.0569199999999994,0
2424,c1ccc(cc1)[C@]2(C=CN(C(=O)C2(F)F)[C@H]3[C@@H]([C@@H]([C@H](O3)CO)O)O)O,C40951880,0,357.309,-0.6956000000000002,0
2425,c1c(csc1S(=O)(=O)N2CCN(CC2)S(=O)(=O)N)N,C41068524,0,326.425,-1.1598999999999977,0
2426,c1c(cnc(c1S(=O)(=O)N2CCNC(=O)C2)NN)Br,C41070006,0,350.198,-0.7497999999999996,0
2427,c1cc2c(cc1C(=O)NNC(=O)NC3CCC(CC3)O)OCCO2,C42960821,0,335.3600000000001,0.7052999999999996,0
2428,c1ccc(c(c1)C(=O)NCc2ccc(cc2)NC(=O)N)n3cnnn3,C45901858,0,337.343,1.0828999999999993,0
2429,c1csc2n1c(c(n2)NN)S(=O)(=O)N3CCCC[C@H]3CO,C48858509,0,331.4230000000002,0.21689999999999926,0
2430,C[C@@H]1C(=O)N(C(=O)N1c2ccc(cc2)F)Cc3nc(nc(n3)N)N,C50511212,0,331.3110000000001,0.5324,0
2431,CCNc1c(cc(cn1)Br)S(=O)(=O)NCCS(=O)(=O)N,C50657249,0,387.2810000000001,-0.15729999999999944,0
2432,c1c(cnc(c1S(=O)(=O)N[C@@H]2CCCNC2=O)N)Br,C50661878,0,349.21,-0.01679999999999998,0
2433,c1c(cnc(c1C(=O)N[C@@H]2CCS(=O)(=O)C2)NN)Br,C51088944,0,349.21,0.0465999999999997,0
2434,c1c(cnc(c1C(=O)N[C@H]2CCS(=O)(=O)C2)NN)Br,C51088946,0,349.21,0.0465999999999997,0
2435,c1c(cnc(c1C(=O)NC2CCS(=O)(=O)CC2)NN)Br,C51090462,0,363.2369999999999,0.4366999999999996,0
2436,c1ccc(c(c1)C(=O)NNC(=O)c2ccc(o2)S(=O)(=O)N)F,C56075401,0,327.293,0.14089999999999991,0
2437,c1cc(cc(c1)NC(=O)NC2CC2)C(=O)NNC(=O)[C@@H]3CCCO3,C56569827,0,332.3600000000001,0.9104999999999995,0
2438,CC1=NC(=O)NC(=O)[C@@H]1/C=N/N2CC(=O)C(=C2N)[C@@H]3Nc4ccccc4S3,C39953301,0,384.421,0.8980000000000008,0
2439,CC1=NC(=O)NC(=O)[C@@H]1/C=N/N2CC(=O)C(=C2N)[C@H]3Nc4ccccc4S3,C39953302,0,384.421,0.8980000000000008,0
2440,c1ccc2c(c1)c(=O)c(c[nH]2)C(=O)NCC(=O)n3c(c(cn3)C#N)N,C64447616,0,336.31100000000004,0.24867999999999968,0
2441,c1cc(ccc1NC(=O)c2cc3c([nH]c2=O)CCCC3=O)S(=O)(=O)N,C35506402,0,361.3790000000001,0.7935999999999999,0
2442,c1ccc2c(c1)c(cc(=O)[nH]2)C(=O)NNC(=O)NC[C@@H]3CCCO3,C65147932,0,330.3440000000002,0.6510999999999996,0
2443,Cc1c(c2c(=O)[nH]cnc2s1)C(=O)Nc3ccc(nc3)S(=O)(=O)N,C65331014,0,365.39600000000013,0.58772,0
2444,Cc1cc(=O)oc2c1ccc(c2)O[C@@H]3[C@@H]([C@H]([C@H]([C@@H](O3)CO)O)O)O,C65747715,0,338.31200000000007,-0.7198800000000001,0
2445,c1cc(ccc1C(=O)N[C@H]2CCCNC2=O)n3c(c(cn3)C#N)N,C66241619,0,324.344,0.3345799999999998,0
2446,Cc1nc(cs1)C(=O)NCC(=O)Nc2ccc3c(c2)[nH]c(=O)[nH]3,C66312860,0,331.357,0.9896200000000002,0
2447,Cc1cccc(c1)C(=O)NNC(=O)CCc2c([nH]c(=O)[nH]c2=O)C,C66569549,0,330.34400000000005,0.07384000000000018,0
2448,CCNC(=O)NC1(CCCC1)C(=O)NCCc2n[nH]c(=S)n2C3CC3,C67080010,0,366.49100000000004,1.5661899999999993,0
2449,c1ccc2c(c1)ccc(n2)C(=O)NNC(=O)C3CCC4(CC3)C(=O)NC(=O)N4,C67245428,0,381.3920000000001,0.7641999999999993,0
2450,c1ccc(c(c1)CSc2c3c(nc(n2)N)n(cn3)[C@H]4[C@H]([C@@H]([C@@H](O4)CO)O)O)F,C04722791,0,407.4270000000001,0.4514000000000001,0
2451,Cc1c(sc(n1)c2nc(c(s2)/C(=N\NC(=O)N)/C)C)/C(=N/NC(=O)N)/C,C05810432,0,394.48600000000016,1.6680400000000006,0
2452,C1CCc2c(c(c(s2)NC(=O)CSc3nnc(n3N)C(F)(F)F)C(=O)N)C1,C03317694,0,420.4420000000001,1.7806999999999995,0
2453,c1ccc2c(c1)N(C[C@H](O2)C(=O)N)CC(=O)Nc3c(c4c(s3)CCC4)C(=O)N,C12609753,0,400.4600000000002,1.0271,0
2454,Cc1cc(c(c(=O)n1CCO)C(c2ccccc2O)c3c(cc(n(c3=O)CCO)C)O)O,C16267004,0,442.46800000000025,0.9084399999999995,0
2455,Cc1ccc(cc1)S(=O)(=O)Nc2cc(c(cc2S(=O)(=O)N)S(=O)(=O)N)Cl,C16310449,0,439.9240000000001,0.7440200000000001,0
2456,c1cc(ccc1C(F)(F)F)NC(=O)CSCc2nc(nc(n2)N)N,C19221104,0,358.3490000000001,1.9266999999999994,0
2457,c1ccc(c(c1)C(F)(F)F)NC(=O)CSCc2nc(nc(n2)N)N,C19221254,0,358.3490000000001,1.926699999999999,0
2458,C[C@@H](c1ccc(cc1)Br)NC(=O)CSCc2nc(nc(n2)N)N,C19222056,0,397.30200000000013,1.9090999999999991,0
2459,c1ccc(cc1)NC(=O)CSC2=NC(=C(C3([C@H]2C(=O)N)CCCCC3)C#N)N,C19867465,0,397.50400000000025,2.51628,0
2460,c1ccc(c(c1)C#N)NC(=O)CSc2nnc(n2N)N/N=C/c3cccc(c3)O,C20915766,0,408.44700000000006,1.7459799999999999,0
2461,Cc1ccc(cc1)S(=O)(=O)Nc2ccc(cc2)S(=O)(=O)N=C(N)N,C23115184,0,368.4400000000001,0.7579200000000001,0
2462,c1ccc(cc1)NC(=O)[C@H]2[C@@H](C(=C(NC2=S)N)C(=O)Nc3ccccc3)c4ccco4,C27822432,0,432.5050000000001,3.3577000000000012,0
2463,c1ccc(cc1)NC(=O)[C@H]2[C@H](C(=C(NC2=S)N)C(=O)Nc3ccccc3)c4ccco4,C27822441,0,432.5050000000001,3.3577000000000012,0
2464,c1cc(ccc1CC(=O)NNC(=O)Nc2ccc(cc2)S(=O)(=O)N)F,C29314850,0,366.3740000000001,0.8685000000000003,0
2465,C#CCNC(=O)C[C@H]1[C@@H]([C@@H]([C@H](O1)CNC(=O)Nc2ccccc2)O)O,C12603447,0,347.37100000000004,-0.5631999999999994,0
2466,Cc1ccccc1[C@H](CC(=O)NCCNC(=O)c2ccc(cc2)Cl)NC(=O)N,C32796286,0,402.8820000000001,2.29412,0
2467,C1CCC(CC1)N2CCc3c(c(nc4c3c([nH]n4)N)NCCOCCO)C2,C20546657,0,374.48900000000026,1.6517,0
2468,CC(C)(C)C(=O)NCC(=O)Nc1nc(cs1)c2cc([nH]c2)C(=O)N,C39555231,0,349.4160000000001,1.3378999999999996,0
2469,c1ccc2c(c1)c(n[nH]c2=O)CC(=O)Nc3cccc(c3)NS(=O)(=O)N,C39558237,0,373.39400000000006,0.7196999999999998,0
2470,c1ccc2c(c1)NC(=O)[C@H](S2)CC(=O)NCC(=O)Nc3ccc4c(c3)[nH]c(=O)[nH]4,C39558974,0,411.4430000000001,1.4139999999999995,0
2471,c1cc(cc(c1)S(=O)(=O)/N=C/2\CCCCCN2)NC(=O)CSc3nc([nH]n3)N,C09612883,0,423.52400000000006,1.3684999999999998,0
2472,c1cc(cc(c1)N2CCNC2=O)NC(=O)NCCc3ccc(cc3)S(=O)(=O)N,C40120460,0,403.4640000000001,1.2277999999999998,0
2473,C[C@@H](C(=O)Nc1c(c2c(s1)CCCC2)C(=O)N)n3c(nnc3SC)N,C40172182,0,380.499,1.8211,0
2474,C[C@H](C(=O)Nc1c(c2c(s1)CCCC2)C(=O)N)n3c(nnc3SC)N,C40172183,0,380.499,1.8211,0
2475,CCSc1nnc(n1[C@@H](C)C(=O)Nc2c(c3c(s2)CCCC3)C(=O)N)N,C40172443,0,394.5260000000003,2.2112,0
2476,c1cc(ccc1C(=O)NNc2c(c(ncn2)NN)[N+](=O)[O-])Br,C40656699,0,368.151,1.1897999999999997,0
2477,c1cc2c(cc1Nc3c(c(ncn3)NNC(=O)c4ccncc4)N)OCO2,C40684997,0,365.3530000000001,1.6829999999999994,0
2478,c1cc2cccnc2c(c1)Nc3c(c(ncn3)NNC(=O)c4cccnc4)N,C40758394,0,372.3920000000001,2.502499999999999,0
2479,C[C@@H](c1ccccc1)Nc2c(c(ncn2)NNC(=O)c3cccnc3)N,C40760424,0,349.3980000000001,2.3838,0
2480,C[C@H](c1ccccc1)Nc2c(c(ncn2)NNC(=O)c3cccnc3)N,C40760426,0,349.3980000000001,2.3838,0
2481,C[C@@H](c1ccccc1)Nc2c(c(ncn2)NNC(=O)c3ccccn3)N,C40760428,0,349.3980000000001,2.3838,0
2482,Cc1ccc(cc1)S(=O)(=O)NNc2c(c(ncn2)NCc3ccco3)N,C40761363,0,374.4260000000001,1.8777199999999996,0
2483,c1cc(cnc1)C(=O)NNc2c(c(ncn2)Nc3ccc(cn3)Cl)N,C40779461,0,356.77700000000004,2.0026999999999995,0
2484,c1cc(ncc1Br)Nc2c(c(ncn2)NNC(=O)c3ccncc3)N,C40779838,0,401.22800000000007,2.1117999999999992,0
2485,c1cc(ccc1CNc2c(c(ncn2)NNC(=O)c3ccncc3)N)Cl,C40784034,0,369.81600000000003,2.4761999999999995,0
2486,c1cc(cnc1)C(=O)NNc2c(c(ncn2)Nc3cccnc3Cl)N,C40794136,0,356.77700000000004,2.0026999999999995,0
2487,Cc1c(c([nH]c(=O)c1C#N)C)CCC(=O)NCc2ccc(cc2)NC(=O)N,C45777393,0,367.40900000000005,1.6030199999999997,0
2488,Cc1cccc(c1)N(CC(=O)NC[C@@H]2CCCO2)C(=O)c3c(c(ns3)C(=O)N)N,C04188410,0,417.49100000000016,1.0746200000000004,0
2489,c1cc(ccc1CCNC(=O)NC[C@@H](c2ccc(c(c2)F)F)O)S(=O)(=O)N,C49244056,0,399.41900000000004,1.1875,0
2490,C=CCNC(=S)NNC(=O)c1cc(c(s1)Br)S(=O)(=O)N,C49458121,0,399.31700000000006,0.4529000000000001,0
2491,c1ccc(cc1)C\2=NN(C(=O)/C2=N\Nc3ccc(cc3)S(=O)(=O)N)C(=S)N,C13573774,0,402.4610000000001,0.5920000000000001,0
2492,C[C@H](c1cccc(c1)S(=O)(=O)N)NC(=O)Nc2ccc(c(c2)C(=O)NC)F,C50087398,0,394.42800000000005,1.7154,0
2493,c1ccc(c(c1)[C@@H](CNC(=O)Nc2cccc(c2)S(=O)(=O)N)O)F,C31053320,0,353.37500000000006,1.3281999999999998,0
2494,Cc1c(c(n(n1)C(=S)N)O)[C@H](c2ccc(cc2)Cl)[C@H](C#N)C(=O)N,C59461803,0,363.8300000000001,1.3992,0
2495,c1cc(ccc1CNC(=O)Nc2cc(c[nH]c2=O)C(F)(F)F)S(=O)(=O)N,C63162023,0,390.3430000000001,1.3628,0
2496,CCCCNC(=O)NNC(=O)c1cc(ccc1Br)S(=O)(=O)N,C64885006,0,393.26300000000003,0.8405999999999996,0
2497,CC(C)CNC(=O)NNC(=O)c1cc(ccc1Cl)S(=O)(=O)N,C65623052,0,348.81200000000007,0.5873999999999999,0
2498,c1ccc2c(c1)c(=O)n(c(=S)[nH]2)CCC(=O)Nc3ccc(cc3)NC(=O)N,C25884007,0,383.4330000000001,2.5784899999999995,0
2499,C[C@@H](c1cccc(c1)S(=O)(=O)N)NC(=O)NNC(=O)Cc2ccccc2F,C66908002,0,394.4280000000001,1.1072000000000009,0
2500,Cc1cccc(c1)N(CC(=O)NC(C)(C)C)C(=O)c2c(c(ns2)C(=O)N)N,C04188502,0,389.48100000000017,1.6941199999999998,0
2501,C[C@@]12CC[C@H]([C@@]([C@H]1Cc3c(nc(s3)N)[C@H]2CC(=O)NCCOC)(C)CO)O,C03842076,0,397.54100000000017,1.2935,0
2502,c1ccc(cc1)N/N=C(\c2c(=O)[nH]c3ccccc3n2)/[C@@H]([C@@H](CO)O)O,C05286368,0,354.36600000000004,0.4533999999999994,0
2503,c1ccc(cc1)C(=O)N[C@@H](C(Cl)(Cl)Cl)NC(=S)Nc2ccc(cc2)S(=O)(=O)N,C01787034,0,481.81400000000014,2.7466999999999997,0
2504,c1ccc2c(c1)C(c3ccccc3O2)C(=O)NNC(=S)Nc4ccc(cc4)S(=O)(=O)N,C02856785,0,454.53300000000013,2.5894000000000004,0
2505,C[C@@H](C(=O)NNC(=S)Nc1ccc(cc1)S(=O)(=O)N)Oc2ccc3c(c2)CCC3,C02858500,0,434.54300000000035,1.6077999999999997,0
2506,C[C@H](C(=O)Nc1c(ccs1)C(=O)N)OC(=O)c2ccc(cc2N)Cl,C07302545,0,367.81399999999996,2.2666000000000004,0
2507,CC(C)[C@@H](c1[nH]c2ccccc2n1)NC(=O)C[C@H](c3ccc(cc3)Cl)NC(=O)N,C09125372,0,413.90900000000005,3.829300000000001,0
2508,Cc1cc(c(cc1C)/N=N/c2ccccc2)NC[C@@H]([C@H]([C@H](CO)O)O)O,C13118294,0,359.4260000000001,2.2057400000000023,0
2509,Cc1cc(c(cc1C)/N=N/c2ccccc2)NC[C@H]([C@@H]([C@H](CO)O)O)O,C13401953,0,359.4260000000001,2.2057400000000023,0
2510,CC[C@@H](C)[C@H](C(=O)NNC(=O)COc1ccc(c(c1)C)Cl)NC(=O)N,C25404000,0,370.83700000000005,1.2576199999999997,0
2511,Cc1cccc(c1)NC(=O)NCC(=O)NNC(=S)Nc2cccc(c2)Cl,C31492784,0,391.884,2.78772,0
2512,Cc1ccc(cc1)S(=O)(=O)N(CCCc2c([nH]c(nc2=O)N)C)Cc3ccc(cc3)N,C17039327,0,441.5570000000002,2.37484,0
2513,Cc1c(c(n[nH]1)C)[C@@H](C)C(=O)Nc2c(nc(s2)Nc3ccccc3)C(=O)N,C33063561,0,384.4650000000001,3.0677400000000006,0
2514,CC(=CC[C@H](/C(=C/CC[C@@](C)(C=C)O[C@@H]1[C@@H]([C@@H]([C@@H]([C@@H](O1)CO)O)O)O)/C)O)C,C35271459,0,400.5120000000001,1.1912999999999994,0
2515,Cc1ccc(cc1)NC(=O)CS[C@H]2NN[C@H](N2N)[C@@H]3C=C(N=N3)c4ccc(cc4)F,C38995117,0,427.5090000000001,2.5745200000000006,0
2516,CCc1cccc(c1NC(=O)CS[C@H]2NN[C@@H](N2N)[C@@H]3C=C(N=N3)c4ccc(cc4)F)C,C38999115,0,455.56300000000016,3.1369200000000017,0
2517,CCc1cccc(c1NC(=O)CS[C@H]2NN[C@@H](N2N)[C@@H]3C=C(N=N3)c4ccccc4)C,C39016535,0,437.57300000000015,2.997820000000001,0
2518,CC1=C([C@@H](c2c(c(sc2N1)C(=O)N)N)c3ccc(c(c3)OC)OC)C(=O)OC,C39327068,0,403.4600000000002,2.4508,0
2519,c1csc(c1C(=O)N)NC(=O)COC(=O)c2c(c(c(c(n2)Cl)Cl)N)Cl,C39561042,0,423.66499999999996,2.5798999999999994,0
2520,CN1[C@@H](SCC(=O)N[C@@H](Cc2c[nH]c3ccccc23)C(=O)O)NN[C@H]1c1ccc(Cl)cc1,C39680206,0,473.9860000000001,2.6884000000000006,0
2521,CC[C@@H](C(=O)Nc1c(c(cs1)c2ccc(cc2)C)C(=O)N)n3c(nnc3SC)N,C40172212,0,430.5590000000002,3.3078200000000004,0
2522,CC[C@H](C(=O)Nc1c(c(cs1)c2ccc(cc2)C)C(=O)N)n3c(nnc3SC)N,C40172213,0,430.5590000000002,3.3078200000000004,0
2523,c1ccc(cc1)OCC(=O)NNc2c(c(ncn2)Nc3ccccc3F)N,C40759248,0,368.37200000000007,2.463599999999999,0
2524,c1ccnc(c1)C(=O)NNc2c(c(ncn2)Nc3cccc(c3)C(F)(F)F)N,C40781947,0,389.34100000000007,2.9731000000000005,0
2525,C[C@H](COC)Nc1c(c(ncn1)NNC(=O)c2ccccc2Br)N,C40785028,0,395.2610000000001,2.0249999999999995,0
2526,c1ccc2c(c1)c(c[nH]2)C[C@@H](C(=O)NCc3ccc(cc3)C(=O)N)NC(=O)c4cccs4,C46561866,0,446.5320000000001,2.9858000000000002,0
2527,c1cc(sc1)CCNC(=O)NC(=O)CNc2ccc(c(c2)C(=O)N)F,C47272777,0,364.4020000000001,1.4665000000000001,0
2528,c1ccc(c(c1)CC(=O)N)NC(=O)NCCCC(=O)Nc2ccc(cc2)Cl,C48078163,0,388.855,2.908200000000001,0
2529,c1ccc2c(c1)c(c[nH]2)CCNC(=O)C(=O)Nc3ccc(cc3)OCC(=O)N,C48647246,0,380.4040000000001,1.3293999999999997,0
2530,[H]/N=C/1\C=CC2=N[C@H](NC2=C1)CCCCCCc3[nH]c4cc(ccc4n3)N,C39709531,0,348.454,3.4818700000000007,0
2531,CCCCCNC(=S)NNC(=O)c1ccc(cc1)N2CCC[C@H](C2)C(=O)N,C53118347,0,391.5410000000003,1.6873999999999998,0
2532,c1ccc(c(c1)C(=O)N)OCC(=O)NCc2ccc(cc2)OCC(=O)N,C53168457,0,357.36600000000016,0.34480000000000055,0
2533,Cc1ccc(c(c1C)O)c2cc([nH]n2)C(=O)NCCc3ccc(cc3)S(=O)(=O)N,C05690968,0,414.4870000000002,2.01904,0
2534,Cn1cc(c2c1cccc2)C(=O)NNC(=O)C[C@H](c3cccs3)NC(=O)N,C10125583,0,385.44900000000007,1.8004999999999998,0
2535,C[C@H](c1ccc(cc1)NC(=O)NC2CC2)N[C@H](C)C(=O)NC(=O)NC(C)C,C56159689,0,375.47300000000007,2.2437999999999994,0
2536,c1cc(cc(c1)NC(=O)N)C(=O)NCCS(=O)(=O)NCc2ccc(cc2)F,C58312931,0,394.42800000000005,1.1657000000000004,0
2537,c1ccc2c(c1)c(c[nH]2)C[C@@H](C(=O)NC[C@H](c3ccccc3Cl)N4CCOCC4)NC(=O)N,C32376062,0,469.9730000000003,2.5904,0
2538,c1ccc(cc1)CSc2nnc(n2N)N/N=C/c3ccc(cc3O)O,C20292297,0,356.4110000000001,2.1414,0
2539,CC[C@H](C)[C@@H](C(=O)NNC(=O)COc1cc(ccc1C)C)NC(=O)N,C49984248,0,350.4190000000001,0.9126400000000001,0
2540,Cc1ccc(cc1)N[C@H]2N[C@@H]([C@@H](S2)NC(=O)CCC3=C(N=N[C@@H]3C)C)C(=O)N,C63349322,0,402.5240000000002,2.23162,0
2541,[H]/N=C(\Nc1ccccc1)/N/C(=N/c2c(n(n(c2=O)c3ccccc3)C)C)/N,C18207025,0,363.42500000000007,2.06709,0
2542,CCCC(=O)Nc1nc2ccc(cc2s1)NC(=O)CCCCNC(=O)N,C64309280,0,377.47000000000025,2.8119999999999994,0
2543,Cc1cc(cc(c1C)S(=O)(=O)N)C(=O)NNC(=O)NCCc2cccs2,C65623735,0,396.49400000000014,1.1990400000000005,0
2544,C[C@H](C(=O)Nc1ccc(c(c1)C(=O)NCc2ccccc2F)Cl)NC(=O)N,C65781491,0,392.81800000000004,2.4044,0
2545,COc1cc(ccc1OC[C@H](CSc2nc(cc(n2)N)N)O)CC=C,C66238913,0,362.45500000000015,1.9100999999999997,0
2546,c1cc(cc(c1)NC(=O)CO)N[C@@H](c2ccc(cc2)Br)C(=O)N,C66582509,0,378.22600000000006,2.0183999999999997,0
2547,CC(C)CCNC(=S)NNC(=O)c1ccc(cc1)N2CCC[C@@H](C2)C(=O)N,C67463650,0,391.5410000000003,1.5433000000000001,0
2548,Cc1ccc(cc1C(=O)N)NC(=O)C(=O)NC[C@H](c2ccc(cc2F)F)O,C67498034,0,377.34700000000004,1.16042,0
2549,c1ccc2cc(ccc2c1)[C@H](CNC(=O)NCc3cccc(c3)S(=O)(=O)N)O,C67625824,0,399.4720000000001,2.0199999999999996,0
2550,Cn1c2c(c(=O)[nH]c1=O)n(c(n2)N/N=C/c3ccc(cc3)Cl)C[C@@H](CO)O,C04135559,0,392.8030000000001,-0.12409999999999999,0
2551,CCC1(C(=O)NC(=O)NC1=O)CCCC2(C(=O)NC(=O)NC2=O)CC,C01596695,0,352.3470000000001,-0.3185,0
2552,CC1=C(C(=O)c2c(c3n(c2C1=O)CC[C@H]3OC(=O)N)COC(=O)N)OC,C05707208,0,363.32600000000014,0.9229000000000003,0
2553,CC1=C(C(=O)c2c(c3n(c2C1=O)CC[C@@H]3OC(=O)N)COC(=O)N)OC,C01578026,0,363.32600000000014,0.9229000000000003,0
2554,COc1ccc(cc1OC)/C=N/N=C/2\NC(=O)[C@H](S2)CC(=O)NC(=O)N,C09489435,0,379.39800000000014,0.21030000000000032,0
2555,c1cc(ccc1CSc2c(=O)[nH]c(=O)[nH]n2)CSc3c(=O)[nH]c(=O)[nH]n3,C01748574,0,392.4220000000001,-0.18560000000000032,0
2556,COCCn1c(nnc1SCc2nc(nc(n2)N)N)c3ccncc3,C14115295,0,359.4190000000001,0.6281999999999996,0
2557,c1ccc(c(c1)CSc2c(=O)[nH]c(=O)[nH]n2)CSc3c(=O)[nH]c(=O)[nH]n3,C01748569,0,392.4220000000001,-0.18560000000000032,0
2558,Cc1c(cco1)c2nnc(n2N)SCC(=O)NC(=O)NCc3ccco3,C21247563,0,376.39800000000014,1.2714199999999993,0
2559,C=CCn1c(nnc1SCc2nc(nc(n2)N)N)[C@H]3CCS(=O)(=O)C3,C24509192,0,382.4750000000002,0.007900000000000684,0
2560,Cc1c(snn1)C(=O)NCCNS(=O)(=O)c2ccc3c(c2)[nH]c(=O)[nH]3,C28249655,0,382.4270000000001,-0.2755800000000005,0
2561,Cc1c(sc(n1)NC(=O)CCCNC(=O)c2ccco2)SCC(=O)N,C31120137,0,382.4670000000001,1.7706199999999996,0
2562,Cc1c(c(n[nH]1)C)S(=O)(=O)NCCCc2ccc(cc2)S(=O)(=O)N,C36134825,0,372.4720000000001,0.5850399999999997,0
2563,Cc1c(cco1)c2nnc(n2N)SCC(=O)NC(=O)NCCOC,C36802302,0,354.39200000000017,0.1246200000000004,0
2564,c1cc(ccc1/C=N/NC(=O)CCNc2c(=O)[nH]c(=O)[nH]n2)Cl,C19790282,0,336.73900000000003,0.06390000000000001,0
2565,COc1cc(cc(c1OC)OC)C(=O)O[C@@H]2[C@H]([C@@H]([C@@H]([C@@H](O2)CO)O)O)O,C15251357,0,374.34200000000004,-1.3308999999999995,0
2566,COc1ccc(cc1O)/C=N/NC(=O)CCc2c(=O)[nH]c(=O)[nH]n2,C19790076,0,333.304,-0.7446999999999993,0
2567,Cc1ccc(cc1)S(=O)(=O)NNc2c(c(ncn2)N(CC#N)CC#N)N,C40736763,0,372.41400000000016,0.5261799999999998,0
2568,Cc1cc(nn1C)C(=O)NCCCNc2c3c(ncn2)NCC(=O)N3,C41121549,0,344.379,0.11452000000000007,0
2569,C=CCNC(=S)NNC(=O)CNC(=O)c1cccc(c1)[N+](=O)[O-],C41960662,0,337.36100000000005,0.005900000000000072,0
2570,Cc1nnnn1c2cccc(c2)NC(=O)C(=O)NC[C@@H](c3ccc(cc3)O)O,C44919314,0,382.3800000000001,0.46461999999999964,0
2571,C[C@H](C(=O)NC(=O)NC(C)C)OC(=O)c1ccc(o1)S(=O)(=O)N,C46658274,0,347.34900000000005,-0.29349999999999915,0
2572,C[C@@H](C(=O)NC(=O)NC(C)C)OC(=O)c1ccc(o1)S(=O)(=O)N,C46658276,0,347.34900000000005,-0.29349999999999915,0
2573,c1cnccc1CCNc2c3c(ncn2)n(cn3)[C@@H]4[C@@H]([C@@H]([C@H](O4)CO)O)O,C49017454,0,372.3850000000001,-0.5126000000000002,0
2574,c1ccnc(c1)CCNc2c3c(ncn2)n(cn3)[C@@H]4[C@@H]([C@@H]([C@H](O4)CO)O)O,C49017850,0,372.3850000000001,-0.5126000000000002,0
2575,c1cc(cnc1)CCNc2c3c(ncn2)n(cn3)[C@H]4[C@@H]([C@@H]([C@H](O4)CO)O)O,C49020313,0,372.3850000000001,-0.5126000000000002,0
2576,Cc1cc(c(n1c2ccccc2)C)C(=O)NNC(=O)NCCC(=O)NCC#C,C50136674,0,381.4360000000002,1.1776399999999998,0
2577,Cn1c2c(c(=O)[nH]c1=O)[nH]c(n2)CCC(=O)NCC(=O)Nc3cccc(c3)F,C51439150,0,388.35900000000004,-0.22350000000000092,0
2578,c1ccn2c(c1)nc(c2[N+](=O)[O-])NCc3ccc(cc3)C(=O)NCC(=O)N,C52357747,0,368.3530000000001,1.0696999999999994,0
2579,Cc1cc(n(n1)c2nnc(n2N)SCC(=O)NNC(=O)c3cccs3)C,C52475544,0,392.47000000000014,0.40923999999999966,0
2580,CC[C@H](C)[C@H](C(=O)NCc1ccc(nc1)OCCOC)NC(=O)N,C53516845,0,338.4080000000001,0.8060000000000012,0
2581,CC(C)NS(=O)(=O)c1ccc(nc1)NNC(=O)NCc2cnn(c2)C,C54812054,0,367.4350000000001,0.32810000000000006,0
2582,Cc1c(c(=O)[nH]c(=O)[nH]1)CCC(=O)NC[C@H](COc2cccc(c2)F)O,C56671989,0,365.361,-0.0005799999999993033,0
2583,c1cc(cc(c1)NC(=O)Cn2cccn2)CNC(=O)NNc3ncccn3,C57263357,0,366.38500000000005,1.1380999999999992,0
2584,Cc1c(c([nH]c1C(=O)O[C@@H](C)C(=O)NC(=O)N)C)C(=O)OC(C)C,C22306725,0,339.34800000000007,0.9369400000000001,0
2585,Cc1cc(no1)NC(=O)CCN2C(=O)[C@](NC2=O)(C)c3cccc(c3)C(=O)N,C58299093,0,385.3800000000001,0.8777200000000005,0
2586,Cc1c(c(n2c(n1)c(cn2)C(=O)N)C)CCC(=O)NNC(=O)c3ccoc3,C61633566,0,370.369,0.4318400000000001,0
2587,CC(C)Oc1ccc(cc1)/C=N/NC(=O)CNc2c(=O)[nH]c(=O)[nH]n2,C41223807,0,346.34700000000004,-0.19239999999999913,0
2588,C#CCNC(=O)CCNC(=O)NCCNc1ccc(cc1)[N+](=O)[O-],C64643360,0,333.34800000000007,0.4454000000000001,0
2589,C1CCC2(CC1)C(=O)N(C(=O)N2)CCC(=O)NNC(=O)NC[C@@H]3CCCO3,C65146841,0,381.4330000000002,0.1406000000000016,0
2590,COCCCNC(=O)NNC(=O)c1cccc(c1)S(=O)(=O)NCC2CC2,C65205603,0,384.4580000000002,0.35540000000000194,0
2591,c1c(cn[nH]1)NC(=O)CNC(=O)CCCN2C(=O)C3(CCCC3)NC2=O,C65310480,0,362.39000000000016,0.10920000000000002,0
2592,c1cc(oc1)C(=O)Nc2nc(cs2)CC(=O)NCC(=O)Nc3c[nH]nc3,C51414701,0,374.38200000000006,1.0088999999999992,0
2593,CCn1c(c(c(n1)C)NC(=O)CNCc2ccc(cc2)S(=O)(=O)N)C,C65453121,0,365.45900000000006,0.8955399999999994,0
2594,C[C@]1(C(=O)N(C(=O)N1)CC(=O)Nc2ccn(n2)CC(=O)N)c3ccccc3,C65862023,0,370.36900000000014,-0.22589999999999888,0
2595,CC(C)(C)OC(=O)Nc1ccc(cn1)NC(=O)CC[C@@H]2C(=O)NC(=O)N2,C66759595,0,363.3740000000001,1.3552999999999997,0
2596,CCCCNC(=O)NNC(=O)Cc1c(nc2cc(=O)[nH]n2c1C)C,C67043877,0,334.38000000000005,0.31244000000000055,0
2597,Cn1c(n[nH]c1=S)CCNC(=O)CCCc2ccc3c(c2)[nH]c(=O)[nH]3,C67051819,0,360.443,1.3288899999999995,0
2598,Cc1cc(c(cc1C(=O)NCCc2n[nH]c(=S)n2C3CC3)S(=O)(=O)N)C,C67078412,0,395.51000000000016,1.5123299999999997,0
2599,Cc1cccc(c1)C(=O)NNC(=O)NCCNC(=O)c2cccnc2,C67103087,0,341.37100000000004,0.76402,0
2600,C=CCNC(=S)NNC(=S)Nc1ccc(cc1)c2nnc(o2)S,C01958220,0,366.49700000000007,1.876799999999999,0
2601,c1ccc(cc1)NNC(=O)CCCSCCCC(=O)NNc2ccccc2,C04768984,0,386.52099999999996,3.566600000000001,0
2602,CCCNC(=S)NNC(=O)[C@@H](CC(C)C)NC(=O)c1ccccc1C,C15559751,0,364.5150000000001,2.0448199999999996,0
2603,CCCCCNC(=S)NNC(=O)CSCC(=O)Nc1cccc(c1)C,C08088936,0,382.5550000000001,2.35222,0
2604,CCCCCNC(=S)NNC(=O)c1ccc(cc1)S(=O)(=O)NC(C)C,C15691328,0,386.5430000000001,1.6723999999999999,0
2605,Cc1ccc(cc1C)NC(=O)CCC(=O)NNC(=S)NCCCOC,C05061151,0,366.48700000000014,1.5539399999999997,0
2606,Cc1cccc(c1)C(=O)NCC(=O)NNC(=S)NCCc2cccs2,C21126176,0,376.5070000000001,1.5243200000000006,0
2607,Cc1cccc(c1C)NC(=S)NNC(=O)CCNC(=O)OC(C)(C)C,C21297990,0,366.48700000000014,2.5358400000000003,0
2608,CCCNC(=S)NNC(=O)[C@@H](C(C)C)NC(=O)c1ccc(cc1)F,C26677491,0,354.4510000000001,1.4854000000000003,0
2609,CCCCNC(=O)NC(=O)[C@H](C)Nc1ccc(cc1)CC(=O)NC(C)C,C27008160,0,362.4740000000001,2.1799999999999997,0
2610,CCC[C@@H]1C[C@@](OC1=O)(C)c2csc(n2)NCCCNC(=S)N,C27833354,0,356.5170000000001,2.3567,0
2611,C[C@H]1C[C@@H]1C(=O)Nc2cccc(c2)C(=O)NNC(=S)NCCCOC,C31492209,0,364.4710000000002,1.4264999999999997,0
2612,CCCCCNC(=S)NNC(=O)CCCNC(=O)c1ccccc1,C32522745,0,350.48800000000006,1.8820999999999994,0
2613,COc1cc(ccc1O)CC[C@@H](C[C@H](CCc2ccc(c(c2)OC)O)O)O,C13377892,0,376.449,2.7923000000000022,0
2614,C=C(Nc1ccc(cc1)C=O)NNC(=C)Nc2ccc(cc2)C=O,C38654165,0,322.36800000000005,2.8722000000000003,0
2615,CN(C)c1ccccc1NC(=S)NNC(=S)Nc2ccccc2N(C)C,C38656208,0,388.5660000000001,3.0066000000000015,0
2616,COCCCNc1c(c(ncn1)NC(c2ccccc2)c3ccccc3)N,C40757197,0,363.4650000000001,3.708700000000002,0
2617,Cc1ccc(cc1)NC(=O)CSCC(=O)NNC(=S)NCC=C,C41961178,0,352.48500000000007,1.3480199999999998,0
2618,CCCOc1ccc(cc1OC)[C@H](C)NC(=O)[C@H](CCSC)NC(=O)N,C44739370,0,383.5140000000001,2.4511999999999996,0
2619,C=CCNC(=S)NNC(=O)c1cccc(c1)S(=O)(=O)NC2CCCC2,C45154387,0,382.5110000000002,1.2023999999999995,0
2620,Cc1ccc(cc1)CSCCNC(=O)Nc2ccc(cc2)OCC(=O)N,C45699999,0,373.4780000000002,2.91402,0
2621,CCCCn1c(c(c(=O)[nH]c1=O)N(C[C@H](c2ccccc2)O)CC(C)C)N,C45771691,0,374.4850000000001,2.1149,0
2622,C[C@H](c1ccc(cc1)OC(F)(F)F)NC(=O)[C@@H](CCSC)NC(=O)N,C46241611,0,379.4040000000001,2.5523999999999996,0
2623,CCCNC(=S)NNC(=O)/C=C/c1ccc(cc1)S(=O)(=O)NC2CC2,C46565579,0,382.51100000000014,1.0457999999999998,0
2624,CCOCCCNC(=S)NNC(=O)CNC(=O)c1cc(cc(c1)C)C,C46585346,0,366.4870000000002,0.9551400000000005,0
2625,CCOCCCNC(=S)NNC(=O)C[C@H](C)NC(=O)c1ccccc1,C46585610,0,366.4870000000001,1.1169000000000007,0
2626,CC[C@H](C)[C@H](C(=O)NCc1ccc(c(c1)OC)OCCC(C)C)NC(=O)N,C46724303,0,379.50100000000015,2.8193,0
2627,CCc1ccccc1Nc2nc(nc(n2)N)CSCC(=O)NCC(C)C,C46806918,0,374.5140000000001,2.765200000000001,0
2628,CC(C)[C@H](CNC(=O)NCCC(=O)NCCOC)Nc1ccccc1,C54737377,0,350.46299999999997,1.5750000000000013,0
2629,CN(CCCNC(=O)Nc1ccc(cc1)OCC(=O)N)c2ccccc2F,C56604371,0,374.4160000000001,2.3377999999999997,0
2630,CC[C@H](C)[C@H](C(=O)NCc1ccc(c(c1)OCC)OC(F)F)NC(=O)N,C56976786,0,373.40000000000003,2.3859,0
2631,CCc1ccc(cc1)NC(=S)NNC(=S)NCc2ccco2,C07585490,0,334.47000000000014,2.707700000000001,0
2632,CCCCCNC(=S)NNC(=O)CCNC(=O)c1ccc(cc1F)F,C25188095,0,372.4410000000001,1.7701999999999998,0
2633,CCN(c1ccc(NC(=O)C(=O)NC[C@H](c2ccco2)N(C)C)cc1)C(C)C,C61810256,0,386.4960000000001,2.871900000000001,0
2634,Cc1c(cn[nH]1)CCCNC(=O)NCCCNC(=O)c2ccccc2F,C63315828,0,361.42100000000005,1.90912,0
2635,CCN(c1ccc(NC(=O)NCCCNS(=O)(=O)CC)cc1)C(C)C,C65365461,0,370.5190000000001,2.3722000000000003,0
2636,CCCC[C@@H](C(=O)NCc1ccc(c(c1)OC)OCCC(C)C)NC(=O)N,C65586650,0,379.50100000000015,2.9634,0
2637,CCCC[C@@H](C(=O)N[C@@H](C)c1cccc(c1)OCc2ccccn2)NC(=O)N,C65593716,0,384.4800000000001,3.0649000000000006,0
2638,CCCCNC(=O)NNC(=O)CCNc1cc(ccc1OC)Cl,C65897779,0,342.827,2.2811000000000003,0
2639,CC[C@@H](C)C(=O)NCC(=O)NNC(=S)Nc1ccccc1C(C)C,C66122474,0,350.4880000000001,2.2899000000000003,0
2640,c1cc(cc(c1)Br)CCCNC(=O)CCCCNC(=O)N,C66445504,0,356.2640000000001,2.3365,0
2641,CCN(CCNC(=O)[C@@H](CC(C)C)NC(=O)N)c1cccc(c1)C,C66608438,0,334.46400000000006,2.0205200000000003,0
2642,CC(C)CCC(=O)NNC(=O)NCCNc1c(cccn1)C(F)(F)F,C67104266,0,361.368,2.2789,0
2643,c1cc(sc1)CCCCCC(=O)NCc2ccc(cc2)C(=O)NCC(=O)N,C67137652,0,387.5050000000001,2.3824999999999994,0
2644,CCOCCCNC(=O)NNC(=O)CCCc1c[nH]c2c1cccc2,C67315130,0,346.43100000000004,2.2476000000000003,0
2645,CC(C)CCNC(=S)NNC(=O)CCCNC(=O)c1ccc(cc1)F,C67463657,0,368.47800000000007,1.8771,0
2646,CCNC(=O)COc1ccc(cc1)NC(=O)NCCCNc2ccccc2,C67540083,0,370.4530000000001,2.8252000000000006,0
2647,CNC(=O)COc1ccc(cc1)NC(=O)NCCCNc2ccccc2,C67577482,0,356.42600000000004,2.4350999999999994,0
2648,Cc1cccc(c1OC[C@H](CNC(=O)NCCNC(=O)c2ccccc2)O)C,C67591245,0,385.4640000000001,1.772339999999999,0
2649,c1ccc(cc1)C(=O)NCCNC(=O)NCCCNc2ccccc2,C67614660,0,340.42699999999996,2.2177999999999995,0
2650,c1ccc(c(c1)C(=O)NN)SSc2ccccc2C(=O)NN,C01673413,0,334.42600000000004,1.693,0
2651,c1cc(ccc1CCO)Nc2c(c(nc(n2)N)N)N=O,C04707115,0,274.284,1.3172999999999997,0
2652,CCNc1c2c(cn(c2ncn1)[C@H]3[C@H]([C@@H]([C@@H](O3)CO)O)O)C(=S)N,C04983182,0,353.40400000000005,-0.8911999999999998,0
2653,c1cc(nc(c1)/C=N/NC(=S)N)/C=N/NC(=S)N,C01589660,0,281.37,-0.5841999999999996,0
2654,Cc1c(c(=O)[nH]c(=S)[nH]1)CCC(=O)NCCCCCc2c(c([nH]n2)N)C#N,C12547793,0,389.4850000000001,1.3796899999999992,0
2655,c1cc(ccc1c2c(nc3c(n2)c(ncn3)N)N)N(CCO)CCO,C01704182,0,341.37500000000017,0.04220000000000018,0
2656,C=CCc1cccc(c1O)/C=N/Nc2nnc(n2N)SCC(=O)N,C20527524,0,347.4040000000001,0.4493999999999998,0
2657,c1cc(cc(c1)Br)NC(=O)CCSc2nnc(n2N)NN,C20922074,0,372.25200000000007,1.1609,0
2658,COC(=O)c1c2c(sc1NC(=O)CSc3nnc(n3N)NN)CCC2,C20922434,0,383.4590000000002,0.34510000000000024,0
2659,c1cc(ccc1C(F)(F)F)NC(=O)CCSc2nnc(n2N)NN,C20922705,0,361.35300000000007,1.4171999999999996,0
2660,c1ccc2c(c1)cccc2NC(=O)CSc3nnc(n3N)NN,C21035219,0,329.389,1.1614999999999989,0
2661,CCCSc1nnc(s1)NC(=O)CSc2nnc(n2N)NN,C21036185,0,361.4820000000001,0.3618999999999995,0
2662,CCOc1cc(ccc1O)/C=N/Nc2nnc(n2N)SCC(=O)N,C21326424,0,351.39200000000017,0.11960000000000004,0
2663,c1ccc2c(c1)cnnc2N/N=C(\CO)/[C@@H]([C@H]([C@@H](CO)O)O)O,C22047822,0,322.321,-1.5350000000000006,0
2664,c1cc(cc(c1)S(=O)(=O)N)NC(=O)C[C@@H](c2cccs2)NC(=O)N,C27398619,0,368.44000000000005,1.1336999999999997,0
2665,C1[C@H]2[C@@H]([C@H](S1)CCCCC(=O)NNC(=O)CON)NC(=O)N2,C02565903,0,331.398,-1.250099999999997,0
2666,c1cc(ccc1/C=C/c2cc(cc(c2)O)O)O[C@H]3[C@@H]([C@H]([C@@H]([C@H](O3)CO)O)O)O,C31159448,0,390.3880000000001,0.4468999999999997,0
2667,c1c(cc(cc1C(F)(F)F)/N=C(\N)/N=C(/N)\NN)C(F)(F)F,C06505226,0,328.22,1.4484000000000001,0
2668,c1ccc(cc1)[C@@H](CNc2ccc(cc2N)S(=O)(=O)N)O,C35600123,0,307.37500000000006,1.0617,0
2669,c1ccc(c(c1)CSc2nc([nH]n2)N)CSc3nc([nH]n3)N,C16450123,0,334.434,1.6717999999999995,0
2670,c1cc(cc(c1)C(=O)NCCCC(=O)N)/C(=N/O)/N,C37660813,0,264.28499999999997,-0.2235999999999988,0
2671,c1ccc(cc1)[C@@H](CNc2cc(cc(c2)S(=O)(=O)N)N)O,C37934207,0,307.37500000000006,1.0617,0
2672,c1ccc2c(c1)[nH]c(n2)[C@H]([C@H]([C@@H]([C@H](c3[nH]c4ccccc4n3)O)O)O)O,C03832748,0,354.3660000000001,0.927999999999999,0
2673,C[C@H](C[C@H](c1ccc(c(c1[C@@H](C[C@@H](C)O)O)O)O)O)O,C38642508,0,286.324,0.7064000000000004,0
2674,c1ccc(cc1)C2=C[C@@H](N=N2)[C@@H]3NN[C@@H](N3N)SCC(=O)N,C39016132,0,319.3940000000001,-0.026399999999999202,0
2675,c1ccc(cc1)C2=C[C@@H](N=N2)[C@H]3NN[C@@H](N3N)SCC(=O)N,C39016134,0,319.3940000000001,-0.026399999999999202,0
2676,[H]/N=C(/N=Cc1ccccc1O)NCCC[C@H](N=Cc1ccccc1O)C(=O)O,C19862676,0,382.4200000000001,2.39357,0
2677,c1c(nc(nc1N)SCCS(=O)(=O)CCC(=O)N)N,C40429238,0,305.38500000000005,-0.9766999999999988,0
2678,c1ccc(c(c1)COC(=O)c2ccc(cc2N)N)C(=O)N,C41094134,0,285.303,1.3069,0
2679,Cc1cccc(c1C)NC(=S)NNC(=O)[C@@H](CCSC)NC(=O)N,C41957881,0,369.51600000000013,1.4110399999999998,0
2680,CC(C)[C@H](C(=O)NNC(=S)NC[C@H]1CCCO1)NC(=O)N,C42084711,0,317.415,-0.6463999999999985,0
2681,c1cc(ccc1CCNC(=O)c2cn[nH]c2N)S(=O)(=O)N,C42477692,0,309.35100000000006,-0.38819999999999827,0
2682,c1cnc(nc1)NCCC(=O)NC(C(=O)N)C(=O)N,C45063715,0,266.261,-2.2659999999999982,0
2683,c1c(cnc(c1Cl)NCCNC(=O)NNC(=O)N)Cl,C46903341,0,307.14099999999996,0.6828000000000003,0
2684,CC(C)CNC(=O)NNC(=O)[C@H](C(C)C)NC(=O)N,C49183047,0,273.33700000000005,-0.3342999999999989,0
2685,c1c(cnc(c1C(=O)NCCCC(=O)N)NN)Br,C51091359,0,316.15899999999993,0.1250000000000004,0
2686,c1cc(nc(c1)NN)C(=O)NCCCS(=O)(=O)N,C51095215,0,273.318,-1.224399999999999,0
2687,c1ccc(c(c1)N)OC[C@@H](CSc2[nH]c(=O)cc(n2)N)O,C51329288,0,308.36300000000006,0.46629999999999977,0
2688,c1cc(ccc1NC(=O)NNC(=O)C(=O)NNC(=O)Nc2ccc(cc2)F)F,C03219984,0,392.32200000000006,0.9703999999999995,0
2689,c1ccc(cc1)N2C(=O)/C(=N/Nc3cc(cc(c3)C(=O)N)C(=O)N)/C(=N2)N,C02752261,0,365.3530000000002,-0.02869999999999956,0
2690,c1ccc2c(c1)c(c[nH]2)C[C@@H](C(=O)NNC(=O)c3cnccn3)NC(=O)N,C11530582,0,367.369,-0.0014999999999994462,0
2691,c1ccc2c(c1)c(=O)c(c[nH]2)C(=O)NCC(=O)NCc3ccc(cc3)NC(=O)N,C42106455,0,393.40300000000013,1.0648999999999995,0
2692,c1ccc(cc1)c2cc([nH]n2)C(=O)NNC(=O)CCCCNC(=O)N,C21784510,0,344.3750000000001,0.6762999999999997,0
2693,c1ccc2c(c1)c(cs2)CNC(=O)NC(C(=O)N)C(=O)N,C61668114,0,306.34700000000004,0.039700000000000235,0
2694,c1cc(c(cc1N(CC(=O)N)CC(=O)N)C(F)(F)F)N,C61807493,0,290.24499999999995,0.06459999999999994,0
2695,c1cc(c(cc1N)C(F)(F)F)N(CC(=O)N)CC(=O)N,C61807527,0,290.245,0.06459999999999988,0
2696,c1ccc(cc1)[C@H](CO)Nc2cc(cc(c2)S(=O)(=O)N)N,C63000831,0,307.37500000000006,1.0617,0
2697,c1ccc2c(c1)cccc2CSCCNC(=O)NC(C(=O)N)C(=O)N,C54814304,0,360.4390000000001,0.7113999999999997,0
2698,C[C@H]1CCCC[C@@H]1NC(=S)NNC(=O)[C@@H](CCSC)NC(=O)N,C66276995,0,361.5370000000001,0.8504000000000014,0
2699,Cc1ccsc1C(=O)NNC(=O)[C@@H](Cc2c[nH]c3c2cccc3)NC(=O)N,C66783465,0,385.4490000000001,1.5784199999999997,0
2700,C[C@H](C(=O)Nc1ccccc1C(=O)N)Sc2nnc(s2)N,C04517020,0,323.403,1.3385,0
2701,Cc1ccc(cc1)C2=NN[C@@H](S2)[C@](C)([C@@](C)([C@@](C)(CO)O)O)O,C06211789,0,340.44500000000005,0.5644199999999999,0
2702,CC(C)[C@@H](C(=O)NNC(=O)c1cc(ccc1OC)Cl)NC(=O)N,C06627868,0,342.7830000000001,0.8024999999999995,0
2703,CSCC[C@@H](C(=O)NNC(=O)c1cccs1)NC(=O)N,C08357634,0,316.4080000000001,0.29909999999999987,0
2704,N[C@@H](Cc1c(Cc2c[nH]c3ccccc23)[nH]c2ccccc12)C(=O)O,C02539067,0,333.3910000000001,3.194400000000001,0
2705,c1cc(ccc1CCNc2cc(nc(n2)N)Cl)S(=O)(=O)N,C24056249,0,327.7970000000001,1.0142,0
2706,CCc1c(cc(s1)C(=O)NNC(=O)[C@H](C(C)C)NC(=O)N)C,C08027785,0,326.4220000000001,1.07282,0
2707,CC(C)(C)NC(=O)NC(=O)CNc1ccc(c(c1)C(=O)N)Cl,C28071382,0,326.7840000000001,1.4750999999999999,0
2708,c1cc(c(cc1CCC(=O)CC[C@@H](Cc2ccc(c(c2)O)O)O)O)O,C31169862,0,346.37899999999996,2.394500000000002,0
2709,C[C@@H]([C@@H](c1ccc(cc1)OC)O[C@@H]2[C@@H]([C@@H]([C@@H]([C@@H](O2)CO)O)O)O)O,C35465308,0,344.36,-1.0663999999999998,0
2710,c1cc(c(cc1C(F)(F)F)N)SCCC(=O)NC(=O)N,C37037628,0,307.297,1.9646999999999994,0
2711,c1cc(ccc1CS(=O)(=O)N)NCc2ccc(cc2O)O,C37137050,0,308.359,1.4984000000000002,0
2712,c1cc(cc(c1)S(=O)(=O)NCCCC(=O)N)N,C37658384,0,257.31499999999994,-0.1873999999999999,0
2713,CCSC([C@@H]([C@H]([C@H]([C@@H](CO)O)O)O)O)SCC,C02545094,0,286.415,-0.7453999999999996,0
2714,Cc1c(c[nH]n1)CNC(=O)[C@@H](c2ccccc2)NC(=O)N,C38011625,0,287.3230000000001,0.7439199999999999,0
2715,Cc1ccc(cc1)C(=O)NNc2c(c(ncn2)NCC=C)N,C40709033,0,298.3500000000001,1.7220199999999999,0
2716,c1ccc(cc1)C(c2ccccc2)C(=O)NNc3c(c(=O)[nH]cn3)N,C40794865,0,335.367,1.6272999999999989,0
2717,C[C@@H](C(=O)NC(C)C)OC(=O)c1ccc(cc1N)N,C41094197,0,265.313,0.9208999999999998,0
2718,c1cscc1CCNc2c(cc(cn2)N)C(=O)N,C42599172,0,262.338,1.4787999999999994,0
2719,Cc1ccc(c(c1)C)CCC(=O)NC(C(=O)N)C(=O)N,C42789578,0,277.324,-0.30855999999999856,0
2720,c1c2c(nc(c1C(=S)N)NCCCC(=O)N)CCC2,C43408659,0,278.38100000000003,0.8818999999999998,0
2721,c1cc(ccc1OCCNC(=O)NNC(=O)N)Cl,C43790319,0,272.692,0.6013000000000002,0
2722,CCCNC(=O)CCNc1cc2c(cc1N)c(=O)[nH]cn2,C45071894,0,289.33899999999994,0.8334999999999997,0
2723,c1ccc(cc1)NC(=O)NCCC(=O)Nc2ccc3c(c2)[nH]c(=O)[nH]3,C45528121,0,339.355,2.0064999999999995,0
2724,C[C@@](N)(CCCSc1nccc(O)n1)C(N)=O,C45548967,0,256.331,0.25720000000000004,0
2725,c1cc(c(c(c1)Cl)CC(=O)NC(C(=O)N)C(=O)N)F,C48411647,0,287.678,-0.5230000000000006,0
2726,c1ccc(c(c1)OCC(=O)NC(C(=O)N)C(=O)N)F,C48411652,0,269.23199999999997,-1.3400999999999996,0
2727,C[C@@H](Cc1ccco1)Nc2c(cc(cn2)N)C(=O)N,C49128409,0,260.29699999999997,1.3987999999999996,0
2728,C[C@H](Cc1ccsc1)Nc2c(cc(cn2)N)C(=O)N,C49152921,0,276.365,1.8672999999999995,0
2729,COCc1cccc(c1)Nc2cc(cc(c2)S(=O)(=O)N)N,C49506367,0,307.37500000000006,1.8062,0
2730,CCNC(=O)CN(C)c1cc(cc(c1)S(=O)(=O)N)N,C49726894,0,286.357,-0.5114999999999985,0
2731,CCN(CC(=O)NC)c1cc(c(cc1F)N)C(=O)N,C50031357,0,268.292,0.07910000000000034,0
2732,C[C@H](C(=O)NC)NC(=O)c1c(cnc(n1)C(C)C)NN,C51119942,0,280.332,-0.25009999999999966,0
2733,c1cc(cc(c1)NS(=O)(=O)N)NCc2ccc[nH]2,C51789012,0,266.32599999999996,1.2422000000000002,0
2734,c1cc(cc(c1)N)CC(=O)OCC(=O)NC(=O)N,C52923822,0,251.24199999999996,-0.4505999999999996,0
2735,CC[C@@H](C)[C@@H](C(=O)Nc1cccc(c1)N2CCNC2=O)NC(=O)N,C53417573,0,333.3920000000001,1.2376999999999998,0
2736,CC[C@H](C)[C@H](C(=O)Nc1cccc(c1)N2CCNC2=O)NC(=O)N,C53417576,0,333.3920000000001,1.2376999999999998,0
2737,c1cc(ccc1NC(=O)NCCC/C(=N\O)/N)F,C54136424,0,254.26499999999993,1.4738,0
2738,Cc1cccc(c1)NC2=C(C(=O)O[C@@H]2C(C(=O)N)C(=O)N)Cl,C00171550,0,323.736,0.36951999999999985,0
2739,c1ccc(c(c1)NC(=O)c2csc(n2)N)SCC(=O)N,C55186468,0,308.3880000000001,1.5549999999999997,0
2740,CC(C)NC(=O)NC(=O)CNc1ccc(c(c1)C(=O)N)F,C55850773,0,296.302,0.5706999999999998,0
2741,CCn1cc(cn1)NC(=O)N[C@H](C)c2ccc(cc2)NC(=O)N,C58175594,0,316.36500000000007,2.2763,0
2742,Cc1ccc(cc1)NC2=C(C(=O)O[C@H]2C(C(=O)N)C(=O)N)Cl,C04574747,0,323.736,0.36951999999999985,0
2743,c1cc(cc(c1)OC/C(=N/O)/N)NC(=O)c2cc[nH]n2,C62779660,0,275.268,0.7871999999999999,0
2744,c1cc2c(cc1N)cc([nH]2)C(=O)NCCOCCO,C62834542,0,263.2969999999999,0.48880000000000007,0
2745,C[C@H](c1ccc(cc1)NC(=O)N)NC(=O)Nc2nnc(s2)C3CC3,C65513878,0,346.4160000000001,2.7888,0
2746,C[C@H]1CCC[C@H](C1)NC(=O)NCCCc2c(c([nH]n2)N)C#N,C65611306,0,304.398,1.67408,0
2747,CC[C@H](C)[C@H](C(=O)NNC(=O)CCC(C)C)NC(=O)N,C67190218,0,286.376,0.6530000000000014,0
2748,c1cc(ccc1NC(=O)NCCC(=O)NCC(=O)N)Br,C67266237,0,343.1809999999999,0.5622,0
2749,Cc1ccc(cc1C(=O)N)NC(=O)NCC(=O)NCc2ccco2,C67310802,0,330.3440000000001,1.12482,0
2750,c1ccc(cc1)C(=O)c2ccccc2NC(=O)c3c(nc[nH]3)C(=O)NN,C00568630,0,349.35,1.4964999999999993,0
2751,c1c(nc(nc1N)SCC(=O)NCC(F)(F)F)N,C06268962,0,281.263,0.4115999999999999,0
2752,c1cc(ccc1c2csc(n2)N/N=C/[C@@H]([C@H]([C@@H](CO)O)O)O)Cl,C16948658,0,357.81899999999996,0.9361999999999995,0
2753,C=CCNC(=S)NNC(=O)c1c(c2cccnc2s1)N,C19894297,0,307.40400000000005,1.1734,0
2754,c1ccc(c(c1)CC(=O)NCc2ccc(cc2)S(=O)(=O)N)N,C20186329,0,319.3860000000001,0.7750999999999999,0
2755,c1cc(ccc1C(=O)CSc2nnc(n2N)NN)F,C21035330,0,282.304,0.3915999999999998,0
2756,Cc1cc(ccc1Cl)OCCCC(=O)NC(C(=O)N)C(=O)N,C23388177,0,327.7680000000001,0.26282000000000116,0
2757,C[C@H](C(=O)Nc1cccc(c1)SC)SCc2nc(nc(n2)N)N,C29351732,0,350.47300000000007,2.0183,0
2758,c1cc(cc(c1)N)COc2cccnc2/C=N/NC(=S)N,C05580665,0,301.37500000000006,1.4099,0
2759,CC[C@@H](C)[C@H](C(=O)Nc1c([nH]nc1C)C)NC(=O)N,C36733626,0,267.333,1.04804,0
2760,NS(=O)(=O)Nc1cccc(NC(=O)CNC2CCCC2)c1,C37629616,0,312.39500000000015,0.7726999999999997,0
2761,c1cc(ccc1CCC(=O)NCCS(=O)(=O)N)N,C37991151,0,271.342,-0.39389999999999875,0
2762,c1ccc2c(c1)[C@@H](OC2=O)C/C(=C/3\C=CC=CC3=O)/NNC(=S)NN,C05808789,0,356.407,1.0798,0
2763,CC1=C[C@H](N=N1)[C@@H]2NN[C@@H](N2N)SCC(=O)Nc3ccccc3F,C38990088,0,351.41100000000006,1.1288000000000005,0
2764,c1cc(ccc1NC(=O)c2cc(cc3c2[nH]c(=S)[nH]3)F)OCC(=O)N,C40156192,0,360.3700000000001,2.48099,0
2765,c1cc(ccc1CN(CC(=O)N)C(=O)c2cc(c[nH]2)N)Br,C40330859,0,351.204,1.4870999999999999,0
2766,CCCCNC(=O)Nc1cccc(c1/C(=N/O)/N)F,C40374915,0,268.292,1.8417999999999999,0
2767,c1ccc2cc(c(cc2c1)C(=O)NCCCC(=O)N)N,C40628990,0,271.31999999999994,1.4172999999999993,0
2768,CC(C)(C)Nc1c(c(ncn1)NNC(=O)c2ccco2)N,C40680648,0,290.32700000000006,1.6190999999999998,0
2769,CCNc1c(c(ncn1)NNC(=O)c2ccccc2Br)N,C40707437,0,351.208,2.01,0
2770,CN(C)Nc1c(c(ncn1)NNC(=O)c2ccc(cc2)F)N,C40760013,0,305.317,0.8432999999999997,0
2771,c1ccnc(c1)C(=O)NNc2c(c(ncn2)Nc3ccc(c(c3)F)F)N,C40794302,0,357.32400000000007,2.2324999999999995,0
2772,c1ccnc(c1)C(=O)NNc2c(c(ncn2)NC3CCCCCC3)N,C40794320,0,341.4190000000002,2.3453999999999997,0
2773,CC[C@@H](C)[C@@H](C(=O)NCC(=O)Nc1c(cc(cc1C)C)C)NC(=O)N,C42052011,0,348.4470000000001,1.7495600000000002,0
2774,c1c(cc(cc1N(CCO)C2CCCCC2)S(=O)(=O)N)N,C42501912,0,313.42300000000006,1.0476000000000003,0
2775,c1c2c(nc(c1C(=S)N)NCCC(=O)N)CCCC2,C43410860,0,278.38100000000003,0.8818999999999998,0
2776,c1cc(c(cc1C(F)(F)F)N)NCCCS(=O)(=O)N,C45071074,0,297.302,1.3781,0
2777,CC(C)CCOCCNc1cc(cc(c1)S(=O)(=O)N)N,C45094537,0,301.4120000000001,1.3908,0
2778,CC[C@@H](C)[C@H](C(=O)NCCNc1ccc(cn1)C(F)(F)F)NC(=O)N,C47685019,0,361.36800000000005,1.7114999999999996,0
2779,C[C@H](C(=O)NCC(C)C)Sc1c(c(cc(n1)N)N)C#N,C48380252,0,293.396,1.37048,0
2780,c1cc(c(cc1CC(=O)NC(C(=O)N)C(=O)N)Cl)Cl,C48411649,0,304.1329999999999,-0.008700000000000208,0
2781,c1cc(ccc1CC(=O)NC(C(=O)N)C(=O)N)Br,C48411655,0,314.13899999999995,-0.552999999999999,0
2782,Cc1ccc(cc1C(=O)NC(C(=O)N)C(=O)N)SC,C48430566,0,281.337,-0.2140799999999996,0
2783,c1ccc(cc1)NNC(=O)Nc2cnn(c2)CC(=O)N,C48954315,0,274.28400000000005,0.5169999999999995,0
2784,c1ccc2c(c1)c(c[nH]2)C(=O)NCC(=O)Nc3ccccc3C(=O)N,C49413460,0,336.35100000000006,1.6352999999999998,0
2785,C[C@@H](CCc1ccco1)Nc2cc(cc(c2)S(=O)(=O)N)N,C49564473,0,309.3910000000001,1.9424000000000001,0
2786,CCC[C@H](C(=O)Nc1ccc(cc1)c2[nH]nc(n2)C)NC(=O)N,C50895392,0,316.36500000000007,1.5556199999999998,0
2787,c1ccc(c(c1)N)SCC(=O)Nc2c(c3c(s2)CCC3)C(=O)N,C06756804,0,347.46500000000015,2.6487,0
2788,Cc1c(cccc1NC(=O)C(=O)NC[C@H](c2ccccc2F)O)C(=O)N,C62132081,0,359.3570000000001,1.0213200000000002,0
2789,C[C@H](C(=O)Nc1ccccc1C(=O)Nc2ccc(cn2)Cl)NC(=O)N,C63498538,0,361.78900000000004,1.9826,0
2790,CCC[C@H](C(=O)NNC(=O)c1cn(c2c1cccc2)C)NC(=O)N,C63653652,0,331.3760000000001,0.7763000000000007,0
2791,c1ccc(c(c1)c2nc(cs2)C(=O)NC(C(=O)N)C(=O)N)F,C63695136,0,322.321,0.018199999999999494,0
2792,Cc1ccc(c(c1)C)c2nc(cs2)C(=O)NC(C(=O)N)C(=O)N,C58296852,0,332.38500000000016,0.4959399999999999,0
2793,c1cc(ccc1C(=S)N)C(=O)NNC(=O)NC[C@@H]2CCCO2,C65622717,0,322.39000000000016,0.44379999999999953,0
2794,C=CCNC(=S)NNC(=O)CCNC(=O)Nc1ccccc1,C66276777,0,321.406,0.8795000000000001,0
2795,c1ccc(cc1)NC(=O)NCCC(=O)NNC(=S)NC2CC2,C66277028,0,321.40600000000006,0.8558999999999994,0
2796,Cc1ccc(c(c1)O)C(=O)NCCC(=O)NC2CCC(CC2)C(=O)N,C66635002,0,347.4150000000002,0.9808199999999996,0
2797,c1cc(ccc1[C@H](C(=O)N)Nc2ccc(c(c2)Cl)C(=O)N)F,C66939298,0,321.73900000000003,2.2165,0
2798,c1ccc(cc1)NCCC(=O)Nc2ccc(cc2)CNC(=O)N,C67240488,0,312.37300000000005,2.2955999999999994,0
2799,Cc1ccc(cc1C(=O)N)NC(=O)C(=O)NC[C@@H](c2ccccc2F)O,C67498139,0,359.357,1.0213199999999998,0
2800,C(CCO)C[C@@H]([C@@H]([C@@](CCCCO)(CO)O)O)O,C04578411,0,266.33399999999995,-1.2431999999999996,0
2801,COc1cc(cc(c1O)/C=N/NC(=S)N)C=NNC(=S)N,C06641322,0,326.40700000000004,-0.26499999999999957,0
2802,c1cc(ccc1/C=C/c2cc(cc(c2)O[C@@H]3[C@H]([C@H]([C@@H]([C@H](O3)CO)O)O)O)O)O,C12888734,0,390.3880000000001,0.44690000000000035,0
2803,CCCCNc1nc2c(ncnc2n1[C@@H]3[C@H]([C@@H]([C@@H](O3)CO)O)O)N,C05138985,0,338.3680000000001,-0.7679999999999993,0
2804,CCCCNc1nc2c(ncnc2n1[C@H]3[C@H]([C@@H]([C@@H](O3)CO)O)O)N,C05138991,0,338.3680000000001,-0.7679999999999993,0
2805,CCCCNc1nc2c(ncnc2n1[C@@H]3[C@H]([C@@H]([C@H](O3)CO)O)O)N,C15223563,0,338.3680000000001,-0.7679999999999993,0
2806,Cc1ccc(cc1)C2=NN[C@@H](S2)[C@](C)([C@](C)([C@](C)([C@](C)(CO)O)O)O)O,C16292182,0,384.4980000000001,0.31541999999999987,0
2807,c1ccc(cc1)NC(=O)Cc2csc(n2)NC=C(C(=O)N)C(=O)N,C19863973,0,345.3840000000001,0.5906999999999996,0
2808,c1ccc2c(c1)ccc(c2/C=N/Nc3nnc(n3N)SCC(=O)N)O,C20806678,0,357.3990000000001,0.8740999999999994,0
2809,CC[C@H](C)Sc1nnc(s1)NC(=O)CSc2nnc(n2N)NN,C20921961,0,375.50900000000007,0.7503999999999995,0
2810,c1cc(c(cc1Cl)NC(=O)CCSc2nnc(n2N)NN)Cl,C20922124,0,362.246,1.7051999999999992,0
2811,c1cc(cc(c1)NC(=O)CCSc2nnc(n2N)NN)C(F)(F)F,C20922724,0,361.353,1.4171999999999996,0
2812,CC(C)Sc1nnc(s1)NC(=O)CSc2nnc(n2N)NN,C20922783,0,361.4820000000001,0.3602999999999997,0
2813,COc1ccc(cc1OC)CNC(=O)CSc2nnc(n2N)NN,C21035523,0,353.408,-0.29679999999999834,0
2814,c1cc(cc(c1)NC(=O)CSc2nnc(n2N)NN)C(F)(F)F,C21036212,0,347.32599999999996,1.0271,0
2815,CCCSc1ccccc1NC(=O)CSc2nnc(n2N)NN,C21036319,0,353.47700000000003,1.5103999999999993,0
2816,C=CCSc1ccccc1NC(=O)CSc2nnc(n2N)NN,C21036326,0,351.461,1.2863999999999995,0
2817,CCc1cccc(c1NC(=S)NNC(=O)[C@@H]([C@@H](C)CC)NC(=O)N)C,C26959100,0,365.50300000000016,1.9580199999999996,0
2818,Cc1cccc(c1)[C@H](CC(=O)Nc2ccc3c(c2)[nH]c(=O)[nH]3)NC(=O)N,C32449271,0,353.3820000000001,1.9028199999999997,0
2819,c1ccc2c(c1)cnnc2N/N=C/[C@@H]([C@H]([C@@H]([C@@H](CO)O)O)O)O,C35636254,0,322.321,-1.5366000000000002,0
2820,c1cc(cc(c1)NS(=O)(=O)N)NCc2ccc(cc2O)O,C37130802,0,309.347,1.3253,0
2821,c1ccc(c(c1)NC[C@@H](c2ccc(cc2)N)O)S(=O)(=O)N,C37671236,0,307.37500000000006,1.0616999999999996,0
2822,c1cc(ccc1CCNc2c3c(ncn2)n(cn3)[C@@H]4[C@@H]([C@@H]([C@@H](O4)CO)O)O)N,C03873802,0,386.41200000000015,-0.3254000000000001,0
2823,c1c(cc(c(c1)/C=N/NC(=O)CC(=O)N/N=C/c2c(cc(cc2)O)O)O)O,C02321652,0,372.33700000000005,0.49949999999999967,0
2824,c1ccc(c(c1)N)NC(=O)CCSc2[nH]c(=O)cc(n2)N,C41027143,0,305.363,1.0551999999999997,0
2825,c1cc(cc(c1)C(=O)N)COC(=O)c2ccc(cc2N)N,C41094136,0,285.303,1.3069000000000002,0
2826,CC(C)[C@@H](C(=O)NNC(=S)NC[C@H]1CCCO1)NC(=O)N,C42084710,0,317.415,-0.6463999999999985,0
2827,C[C@H](NC(=O)[C@@H](N)Cc1ccc(O)c(O)c1)c1nnn[nH]1,C44932456,0,292.299,-0.6419000000000008,0
2828,CSCC[C@H](C(=O)NNC(=S)NCCc1cccs1)NC(=O)N,C45154607,0,375.5450000000001,0.5759000000000003,0
2829,C1CCC(=CC1)CCNC(=O)NC(C(=O)N)C(=O)N,C45615354,0,268.317,-0.48469999999999697,0
2830,C/C(=C\C=C/CO)/N[C@@H]1[C@@H]([C@@H]([C@@H]([C@@H](O1)CO)O)O)O,C48588976,0,275.301,-2.1717999999999984,0
2831,CC(C)CNC(=O)NNC(=O)[C@@H](C(C)C)NC(=O)N,C49183045,0,273.33700000000005,-0.3342999999999989,0
2832,C(C(=O)NNC(=S)NCC(F)(F)F)NC(=O)N,C49519333,0,273.24,-1.2877000000000003,0
2833,Cc1c(cn[nH]1)CCCNc2c(cc(cn2)N)C(=O)N,C50182824,0,274.32800000000003,0.8389199999999999,0
2834,C(CCCCCc1nc(nc(n1)N)N)CCCCc2nc(nc(n2)N)N,C34320365,0,360.4700000000001,1.291400000000001,0
2835,C(/C(=N\O)/N)Sc1nc(sn1)SC/C(=N/O)/N,C08780825,0,294.387,0.2151,0
2836,c1c(ccc(c1)O)/C=N/Nc2n(c(nn2)N/N=C/c3ccc(cc3)O)N,C16400397,0,352.35800000000006,1.2950999999999995,0
2837,CN(CNc1ccccc1O)[C@H]2[C@@H]([C@@H]([C@@H]([C@@H](O2)CO)O)O)O,C59378880,0,314.33799999999997,-1.5066999999999995,0
2838,c1ccc2c(c1)c(c[nH]2)C[C@H](C(=O)NNC(=O)c3ccoc3)NC(=O)N,C61499891,0,355.35400000000004,0.8014999999999997,0
2839,Cc1c(cc(s1)C(=O)N(CC(=O)N)CC(=O)N)N,C61805792,0,270.31399999999996,-0.9484799999999987,0
2840,c1cc(c(cc1C(F)(F)F)N)N(CC(=O)N)CC(=O)N,C61807502,0,290.245,0.06459999999999988,0
2841,C1CC2=C(C1)S[C@@H]([C@@H]2C(=O)N)NC(=O)CSc3nc([nH]n3)N,C39945402,0,340.434,0.2076000000000004,0
2842,CCC[C@@H](C(=O)NNC(=O)NCC(F)(F)F)NC(=O)N,C63696195,0,299.25300000000004,-0.28389999999999904,0
2843,c1ccc(cc1)/C(=N/NC(=S)N)/C=N\NC(=S)N,C05733042,0,280.382,0.042900000000000105,0
2844,c1c(nc(nc1N2CCC(CC2)C(=O)N)N)NCCO,C65454055,0,280.332,-0.8352999999999988,0
2845,CSCC[C@H](C(=O)NNC(=S)Nc1ccc(cc1)F)NC(=O)N,C08347897,0,359.45200000000006,0.9332999999999996,0
2846,C[C@@H]1CCCC[C@@H]1NC(=S)NNC(=O)[C@@H](CCSC)NC(=O)N,C66276994,0,361.5370000000001,0.8504000000000014,0
2847,Cc1ccc(cc1C(=O)N)NC(=O)[C@H](Cc2c[nH]c3c2cccc3)NC(=O)N,C66714184,0,379.42000000000013,1.7933199999999998,0
2848,CSCC[C@H](C(=O)NNC(=S)Nc1cccc(c1)C#C)NC(=O)N,C67196638,0,365.48400000000015,0.7754999999999992,0
2849,c1ccc2c(c1)c(=O)c(c[nH]2)C(=O)NCC(=O)Nc3ccc(cc3)CNC(=O)N,C67239608,0,393.40300000000013,1.0649,0
2850,CNC(=S)NNC(=O)CNc1ccc2c(c1)OCO2,C02570960,0,282.32500000000005,-0.047700000000000964,0
2851,C[C@@H](c1ccncc1)NC(=S)Nc2ccc(cc2)S(=O)(=O)N,C00611620,0,336.44200000000006,1.7766,0
2852,C[C@H](c1ccncc1)NC(=S)Nc2ccc(cc2)S(=O)(=O)N,C00611621,0,336.44200000000006,1.7766,0
2853,CCCCS(=C)(=C)[C@H]1[C@@H]([C@@H]([C@@H]([C@@H](O1)CO)O)O)O,C06397822,0,280.386,-0.7449999999999997,0
2854,c1ccc(cc1)CN(c2ccccc2)/N=C\[C@H](C(CO)(CO)O)O,C17001194,0,330.38400000000007,0.7555999999999992,0
2855,CN(C)C(=O)Cc1nc(cs1)CSc2nc(cc(n2)N)N,C33144819,0,324.43500000000006,1.0205,0
2856,COCCNS(=O)(=O)c1ccc2c(c1)ccc(n2)NN,C35358326,0,296.352,0.4450999999999998,0
2857,c1cc(cnc1)S(=O)(=O)NC[C@@H](c2ccc(cc2)N)O,C35367221,0,293.348,0.6756999999999997,0
2858,Cc1c(sc(n1)N)SCC(=O)NC(=O)NCc2ccco2,C37036795,0,326.4030000000001,1.74482,0
2859,CCCCn1c(c(c(=O)[nH]c1=O)NC[C@@H]2CCCO2)N,C37486189,0,282.344,0.5098000000000008,0
2860,CC(C)Cn1c(c(c(=O)[nH]c1=O)NCC(F)(F)F)N,C37737548,0,280.25,0.7490000000000001,0
2861,c1ccc(cc1)C(=O)NNC(=O)CSc2nnc(s2)N,C03601755,0,309.37600000000003,0.6736,0
2862,CCCn1c(c(c(=O)[nH]c1=O)NCCc2ccco2)N,C37977090,0,278.312,0.7763999999999998,0
2863,C/C(=C/C(=O)NC(C)(C)C)/NNC(=O)C(=O)NC(C)(C)C,C04691266,0,298.38700000000006,0.34040000000000026,0
2864,CC(=O)OCCCCn1c2c(cccn2)c(c(c1=O)N)N,C39292449,0,290.3230000000001,0.9042000000000001,0
2865,c1cc(c(cc1S(=O)(=O)NCC[C@@H]2CCCO2)N)O,C40348588,0,286.35299999999995,0.8217999999999999,0
2866,c1cc(c(c(c1)F)/C(=N\O)/N)NC(=O)CCc2ccco2,C40369600,0,291.282,2.0845000000000002,0
2867,Cc1c(sc(n1)NC(=O)C[C@H](c2ccccc2F)NC(=O)N)C,C40514026,0,336.3920000000001,2.6372400000000003,0
2868,c1cc(oc1)CNc2c(c(ncn2)NC[C@@H]3CCCO3)N,C40686989,0,289.33900000000006,1.8547999999999998,0
2869,CCCn1c(c(c(=O)[nH]c1=O)N(CCO)C2CCCC2)N,C42525847,0,296.37100000000004,0.2701000000000008,0
2870,C[C@H](c1ccc(cc1F)F)NC(=O)NNC(=O)C(=O)NC2CC2,C42809545,0,326.3030000000001,0.6348,0
2871,c1ccc(cc1)OCCNS(=O)(=O)c2c[nH]nc2N,C42894952,0,282.32500000000005,0.3491999999999995,0
2872,CC(C)[C@@H](C(=S)N)C(=O)NCCNS(=O)(=O)C,C44837824,0,281.4030000000001,-0.7898999999999983,0
2873,Cc1ccc(s1)CNC(=O)[C@H](CCSC)NC(=O)N,C45935904,0,301.437,1.4627199999999996,0
2874,c1cc2c(cc1CCNC(=O)CCNC(=O)N)OCO2,C49045709,0,279.296,0.13239999999999996,0
2875,C[C@@H](Cn1cccn1)NS(=O)(=O)c2ccccc2NN,C49079459,0,295.368,0.5357000000000001,0
2876,C[C@H](Cn1cccn1)NS(=O)(=O)c2ccccc2NN,C49079463,0,295.368,0.5357000000000001,0
2877,CCC[C@H](C(=O)N[C@@H](C)c1cnn(c1C)C)NC(=O)N,C49114168,0,281.36,0.7427200000000005,0
2878,CCC[C@H](C(=O)N[C@H](C)c1cnn(c1C)C)NC(=O)N,C49114173,0,281.36,0.7427200000000005,0
2879,C[C@H](Cc1ccco1)NS(=O)(=O)c2ccnc(c2)NN,C49147427,0,296.352,0.8697000000000001,0
2880,Cn1c(c2c(n1)CCC2)NC(=O)CCCCNC(=O)N,C49425684,0,279.344,0.6859000000000006,0
2881,Cc1cc(c(s1)C)[C@@H](C)NS(=O)(=O)c2cnc(nc2)NN,C49512374,0,327.43500000000006,1.4800399999999996,0
2882,C#CCNC(=O)CCNC(=O)NNc1cccc(c1)C#N,C50136722,0,285.3070000000001,0.32387999999999983,0
2883,c1cc(sc1)CC(=O)NCc2ccc(cc2)/C(=N\O)/N,C50224072,0,289.36,1.7014999999999998,0
2884,CCNc1ccc(c(n1)C(=O)NCCCC(=O)N)Cl,C50770245,0,284.74699999999996,1.1621,0
2885,COCCn1cc(cn1)NC(=O)c2cccc(c2NN)F,C54217062,0,293.30199999999996,1.2064999999999997,0
2886,C[C@H](c1[nH]c(=O)[nH]n1)NC(=O)c2ccccc2NCC=C,C55282599,0,287.3230000000001,1.1868999999999992,0
2887,c1cc(sc1)CCC(=O)OCc2nc(nc(n2)N)N,C07502831,0,279.325,0.7734999999999996,0
2888,CCCn1c(=O)[nH]nc1SCc2ccnc(c2)NN,C61608381,0,280.35699999999997,0.9542999999999997,0
2889,C1CCCC(CC1)(C#N)C(=O)N(CC(=O)N)CC(=O)N,C61808861,0,280.328,-0.35021999999999814,0
2890,CS(=O)(=O)CCCNC(=O)c1cc(c(c(c1)F)NN)F,C63007726,0,307.322,0.41490000000000027,0
2891,c1cc(c(nc1)NN)S(=O)(=O)NCCC(F)(F)F,C63101560,0,284.263,0.5979000000000001,0
2892,c1nc([nH]n1)SCC(=O)N[C@@H]2[C@H](C3=C(S2)CCCC3)C(=O)N,C40017103,0,339.4460000000002,1.0154999999999998,0
2893,c1nc([nH]n1)SCC(=O)N[C@H]2[C@H](C3=C(S2)CCCC3)C(=O)N,C40017104,0,339.4460000000002,1.0154999999999998,0
2894,c1cscc1C(=O)NCC(=O)NNC(=S)NCC(F)(F)F,C64082811,0,340.35200000000003,0.5354999999999999,0
2895,c1cc(ccc1CNc2cc(ccn2)C(=O)N)N3CCNC(=O)C3,C64337693,0,325.37200000000007,0.7287999999999994,0
2896,c1cc(ncc1C(=O)NNC(=O)NCC2CC2)NC3CC3,C65191680,0,289.33900000000006,1.0098999999999994,0
2897,c1cc(ccc1C(=O)OCC(=O)N)N2CCC[C@@H](C2)C(=O)N,C66519288,0,305.334,0.03040000000000076,0
2898,Cc1cccc(c1)C(=O)NNC(=O)NCCC(=O)NCC#C,C67080242,0,302.334,0.07852000000000064,0
2899,Cc1c(c(n(n1)C)C)[C@H](C)NC(=O)c2ccc(cc2)CNC(=O)N,C67305738,0,329.4040000000001,1.6962399999999997,0
2900,Cn1cccc1/C=C(\C(=O)NCCO)/NC(=O)c2cccs2,C04983458,0,319.38599999999997,0.9659999999999994,0
2901,Cc1nnc(n1N)SCC(=O)NCCc2cccs2,C05282185,0,297.409,0.8128200000000003,0
2902,c1ccc(cc1)C(=O)NCNC(=S)N[C@H]2CCS(=O)(=O)C2,C05165418,0,327.43100000000004,0.025100000000000122,0
2903,CCc1cccc(c1NC(=S)NNC(=O)c2ccccn2)C,C07257932,0,314.41400000000004,2.5838200000000002,0
2904,c1ccc(cc1)SCC(=O)Nc2nc(cs2)CC(=O)N,C10909198,0,307.4000000000001,1.9017,0
2905,Cc1cc(c(cc1C)S(=O)(=O)NCCCn2ccnc2)N,C20506047,0,308.407,1.4507399999999995,0
2906,Cc1ccc(cc1)S(=O)(=O)NCCNC(=O)NCC#C,C29325022,0,295.36400000000003,0.20572000000000024,0
2907,CNC(=O)CN(C)S(=O)(=O)Cc1ccccc1C(=S)N,C37271736,0,315.42,-0.17159999999999853,0
2908,CCCn1cc(c(n1)N)S(=O)(=O)NCc2cccs2,C37558812,0,300.409,1.4152999999999996,0
2909,c1cc(cnc1)CCNS(=O)(=O)c2ccc(cc2)C(=S)N,C37718545,0,321.427,1.2368000000000001,0
2910,C[C@H]1CCCN(C1)S(=O)(=O)NCCOc2cccc(c2)N,C38079935,0,313.42300000000006,1.2138999999999998,0
2911,COc1ccc(cc1N)S(=O)(=O)NCC[C@H]2CCCO2,C40348595,0,300.3800000000001,1.1247999999999998,0
2912,Cc1ccc(o1)c2nc(cs2)C(=O)NCCCC(=O)N,C40523702,0,293.34800000000007,1.7068199999999998,0
2913,CC(C)NC(=O)NCC[C@](c1nccn1C)(C(F)(F)F)O,C40541469,0,308.304,1.2676999999999994,0
2914,CC[C@@H]1CN(CCO1)CCOc2ccc(cc2)/C(=N/O)/N,C41068934,0,293.367,1.2707000000000002,0
2915,CCc1ccc(cc1N)S(=O)(=O)NCCn2ccnc2,C41118944,0,294.38,1.0061999999999998,0
2916,Cc1cc(cc(c1)NC(=O)C(=O)NCCC(=O)NC(C)C)C,C41385203,0,305.37800000000004,1.2728399999999995,0
2917,Cc1nc2ccc(F)cc2c(NCCCCCO)c1CC(=O)O,C41473802,0,320.36400000000003,2.8839200000000007,0
2918,c1cc2cc(ccc2nc1)OCCNc3c(cccn3)C(=O)N,C41541526,0,308.341,2.2195999999999994,0
2919,c1cc(oc1)CNS(=O)(=O)c2ccc(cc2)/C=C/C(=O)N,C42521068,0,306.3430000000001,1.2566,0
2920,c1cc(c(cc1S(=O)(=O)N(CC/C(=N\O)/N)C2CC2)F)F,C42547979,0,319.333,1.2543999999999997,0
2921,CCN(CC(F)(F)F)S(=O)(=O)c1ccc(nc1)NN,C42782234,0,298.29,0.9400999999999999,0
2922,COc1cc(CN[C@H](C(=O)O)C(C)C)cc(Br)c1O,C43429477,0,332.194,2.3621000000000003,0
2923,c1ccc(c(c1)CS(=O)(=O)NCC[C@H]2CCCO2)C(=S)N,C44510753,0,328.459,1.3093000000000001,0
2924,CCOC[C@@H](C)NS(=O)(=O)c1cc(ccc1Cl)N,C44687011,0,292.788,1.6255,0
2925,Cc1cc(on1)CNS(=O)(=O)Cc2ccccc2C(=S)N,C45009730,0,325.4150000000001,1.23682,0
2926,C[C@H](CNS(=O)(=O)c1cc(c(cc1F)F)N)COC,C45664957,0,294.32300000000004,1.1078000000000001,0
2927,c1cc(sc1)CCNC(=S)NNC(=O)[C@@H]2CCCO2,C49087601,0,299.4210000000001,0.9648999999999999,0
2928,C=C(CNC(=O)NCC(=O)NCc1ccco1)Br,C49285501,0,316.155,1.1036,0
2929,CCCn1cc(nc1C)S(=O)(=O)NCc2ccc(cc2)N,C50265331,0,308.40700000000004,1.66222,0
2930,COc1ccc(cc1S(=O)(=O)N2CCC[C@H]2CCCO)N,C52759366,0,314.40700000000004,1.2029999999999998,0
2931,CCCc1nc2cc(ccc2n1CCNS(=O)(=O)C)N,C52852909,0,296.396,1.1201999999999996,0
2932,CCC(CC)(CO)NS(=O)(=O)c1c([nH]c(=O)s1)C,C53072588,0,294.39799999999997,0.57422,0
2933,Cc1ccc(cc1)N2CC[C@@H](C2=O)C(=O)NCCCC(=O)N,C57213027,0,303.3620000000001,0.7296199999999997,0
2934,COCCNC(=S)N/N=C\1/c2cc(ccc2N=C1O)F,C07040220,0,296.327,1.2418999999999996,0
2935,c1cc(ncc1C(F)(F)F)SCCCC(=O)NC(=O)N,C60340306,0,307.29699999999997,2.1675999999999997,0
2936,C1CN(C[C@@H]1NC(=O)CNC(=O)NC2CC2)CC(F)(F)F,C61581795,0,308.3039999999999,0.20079999999999987,0
2937,Cc1c(cccc1Cl)NC(=O)C(=O)NCCC(=O)NC(C)C,C41385149,0,325.796,1.6178199999999996,0
2938,COc1cc(ccn1)CNS(=O)(=O)Cc2cccc(c2)N,C62058294,0,307.37500000000006,1.292,0
2939,c1cc(ccc1/C=C/c2c(nnn2C[C@H](CO)O)CO)Cl,C62306437,0,309.75299999999993,0.9473999999999998,0
2940,CC(C)n1c(nnc1SCC(=O)NCC(F)(F)F)N,C57952111,0,297.306,1.2118,0
2941,c1cc(ccc1CC(=O)NCCNc2cn[nH]c(=O)c2Cl)F,C58218268,0,324.743,1.3332,0
2942,COCCNC(=O)NNC(=O)/C=C/c1c(cccc1F)F,C64898761,0,299.277,0.9547999999999999,0
2943,c1ccc(cc1)SCC(=O)NNC(=O)NC[C@@H]2CCCO2,C65147517,0,309.39100000000013,1.2880999999999998,0
2944,c1ccc(cc1)[C@H](C(=O)N)NC(=O)Cn2ccc(n2)C(F)(F)F,C54550699,0,326.27799999999996,1.2446999999999997,0
2945,Cc1cc(c(c(c1)C)NC(=O)CNC(=O)NCCOC)C,C54027629,0,293.367,1.4959599999999997,0
2946,c1cc(ccc1CNC(=O)NCCO)n2ccc(n2)C(F)(F)F,C65697986,0,328.294,1.6825999999999997,0
2947,c1cc(cc(c1)Cl)C(=O)NCC(=O)NCC(=O)NC2CC2,C06989679,0,309.75300000000004,0.4645999999999993,0
2948,c1ccc(c(c1)CC(=O)NNC(=O)NCC[C@H]2CCCO2)F,C66924822,0,309.34100000000007,1.2677,0
2949,c1cc(cnc1)Oc2ccc(cc2F)/C=C/C(=O)NCC(=O)N,C67266478,0,315.30400000000003,1.6276999999999993,0
2950,COC(=O)c1csc(n1)[C@@H]2[C@H]([C@@H]([C@@H](O2)CO)O)O,C05707513,0,275.282,-0.9162999999999999,0
2951,CN(C)S(=O)(=O)Nc1ccc(cc1)S(=O)(=O)N,C05509126,0,279.3430000000001,-0.44769999999999927,0
2952,Cc1nc(cs1)c2c(n(c(=O)[nH]c2=O)CCOC)N,C11178863,0,282.325,0.19711999999999985,0
2953,O=C(CCN[C@H](Cc1c[nH]cn1)C(=O)O)c1ccccc1,C05635341,0,287.319,1.2679999999999996,0
2954,CCn1cc(-c2ccnc(SC[C@H](N)C(=O)O)n2)cn1,C15937134,0,293.352,0.8639999999999997,0
2955,Cc1c(-c2cc(C(F)F)nc(SC[C@H](N)C(=O)O)n2)cnn1C,C15937207,0,343.35900000000004,1.6271199999999997,0
2956,Cc1cn(c(=O)nc1NC2CC2)[C@@H]3C[C@@H]([C@H](O3)CO)O,C16940377,0,281.31199999999995,-0.2332800000000005,0
2957,COc1ccc(N2C[C@@H](CN)NS2(=O)=O)cc1OC,C19724123,0,287.34100000000007,-0.3144999999999991,0
2958,c1c(c(=O)[nH]c(=O)n1C[C@@]2(C[C@@H]2CO)CO)Br,C26671210,0,305.12799999999993,-0.71,0
2959,C[C@H](CNS(=O)(=O)c1ccc2c(c1)NC(=O)CO2)O,C35611403,0,286.309,-0.3234,0
2960,COc1cc(ccc1S(=O)(=O)NC2CCS(=O)(=O)CC2)N,C36330887,0,334.4190000000001,0.13290000000000013,0
2961,C[C@H](N)c1ccc(S(=O)(=O)Nc2cnccn2)cc1,C36334024,0,278.337,1.2971000000000004,0
2962,c1c(sc(n1)Cl)S(=O)(=O)NCCS(=O)(=O)N,C36745755,0,305.79,-0.6367,0
2963,c1ccc2c(c1)C(=NS2(=O)=O)NCCS(=O)(=O)N,C36745944,0,289.338,-0.9863999999999988,0
2964,CCC[C@H](NCc1nc2ccccc2[nH]c1=O)C(=O)O,C36839006,0,275.30800000000005,1.266,0
2965,Cc1cc(cc(c1C)S(=O)(=O)NCC(=O)N(C)C)N,C37225193,0,285.369,0.25214000000000036,0
2966,CC[C@H](N)c1cccc(S(=O)(=O)Nc2nncs2)c1,C37681936,0,298.393,1.7486999999999997,0
2967,N[C@H](CCSCc1cc(=O)n2ccccc2n1)C(=O)O,C37736100,0,293.34800000000007,0.7296999999999998,0
2968,CS(=O)(=O)CCNS(=O)(=O)c1ccc(cc1)N,C37750186,0,278.355,-0.4082999999999996,0
2969,Cc1c(c(nc(=O)[nH]1)SC)C(=O)NCc2c[nH]nc2,C38006920,0,279.325,0.4533199999999996,0
2970,c1c(cc(c(c1F)S(=O)(=O)NC[C@H]2COCCO2)F)N,C38062554,0,308.306,0.2406999999999998,0
2971,c1ccnc(c1)C(=O)N2CCC[C@H](C2)CNS(=O)(=O)N,C40218683,0,298.368,-0.2730999999999987,0
2972,C#CCNS(=O)(=O)c1cccc(c1)C(=O)N2CC[C@@H](C2)C(=O)N,C41131085,0,335.38500000000016,-0.45449999999999985,0
2973,CS(=O)(=O)CC[S@](=O)c1[nH]c2cc(ccc2n1)N,C42196288,0,287.36600000000004,0.2972999999999998,0
2974,COCCn1cc(cn1)NC(=O)C2(CCOCC2)C(=S)N,C44780638,0,312.395,0.5508999999999996,0
2975,CN(C)C(=O)CN(C)C(=O)C1(CCCCC1)/C(=N/O)/N,C44785044,0,284.35999999999996,0.2299000000000015,0
2976,Cc1cc(on1)CNC(=O)c2cc(cc(c2)S(=O)(=O)C)N,C44984978,0,309.3470000000001,0.8987200000000002,0
2977,C[C@](N)(CCSc1nnnn1C1CCCC1)C(=O)O,C45583483,0,285.373,1.0724,0
2978,Cn1cc(c(n1)N)S(=O)(=O)NCCc2ccncc2,C48261060,0,281.341,-0.08169999999999944,0
2979,C1CS(=O)(=O)C[C@@H]1CNC(=O)CNC(=O)NC2CC2,C48767238,0,289.3570000000001,-1.0010999999999977,0
2980,CSCC(=O)NNC(=O)N[C@@H]1CCS(=O)(=O)C1,C49119679,0,281.35900000000004,-1.1330999999999996,0
2981,CC(=O)NCCC(=O)NCCNc1c(cccn1)C#N,C49120383,0,275.312,0.007580000000000864,0
2982,C[C@H](C(=O)NCCc1ccc(s1)S(=O)(=O)N)S(=O)(=O)C,C49348193,0,340.4480000000001,-0.5126999999999999,0
2983,Cc1c(oc(n1)NC(=O)C(=O)NC[C@H](C(F)(F)F)O)C,C49416756,0,295.21700000000004,0.26933999999999975,0
2984,CC(C)NC(=O)CCNC(=O)NCCS(=O)(=O)C,C49518583,0,279.362,-0.7550999999999986,0
2985,CNc1ccc(cn1)S(=O)(=O)N(CCO)CCO,C50669680,0,275.33,-0.9013999999999998,0
2986,c1c(cnc(c1C(=O)N(CC#N)CC#N)NN)Br,C51089001,0,309.12699999999995,0.6190599999999999,0
2987,Cc1cccc(n1)CNS(=O)(=O)c2cnc(nc2)N,C51578010,0,279.32500000000005,0.2407200000000002,0
2988,c1cc2c(cc1N)C(=O)N(S2(=O)=O)CCOCCO,C52125945,0,286.30899999999997,-0.5778000000000001,0
2989,C[C@H](c1nc2cc(ccc2n1CCS(=O)(=O)C)N)O,C53735732,0,283.35299999999995,0.7163999999999997,0
2990,C[C@H](c1nc2cc(ccc2n1CCCS(=O)(=O)C)N)O,C53736926,0,297.38,1.1064999999999996,0
2991,Cc1ccc(cn1)CNC(=O)CC[C@H]2C(=O)NC(=O)N2,C49201356,0,276.296,-0.005579999999999807,0
2992,Cc1ccc2c(c1C)N(C(=O)[C@@H]2N)CC(=O)NCCC#N,C42068418,0,286.33500000000004,0.6797200000000003,0
2993,Cc1cnc(CNS(=O)(=O)c2ccnc(N)c2)cn1,C61323940,0,279.325,0.2407199999999997,0
2994,Cc1c(c[nH]n1)CNC(=O)c2ccc(cn2)C#CCCO,C61862686,0,284.319,0.7770199999999998,0
2995,c1cnc(NCCN2CCOCC2)c(C2=NCCCN2)c1,C62705749,0,289.383,0.5656000000000001,0
2996,C[C@H](C(=O)NCCOc1ccc(cc1)N)n2cncn2,C63130346,0,275.312,0.6164999999999995,0
2997,CCn1c(n[nH]c1=S)CNC(=O)c2c([nH]nc2C)C,C66636749,0,280.357,1.23053,0
2998,C[C@H](C(=O)N[C@@H]1CCCCNC1=O)NC(=O)C2CCOCC2,C66822164,0,311.3820000000001,-0.29739999999999855,0
2999,O=C(NCCc1n[nH]c(=S)n1C1CC1)c1ncccc1O,C67119266,0,305.363,1.34869,0
3000,CC(C)(C)S[C@H]1[C@@H]([C@@H](O[C@@H]1n2ccc(nc2=O)NC)CO)O,C05618589,0,329.422,0.4358999999999998,0
3001,COc1cc(c(cc1OC)Cl)NNS(=O)(=O)O,C03172884,0,282.70500000000004,1.0764999999999996,0
3002,c1cc(cnc1)c2nnc(n2CCO)SCC(=O)N,C10312617,0,279.325,-0.09020000000000017,0
3003,CCn1ccc(-c2ccnc(SC[C@@H](N)C(=O)O)n2)n1,C02538471,0,293.352,0.8639999999999997,0
3004,COc1ccc(N2C[C@H](CN)NS2(=O)=O)cc1OC,C19724122,0,287.34100000000007,-0.3144999999999991,0
3005,c1cnc2c(c1NC3CC3)ncn2[C@@H]4C[C@@H]([C@@H](O4)CO)O,C27319175,0,290.323,0.6462999999999999,0
3006,Cc1cccn2c(=O)cc(CSC[C@H](N)C(=O)O)nc12,C35185317,0,293.348,0.6480199999999998,0
3007,CC(C)[C@@H](NCC(=O)N[C@]1(C)CCS(=O)(=O)C1)C(=O)O,C35406701,0,306.384,-0.6213999999999988,0
3008,CC(C)[C@@H](NCC(=O)N[C@@]1(C)CCS(=O)(=O)C1)C(=O)O,C35406706,0,306.384,-0.6213999999999988,0
3009,CS(=O)(=O)NCCN1C(=O)c2cccc(c2C1=O)N,C35798056,0,283.309,-0.5859999999999992,0
3010,CS(=O)(=O)CC[C@H]1C(=O)N(C(=O)N1)c2ccc(cc2)N,C37515019,0,297.336,0.12829999999999997,0
3011,CC[C@@H](N)c1cccc(S(=O)(=O)Nc2cc(C)on2)c1,C37682344,0,295.364,2.19362,0
3012,COc1cc(ccc1S(=O)(=O)NCCS(=O)(=O)C)N,C37750222,0,308.38100000000003,-0.39969999999999833,0
3013,Cc1c(c[nH]n1)CNC(=O)c2c(nc([nH]c2=O)C3CC3)C,C38011633,0,287.3230000000001,0.9172399999999997,0
3014,O=C(CNC1CCC(C(=O)O)CC1)N[C@H]1CCS(=O)(=O)C1,C37562220,0,318.39500000000004,-0.4772999999999985,0
3015,Cc1nc(on1)CNS(=O)(=O)Cc2ccc(cc2)N,C40347302,0,282.325,0.5798200000000001,0
3016,C1CS(=O)(=O)C[C@H]1CC(=O)NCCCS(=O)(=O)N,C40383367,0,298.386,-1.393999999999997,0
3017,C1CN(CCC1CC(=O)N)S(=O)(=O)N2CCNCC2,C40860801,0,290.389,-1.276199999999997,0
3018,C[C@H]1CCC[C@@](NC(=O)NC[C@@H]2CCN(C)C2)(C(=O)O)C1,C41036367,0,297.399,1.2708000000000002,0
3019,Cn1cc(cn1)CNS(=O)(=O)c2cc(ccc2OC)N,C41158548,0,296.35200000000003,0.48940000000000017,0
3020,C[C@@H](CN(CCO)S(=O)(=O)c1ccc2c(c1)CC(=O)N2)O,C41567383,0,314.363,-0.4550000000000002,0
3021,c1cc(cnc1)CNC(=O)CNC(=O)c2ccc(=O)[nH]c2,C42384801,0,286.291,-0.18390000000000079,0
3022,CS(=O)(=O)c1ccc(cc1)C(=O)NNC(=O)NCC#C,C43480986,0,295.3200000000001,-0.3327000000000002,0
3023,c1c(cncc1S(=O)(=O)NCCS(=O)(=O)N)F,C44262368,0,283.306,-1.2124999999999992,0
3024,Cn1cc(cc1C(=O)N)S(=O)(=O)NCc2ccco2,C44324626,0,283.309,0.19550000000000028,0
3025,c1ccc(cc1)NC(=S)NNC(=O)c2c[n+](ccn2)[O-],C44549622,0,289.32000000000005,0.34639999999999976,0
3026,Cc1c(sc(n1)NC(=O)COC)SCC(=O)N,C45095638,0,275.355,0.6138199999999999,0
3027,C[C@H]1CCC[C@@](NC(=O)NC[C@@H](C)N(C)C)(C(=O)O)C1,C45111936,0,285.38800000000003,1.2692000000000003,0
3028,C[C@H](CNC(=O)NC1(C(=O)O)CCCCCC1)N(C)C,C45111980,0,285.388,1.4133,0
3029,C[C@@](N)(CCSc1nnnn1C1CCCC1)C(=O)O,C45583480,0,285.373,1.0724,0
3030,Cc1n[nH]c(SCCC[C@](C)(NC2CC2)C(=O)O)n1,C45596976,0,284.38499999999993,1.58072,0
3031,c1cocc1C(=O)NCC(=O)N[C@@H]2CCCCNC2=O,C47275468,0,279.296,-0.20569999999999994,0
3032,CC(C)C(=O)NCCNC(=O)N[C@@H]1CCS(=O)(=O)C1,C47594099,0,291.37300000000005,-0.7550999999999986,0
3033,CN(CC(=O)N)C(=O)C(=O)Nc1c(c2c(s1)CCCC2)C#N,C48035697,0,320.37400000000014,0.38077999999999923,0
3034,C1CS(=O)(=O)C[C@@H]1NC(=O)NC[C@H](C(F)(F)F)O,C48741780,0,290.263,-0.6041000000000003,0
3035,Cc1c(c(n(n1)C)C)CC(=O)NCCCS(=O)(=O)N,C48749211,0,288.37300000000005,-0.6257599999999974,0
3036,CCn1cc(c(n1)N)S(=O)(=O)NCc2cccc(n2)C,C51574994,0,295.36800000000005,0.6671199999999997,0
3037,CCn1c(c(c(=O)[nH]c1=O)C(=O)CN(C)Cc2ccsc2)N,C44869543,0,322.39,0.5148999999999998,0
3038,c1cc(ccc1N2C(=O)C[C@@H](C2=O)NNC(=O)CCCO)Cl,C02727906,0,325.75200000000007,0.3651999999999999,0
3039,CC[C@H](C(=O)Nc1cnn(c1)CC(=O)N)Br,C61489370,0,289.1329999999999,0.4804000000000001,0
3040,CN(Cc1cccnc1/C(=N/O)/N)Cc2cscn2,C61657877,0,277.35299999999995,1.2646000000000002,0
3041,CS(=O)(=O)NCCNC(=O)c1ccc(cn1)C#CCCO,C61861524,0,311.3630000000001,-0.9054999999999991,0
3042,c1cc2c(cc1N)cc([nH]2)C(=O)N(CCC#N)CCC#N,C62834331,0,281.31899999999996,2.01966,0
3043,C[C@@H](N)c1ccccc1NS(=O)(=O)CCS(C)(=O)=O,C63142814,0,306.409,0.4926000000000002,0
3044,C[C@@H](CNS(=O)(=O)CCS(=O)(=O)C)C(=S)N,C63143160,0,288.416,-1.127399999999998,0
3045,C1=CC(=C[C@H]2C1=CC=N2)C3=NO[C@@H](N3)C(=O)NCCCO,C39958760,0,288.307,-0.3800000000000003,0
3046,Cc1c[nH]c(=O)n1c2ccc(cc2)C(=O)NCCC(=O)NCC#C,C64512136,0,326.3560000000001,0.3433199999999999,0
3047,CC(C)S(=O)(=O)NC[C@H]1CCCN(C1)S(=O)(=O)N,C65268838,0,299.418,-0.7702999999999978,0
3048,Cc1cc([nH]n1)C(=O)NCCc2n[nH]c(=S)n2C3CC3,C67080059,0,292.3680000000001,1.2796099999999995,0
3049,Cc1cccc(c1)C(=O)NNC(=O)NCC(=O)N(C)C,C67383757,0,278.312,0.027220000000000688,0
3050,Cc1c(cc(s1)C(=O)N)S(=O)(=O)NC[C@@H]2CCCO2,C06679970,0,304.39300000000014,0.6127199999999997,0
3051,Cc1c(c(on1)C)C(=O)NCc2ccc(cc2)S(=O)(=O)N,C04749579,0,309.34700000000004,0.8688400000000003,0
3052,CC[C@@H](C)NS(=O)(=O)c1ccc2c(c1)[nH]c(=O)c(=O)[nH]2,C13582042,0,297.336,0.2932,0
3053,CC[C@H](C)NS(=O)(=O)c1ccc2c(c1)[nH]c(=O)c(=O)[nH]2,C13582044,0,297.336,0.2932,0
3054,C[C@@]1(CCS(=O)(=O)C1)NC(=O)CSc2nnc(s2)N,C15156204,0,322.437,-0.0941999999999995,0
3055,Cc1cnc(cn1)C(=O)NCc2cccc(c2)S(=O)(=O)N,C24699773,0,306.34700000000004,0.3624200000000001,0
3056,Cc1c(c(n(n1)C)C)C(=O)NCc2ccc(cc2)S(=O)(=O)N,C27982795,0,322.3900000000001,0.6143400000000002,0
3057,c1ccc2c(c1)nc(n2CC(=O)N)CNC(=O)c3ccco3,C32497931,0,298.30199999999996,1.0446,0
3058,c1ccc2c(c1)c(=O)c(c[nH]2)C(=O)NNC(=O)/C=C/c3ccco3,C32605225,0,323.30800000000005,1.5954999999999997,0
3059,C[C@H](CNC(=O)CSc1c(=O)[nH]c2ccccc2n1)O,C16576425,0,293.348,0.5121999999999998,0
3060,Cc1cc(cc(c1C)S(=O)(=O)N2CCN(CC2)CCO)N,C35609541,0,313.42300000000006,0.18424000000000035,0
3061,c1cc(cc(c1)NC(=O)CCCN2CCCS2(=O)=O)N,C36809129,0,297.38,1.0229999999999997,0
3062,c1cc(cnc1)CCNS(=O)(=O)c2ccc(cc2C#N)N,C37717577,0,302.35900000000004,1.05648,0
3063,c1cc(ccc1F)S(=O)(=O)CC(=O)Nc2c(ccs2)C(=O)N,C04496423,0,342.37300000000005,1.3985,0
3064,c1cc(c(cc1N)S(=O)(=O)NC[C@H]2COCCO2)Cl,C38062480,0,306.77099999999996,0.6158999999999997,0
3065,C[C@@H]1C(=C(C(=N1)C(=O)Nc2c(ccs2)C(=O)N)C)C(=O)C,C38631559,0,305.3590000000001,1.5341,0
3066,C[C@@]1(CCS(=O)(=O)C1)NC(=S)N[C@H]2NC(=S)N=N2,C39287086,0,307.42600000000004,-0.3483999999999991,0
3067,C[C@]1(CCS(=O)(=O)C1)NC(=S)N[C@H]2NC(=S)N=N2,C39287087,0,307.42600000000004,-0.3483999999999991,0
3068,C[C@@H]1C(=C(NO1)C)CC(=O)NNC(=O)[C@H]2C=C(C=N2)Cl,C39461699,0,298.73,0.2969000000000003,0
3069,c1cc(ccc1C(=O)CSC2=N[C@@H]3C(=N2)C(=O)NC(=N3)N)F,C39697389,0,319.32099999999997,0.3227999999999999,0
3070,c1cc(ccc1C(=O)CSC2=N[C@H]3C(=N2)C(=O)NC(=N3)N)F,C39697390,0,319.32099999999997,0.3227999999999999,0
3071,Cc1cc(on1)C(=O)NCc2ccc(cc2)S(=O)(=O)N,C40215644,0,295.32000000000005,0.56042,0
3072,Cc1c(snn1)C(=O)NCc2cccc(c2)S(=O)(=O)N,C40378318,0,312.3760000000001,0.42391999999999996,0
3073,Cn1cc(c(n1)NC(=O)Cc2ccccc2F)S(=O)(=O)N,C40381980,0,312.3260000000001,0.38780000000000003,0
3074,Cc1c(cccc1S(=O)(=O)N)NS(=O)(=O)N(C)C,C40384026,0,293.37,-0.13927999999999896,0
3075,CS(=O)(=O)NC1CCN(CC1)S(=O)(=O)c2cc(cs2)N,C41068055,0,339.464,0.03260000000000052,0
3076,c1cc(sc1CNC(=O)c2cnccn2)S(=O)(=O)N,C43949219,0,298.34900000000005,0.11550000000000005,0
3077,Cc1c(sc(n1)NC(=O)CSc2nnc(n2N)C)C,C48404573,0,298.39700000000005,1.1044600000000002,0
3078,c1cc(sc1)CNC(=O)NNC(=O)[C@@H]2CCS(=O)(=O)C2,C48645033,0,317.39200000000005,0.013199999999999878,0
3079,C[C@@H](CNC(=O)C(=O)Nc1cc2c(cc1Br)OCCO2)O,C48668330,0,359.1760000000001,0.6557999999999997,0
3080,C[C@H](C(=O)NC)NS(=O)(=O)c1cccc(c1)C#CCCO,C49106216,0,310.3750000000001,-0.16669999999999957,0
3081,CN(CC(=O)N)C(=O)c1c[nH]nc1c2ccc(cc2)Cl,C49248724,0,292.726,1.2873999999999999,0
3082,C[C@H](c1nncn1C)NS(=O)(=O)c2ccc(cc2Cl)N,C50226015,0,315.78600000000006,1.0902,0
3083,C[C@H](c1nncn1C)NS(=O)(=O)c2c(cccc2F)N,C50226021,0,299.331,0.5759000000000003,0
3084,C[C@H](c1ccc(cc1)N)NS(=O)(=O)C2CCS(=O)(=O)CC2,C50350922,0,332.4470000000001,0.8263999999999999,0
3085,C1CCC(CC1)(C(=S)N)NS(=O)(=O)C2CCS(=O)(=O)CC2,C50351343,0,354.5190000000002,0.47200000000000064,0
3086,c1cc(c(cc1N)C#N)S(=O)(=O)N2CCC[C@@H]2CCCO,C52759431,0,309.3910000000001,1.06608,0
3087,C[C@@H](CNC(=O)C1CCN(CC1)C(=O)N)Cn2cccn2,C58997113,0,293.3709999999999,0.42610000000000114,0
3088,Cc1csc(n1)SCC(=O)c2c(n(c(=O)[nH]c2=O)C)N,C05505580,0,312.3760000000001,0.39572,0
3089,Cc1cnc(cn1)CNS(=O)(=O)c2cc(ccc2F)N,C61320329,0,296.327,0.9848199999999998,0
3090,CC1(C)CC(/N=C2\C(=O)C(=O)[C@H]2NCc2ccccn2)CC(C)(C)N1,C61720137,0,342.4430000000001,1.4417999999999989,0
3091,CC1(C)CC(/N=C2\C(=O)C(=O)[C@H]2NCc2ccncc2)CC(C)(C)N1,C61720381,0,342.4430000000001,1.4417999999999989,0
3092,C[C@@H]1C(=O)Nc2cc(ccc2O1)S(=O)(=O)N[C@@H](C)CO,C62562187,0,300.33600000000007,0.06510000000000005,0
3093,Cn1c2c(cn1)c(nc(n2)CN(C)[C@@H]3CCSC3)NN,C63084188,0,293.4,0.5862,0
3094,CC(C)(CO)NC(=O)[C@@H]1NC(=NO1)C2=C[C@H]3C(=CC=N3)C=C2,C39959170,0,302.334,0.008500000000000396,0
3095,Cc1c(c(=O)[nH]c(=O)[nH]1)CCC(=O)NC2=NC[C@H](S2)C,C64236576,0,296.352,-0.08827999999999903,0
3096,CNS(=O)(=O)c1ccc(cc1)C(=O)Nc2ccc[nH]c2=O,C58277421,0,307.331,0.5353,0
3097,c1ccc(c(c1)/C=C/C(=O)Nc2ccn(n2)CC(=O)N)C#N,C65862129,0,295.302,0.89198,0
3098,C#Cc1cccc(c1)NC(=O)C(=O)N2CCC[C@H](C2)CCC(=O)N,C66222265,0,327.38400000000007,1.1104999999999998,0
3099,c1cc(cc(c1)F)[C@H]2C[C@H]2C(=O)NNC(=O)C(=O)NC3CC3,C67139697,0,305.3090000000001,0.3551999999999994,0
3100,c1cc(ccc1CNC(=O)CSc2nncc(=O)n2N)F,C04338167,0,309.326,-0.10029999999999994,0
3101,c1ccc2c(c1)[C@](C(=O)N2CC(=O)N)(CC(=O)c3ccccn3)O,C00528283,0,325.32399999999996,0.37410000000000004,0
3102,c1cc(ccc1C(=O)NCc2nnc(o2)SCC(=O)N)F,C05107426,0,310.31,0.7161,0
3103,c1cc(c(c(c1)F)C(=O)NCc2nnc(o2)SCC(=O)N)F,C05107587,0,328.30000000000007,0.8552,0
3104,Cc1c(c(c(c(n1)OCC(=O)NN)C#N)COC)Br,C05587264,0,329.154,0.5393,0
3105,COc1ccc(cc1S(=O)(=O)N[C@H]2CCS(=O)(=O)C2)N,C21790749,0,320.39200000000005,-0.2571999999999993,0
3106,CN(C)S(=O)(=O)NCc1cccc(c1)S(=O)(=O)N,C30338674,0,293.37000000000006,-0.7699999999999982,0
3107,Cc1c(sc(n1)NC(=O)[C@@H]2COCCO2)SCC(=O)N,C30707273,0,317.39200000000005,0.3828199999999998,0
3108,C[C@@H](O)CN(C[C@H](O)COc1ccc2ccccc2c1)S(=O)(=O)O,C34132718,0,355.4120000000001,1.0651000000000004,0
3109,Cc1ccc2c(CSC[C@@H](N)C(=O)O)cc(=O)oc2c1,C35082956,0,293.34400000000005,1.74652,0
3110,N[C@H](CSCc1nnc(-c2ccc(Br)cc2)o1)C(=O)O,C35083193,0,358.2170000000001,2.1442,0
3111,CS(=O)(=O)NCCNS(=O)(=O)c1cccc(c1)C#CCO,C37579783,0,332.40300000000013,-1.1420999999999988,0
3112,C[C@@H]1C(=CN(N1)C)CNC(=O)C(=O)NC2=CC3=CC=N[C@@H]3C=C2,C38783622,0,313.361,-0.22569999999999868,0
3113,CS(=O)(=O)c1ccc(c(c1)S(=O)(=O)NCC(=S)N)F,C40349594,0,326.396,-0.2063999999999998,0
3114,c1cc(ccc1CNC(=O)CCn2ccnc2)S(=O)(=O)N,C40378179,0,308.36300000000006,0.237,0
3115,c1cc(c(cc1N)C#N)S(=O)(=O)NCCn2ccnc2,C41118946,0,291.336,0.3154799999999993,0
3116,CNS(=O)(=O)c1ccc(c(c1)C(=O)N2CC[C@@H](C2)C(=O)N)Cl,C41131308,0,345.8080000000001,0.1954999999999999,0
3117,CS(=O)(=O)c1cc(cc(c1)N)C(=O)NCCn2cccn2,C42806559,0,308.363,0.2987999999999995,0
3118,CS(=O)(=O)c1cc(c(c(c1)Cl)[C@@H](CCO)N)[N+](=O)[O-],C44236185,0,308.74300000000005,1.0338999999999998,0
3119,c1c(cncc1S(=O)(=O)NCc2c[nH]nc2)C#CCO,C44257217,0,292.32000000000005,-0.3729999999999999,0
3120,Cc1c(c[nH]n1)CNS(=O)(=O)c2cc(cnc2)C#CCO,C44257225,0,306.3470000000001,-0.06457999999999997,0
3121,c1ccc(cc1)S(=O)(=O)CCNC(=O)c2c(nccn2)N,C47422751,0,306.347,0.2625000000000001,0
3122,C1CS(=O)(=O)C[C@@H]1CNC(=O)CCSCC(=O)N,C48438941,0,294.398,-0.8540999999999976,0
3123,Cc1nc(cs1)/C=C/C(=O)Nc2ccn(n2)CC(=O)N,C48821458,0,291.336,0.7852199999999998,0
3124,CN(CC(=O)NNC(=S)NCC(F)(F)F)S(=O)(=O)C,C49496842,0,322.334,-1.0645999999999989,0
3125,c1cc(oc1)/C=C/C(=O)N2CCC(CC2)CNC(=O)C(=O)N,C49523588,0,305.334,0.13290000000000018,0
3126,c1cc(cc(c1)S(=O)(=O)N2CC[C@@H](C2)CO)S(=O)(=O)N,C51886137,0,320.392,-0.6630999999999991,0
3127,c1cc2c(cc1N)C(=O)N(S2(=O)=O)CCC(=O)NC3CC3,C54049915,0,309.34700000000004,0.08199999999999985,0
3128,C[C@@]1(NC(=O)CN[C@H](C(=O)O)C2CC2)CCS(=O)(=O)C1,C54523218,0,304.36800000000005,-0.8673999999999986,0
3129,c1c(nc(s1)N)C(=O)N(CCO)[C@H]2CCS(=O)(=O)C2,C55187462,0,305.38100000000003,-0.6530999999999996,0
3130,c1cc2c(cc1Br)N(C(=O)[C@@H]2N)CCOCCO,C40229213,0,315.16700000000003,0.8043999999999998,0
3131,Cc1nc(cs1)CSCCC(=O)Nc2cnn(c2)CC(=O)N,C58311658,0,339.4460000000001,1.3953199999999997,0
3132,c1ccc2c(c1)c(c[nH]2)CC(=O)NNC(=O)c3ccc[n+](c3)[O-],C22024174,0,310.313,0.8049999999999997,0
3133,c1c(cc(c2c1[C@@H](C(=O)N2CC(=O)NCCC#N)N)Br)F,C42079485,0,355.1669999999999,0.96448,0
3134,c1cc2c(c(c1)Br)N(C(=O)[C@@H]2N)CC(=O)NCCC#N,C42100576,0,337.1770000000001,0.8253799999999996,0
3135,c1cc(c2c(c1F)N(C(=O)[C@@H]2N)CC(=O)NCCC#N)Cl,C42119084,0,310.716,0.8553799999999998,0
3136,Cc1cc2c(c(c1)F)N(C(=O)[C@@H]2N)CC(=O)NCCOC,C49279077,0,295.3140000000001,0.24311999999999978,0
3137,Cc1cc(cc2c1N(C(=O)[C@@H]2N)CC(=O)NCCOC)Br,C49279080,0,356.21999999999997,0.8665200000000003,0
3138,C[C@@H](COC)NC(=O)CN1c2cccc(c2[C@@H](C1=O)N)Br,C49291595,0,356.22,0.9465999999999994,0
3139,c1cc(=O)n(cc1N)CC(=O)NC[C@@H]2CCS(=O)(=O)C2,C61091383,0,299.35200000000003,-1.0185999999999993,0
3140,c1cc(=O)n(cc1N)CC(=O)NC[C@H]2CCS(=O)(=O)C2,C61091384,0,299.35200000000003,-1.0185999999999993,0
3141,C[C@](CCSc1n[nH]c(=O)n1C1CC1)(NC1CC1)C(=O)O,C61607781,0,312.3950000000001,0.9837999999999993,0
3142,CN(C)CCN[C@@H]1C(=O)C(=O)/C1=N\CCCN1CCN(C)CC1,C61717500,0,323.4410000000001,-1.2634999999999956,0
3143,c1cc(ccc1N)OCCNS(=O)(=O)[C@H]2CCS(=O)(=O)C2,C63130572,0,334.4190000000001,-0.24589999999999956,0
3144,CS(=O)(=O)CCS(=O)(=O)NCCOc1cccc(c1)N,C63142093,0,322.408,-0.3883999999999989,0
3145,C1C(=N[C@H](S1)NC(=O)[C@@H]2C=CC=NC2=S)CC(=O)N,C39791410,0,296.37700000000007,0.03359999999999996,0
3146,Cc1c(c(=O)n([nH]1)C2=NC(=O)C[C@@H](N2)c3ccccc3F)CCO,C39323465,0,332.3350000000001,0.6240199999999994,0
3147,c1cc(ccc1NC(=O)C(=O)[C@@H]2C=CC=N2)S(=O)(=O)N,C65083624,0,293.3040000000001,-0.1492000000000001,0
3148,Cn1c(n[nH]c1=S)CNC(=O)CCNC(=O)c2ccsc2,C66625792,0,325.419,0.9754900000000001,0
3149,CC(C)n1c(n[nH]c1=S)CNC(=O)CCCNC(=O)C2CC2,C66640864,0,325.4380000000001,1.4441899999999994,0
3150,c1cc(ccc1NS(=O)(=O)CC[C@H]2C(=O)NC(=O)N2)F,C04429540,0,301.2989999999999,0.1655000000000001,0
3151,c1ccc(cc1)/C=C/C(=O)NCC(=O)NNC(=O)c2ccccn2,C08196942,0,324.34000000000003,0.6721999999999992,0
3152,C1CCC(CC1)c2nnc(n2N)SCC(=O)NCCC#N,C08984684,0,308.4110000000001,1.16158,0
3153,C1CC[C@@H]2[C@@H](C1)C(=O)N(C2=O)CC(=O)NNC(=S)NC3CC3,C15909161,0,324.40600000000006,-0.18069999999999853,0
3154,CCn1cc(c(n1)C(=O)NCCn2cc(cn2)Br)N,C02537401,0,327.18600000000004,0.8741999999999999,0
3155,c1cc(ccc1N2C(=O)[C@H](SC2=O)CC(=O)NCCCO)O,C16905770,0,324.3580000000001,0.8492999999999995,0
3156,C[C@H](C(=O)Nc1c(ccs1)C(=O)N)Sc2nncn2C,C18516651,0,311.392,1.0948000000000002,0
3157,Cc1cc(n(n1)CC(=O)NCc2cccc(c2)n3cccn3)N,C19743056,0,310.36100000000005,1.2758199999999995,0
3158,Cc1ccc(cc1C)n2nc(c(n2)C(=O)NCCO)CO,C21149103,0,290.32300000000004,0.0985399999999998,0
3159,Cc1ccc(cc1)n2nc(c(n2)C(=O)NC[C@H](C)O)CO,C21172570,0,290.32300000000004,0.17861999999999995,0
3160,Cc1cnc(cn1)C(=O)NCc2ccc(cc2)CS(=O)(=O)N,C24609998,0,320.374,0.5035199999999999,0
3161,c1cc2c(cc1S(=O)(=O)NCC(=O)NC3CC3)CC(=O)N2,C36105289,0,309.34700000000004,-0.26189999999999997,0
3162,c1cc(c(cc1S(=O)(=O)N)F)OCCN2CCNC2=O,C37368692,0,303.315,-0.12290000000000018,0
3163,c1csc2n1c(c(n2)Cl)S(=O)(=O)NCCCC(=O)N,C37659667,0,322.79900000000015,0.5929999999999999,0
3164,CS(=O)(=O)CCNC(=O)c1ccn(n1)c2ccccc2N,C37750171,0,308.36300000000006,0.22889999999999933,0
3165,c1ccnc(c1)SCC(=O)c2c(n(c(=O)[nH]c2=O)C3CC3)N,C08395661,0,318.3580000000001,0.8237000000000001,0
3166,CN(Cc1cccs1)S(=O)(=O)c2cnc(nc2)NN,C41071270,0,299.381,0.6444000000000003,0
3167,c1ccc2c(c1)[C@@H](CCO2)NC(=O)NCCNc3cnccn3,C43165987,0,313.361,1.7115,0
3168,CCNc1nnc(s1)SCCC(=O)NC(=O)NC,C44121589,0,289.386,0.9077,0
3169,N[C@@H](Cc1ccc(-c2ccc(Cl)c([N+](=O)[O-])c2)o1)C(=O)O,C44288034,0,310.69300000000004,2.4626,0
3170,COc1cc(CNCc2nnn[nH]2)cc(Br)c1O,C44928040,0,314.14300000000003,0.9661999999999995,0
3171,c1cc2c(cc1S(=O)(=O)Nc3cnn(c3)CC(=O)N)CCC2,C47251721,0,320.37400000000014,0.6579,0
3172,c1cc(ccc1CCNC(=O)c2cnsn2)S(=O)(=O)N,C47609099,0,312.3760000000001,0.15800000000000008,0
3173,CNS(=O)(=O)c1ccc(s1)CNC(=O)c2cc[nH]n2,C48502428,0,300.36499999999995,0.3093,0
3174,Cc1c(cccc1NC(=O)C(=O)NC[C@H]2CCCO2)C(=O)NC,C48587883,0,319.361,0.5883200000000004,0
3175,Cc1c(sc(n1)NC(=O)c2cnsn2)SCC(=O)N,C48890974,0,315.40500000000014,1.1327199999999995,0
3176,CC(C)N(C)S(=O)(=O)Nc1cccc(c1)S(=O)(=O)N,C49042868,0,307.3970000000001,0.3309000000000003,0
3177,COCCNC(=O)NNC(=O)c1cc(cnc1)Br,C49143922,0,317.14300000000003,0.43450000000000005,0
3178,C1CC1C(=O)NCCNC(=O)Nc2nnc(s2)C(F)F,C49459454,0,305.31,1.1233999999999995,0
3179,COc1cc(c(cc1OC)NS(=O)(=O)C2CCOCC2)N,C50199161,0,316.37900000000013,1.2066999999999997,0
3180,Cc1nc(cn1C)S(=O)(=O)NCCOc2ccccc2N,C50252838,0,310.379,0.6680199999999995,0
3181,c1csc2n1c(c(n2)N)S(=O)(=O)NCC[C@H]3CCCO3,C50674384,0,316.40800000000013,0.8253999999999995,0
3182,c1csc2n1c(c(n2)N)S(=O)(=O)N(CCO)C3CC3,C50692121,0,302.38100000000003,0.12339999999999957,0
3183,C#CCNC(=O)CNC(=O)C(=O)Nc1cccc2c1ccnc2,C51808397,0,310.31300000000005,0.03889999999999949,0
3184,c1ccc2c(c1)ccn2CCC(=O)Nc3cnn(c3)CC(=O)N,C53413799,0,311.3450000000001,1.351899999999999,0
3185,c1cocc1C(=O)NCC(=O)Nc2cc(c[nH]c2=O)C(F)(F)F,C53746767,0,329.23400000000004,1.3552,0
3186,Cc1cc(cc(c1)NC(=O)CC(=O)NCCN2CCNC2=O)C,C55385507,0,318.377,0.7734399999999995,0
3187,C[C@H]1C(=O)N(c2cc(c(cc2N1)OC)OC)C[C@@H](CO)O,C57932067,0,296.32300000000004,0.20400000000000007,0
3188,c1cc(ccc1S(=O)(=O)N)S(=O)(=O)NC[C@H]2CCOC2,C58603798,0,320.3920000000001,-0.35119999999999973,0
3189,c1c(c(cc2c1OCCCO2)Cl)NC(=O)C(=O)NCCCO,C57922966,0,328.75200000000007,0.9383999999999995,0
3190,C[C@@](CNC(=O)C(=O)Nc1ccc2c(c1)OCCO2)(C3CC3)O,C61976703,0,320.3450000000001,0.6734999999999991,0
3191,C#Cc1cccc(c1)NC(=O)C(=O)NCCNC(=O)c2ccco2,C41372124,0,325.32400000000007,0.7455999999999993,0
3192,CCc1cccc(c1NC(=O)[C@@H](C)n2c(c(nn2)C(=O)N)C)C,C62272492,0,315.37700000000007,1.7559399999999998,0
3193,C[C@H]1C(=O)Nc2cc(ccc2O1)S(=O)(=O)NCCCO,C62562185,0,300.33600000000007,0.06669999999999987,0
3194,C#CCNC(=O)CCNC(=O)NCc1ccc2c(c1)OCO2,C64623886,0,303.3180000000001,0.35399999999999965,0
3195,c1cc(sc1)CCNC(=O)NNC(=O)Cn2cccn2,C65201625,0,293.352,0.5176999999999993,0
3196,CCNC(=O)CNC(=O)C(=O)Nc1cccc2c1nc(cc2)C,C65621588,0,314.345,0.7340199999999996,0
3197,Cn1cc(cn1)CNC(=O)NNC(=O)Cc2ccccc2F,C66925392,0,305.31300000000005,0.6323000000000002,0
3198,Cc1ccsc1C(=O)NNC(=O)NCCCS(=O)(=O)C,C67067031,0,319.4080000000001,0.43522000000000016,0
3199,Cc1cccc(c1)C(=O)NNC(=O)CNC(=O)c2ccoc2C,C67181568,0,315.32900000000006,1.0874399999999997,0
3200,C[C@@H](Sc1nnc(CNC(=O)c2ccccc2)o1)C(=O)O,C05107329,0,307.3310000000001,1.5648,0
3201,COc1cccc2c1c(NC(=O)CSCC(=O)O)nn2C,C00147660,0,309.347,1.3381999999999998,0
3202,CC[C@H](C)[C@@H](NC(=O)c1cccc([N+](=O)[O-])c1C)C(=O)O,C19269959,0,294.307,2.13232,0
3203,CCOC(=O)c1sc(NC(=O)/C=C/C(=O)O)nc1C,C19827952,0,284.29300000000006,1.2075200000000001,0
3204,COC(=O)CNS(=O)(=O)c1ccc(CC(=O)O)s1,C19981608,0,293.322,-0.17350000000000004,0
3205,CCN(CC)C(=O)Cc1n[nH]c(O)c1C(=O)N(CC)CC,C05501867,0,296.37100000000004,1.0081999999999995,0
3206,CCNC(=O)C[C@@H]1SC(NN=Cc2ccc(C)o2)=NC1=O,C28050415,0,308.36300000000006,1.03572,0
3207,Cc1ccccc1CNS(=O)(=O)c1cnn(CC(=O)O)c1,C35651796,0,309.34700000000004,0.7546200000000001,0
3208,O=C(O)Cn1cccc(OCC(=O)Nc2ccccc2)c1=O,C36223355,0,302.286,0.9504000000000001,0
3209,CCC[C@](C)(NC(=O)c1cccc([N+](=O)[O-])c1C)C(=O)O,C36337540,0,294.307,2.27642,0
3210,CCC[C@H](NC(=O)/C=C/c1ccc([N+](=O)[O-])cc1)C(=O)O,C36831835,0,292.291,1.9775,0
3211,O=C(O)c1cc(S(=O)(=O)NC[C@@H]2CCCO2)cn1C1CC1,C36864010,0,314.36300000000006,0.9784999999999995,0
3212,O=C(O)CCS(=O)(=O)Nc1cccc(Cn2ccnc2)c1,C37005087,0,309.34700000000004,1.1477999999999995,0
3213,CCN(CC)C(=O)[C@H](C)Sc1nc(=O)[nH]c(C)c1C(=O)O,C37404579,0,313.379,1.12552,0
3214,CSc1ccc(C(=O)N[C@H](C(=O)O)C(C)C)cc1[N+](=O)[O-],C37407812,0,312.34700000000004,2.1557000000000004,0
3215,CC[C@@H](C)[C@H](NC(=O)c1cc(F)ccc1[N+](=O)[O-])C(=O)O,C37669184,0,298.27000000000004,1.9629999999999999,0
3216,CC[C@H](C)[C@@H](NC(=O)c1cc(F)ccc1[N+](=O)[O-])C(=O)O,C37669187,0,298.27000000000004,1.9629999999999999,0
3217,CCC[C@@](C)(NC(=O)c1cc(F)ccc1[N+](=O)[O-])C(=O)O,C37669215,0,298.27000000000004,2.1070999999999995,0
3218,CC(C)N(CCCO)C(=O)c1ccc(-c2nnn[nH]2)cc1,C38098838,0,289.339,1.0996999999999997,0
3219,O=C(O)COc1ccc(/C=N/n2c(C3CC3)n[nH]c2=S)cc1,C39716642,0,318.358,2.16369,0
3220,COc1cc(OC)c([C@H](O)COCC(=O)O)c(OC)c1,C41072376,0,286.28,0.8469999999999998,0
3221,CCN(C(=O)NC(=O)COCC(=O)O)c1cccc(C)c1,C41074070,0,294.307,1.15872,0
3222,COC[C@@H](O)CN(C)C(=O)N(CCC(=O)O)C(C)(C)C,C42527090,0,290.36,0.6207000000000003,0
3223,COC(=O)[C@@H](C)CN(C)C(=O)NC1(C(=O)O)CCCCC1,C42711310,0,300.35500000000013,1.2243999999999993,0
3224,COC(=O)[C@H](C)CN(C)C(=O)NC1(C(=O)O)CCCCC1,C42711313,0,300.35500000000013,1.2243999999999993,0
3225,COc1ccc(SCC(=O)N[C@@H](C)c2nnn[nH]2)cc1,C44888306,0,293.35200000000003,1.1777999999999995,0
3226,O=C(CCOc1cccc(Cl)c1)NCc1nnn[nH]1,C44928892,0,281.703,0.9383999999999997,0
3227,CCN(Cc1cccs1)C(=O)Nc1cnn(CC(=O)O)c1,C48971054,0,308.363,2.0831999999999997,0
3228,O=C(O)c1cc(S(=O)(=O)NCCn2cccn2)ccc1F,C49076157,0,313.31,0.6988999999999992,0
3229,CCCc1nnc(S)n1CC(=O)N[C@H](C)C(=O)OCC,C49252140,0,300.38400000000007,0.5871,0
3230,C[C@@H](COCC(F)(F)F)NC(=O)/C(O)=N/c1nncs1,C49416701,0,312.273,1.2096999999999998,0
3231,C[C@@H](CNC(=O)CCN1C(=O)c2ccccc2C1=O)C(=O)O,C49474730,0,304.3020000000001,0.5095999999999994,0
3232,COC[C@@H](O)CN(C)c1cnc(C(C)C)nc1C(=O)O,C50364276,0,283.32800000000003,0.7417,0
3233,CCCn1cc(S(=O)(=O)N[C@@H](C)CC#N)cc1C(=O)O,C50391850,0,299.35200000000003,1.1767800000000002,0
3234,Cn1cnc(S(=O)(=O)N[C@H](CC(=O)O)c2ccccc2)c1,C52096028,0,309.347,0.914399999999999,0
3235,COCC[C@H](Nc1c([N+](=O)[O-])ccc(F)c1F)C(=O)O,C53162499,0,290.22200000000004,1.7745999999999997,0
3236,CCOCCC(=O)Nc1nnc(SCC(=O)O)s1,C53732827,0,291.354,1.0799000000000003,0
3237,CCn1cc(S(=O)(=O)NC[C@@H](C)C#N)cc1C(=O)O,C54156629,0,285.325,0.6441800000000002,0
3238,O=C(CCN1CCCCO1)NCCc1nc(C(=O)O)cs1,C55404335,0,313.37899999999996,0.9174999999999998,0
3239,CCCOc1ccc([C@]2(C)NC(=O)N(CC(=O)O)C2=O)cc1,C57842285,0,306.318,1.3269999999999997,0
3240,C=C(C)COc1ccc([C@]2(C)NC(=O)N(CC(=O)O)C2=O)cc1,C57842314,0,318.329,1.4930999999999999,0
3241,C[C@@H](C(=O)O)S(=O)(=O)Nc1ccc(OCCN(C)C)cc1,C49050362,0,316.379,0.8417999999999999,0
3242,CCCn1c(SC[C@H]2CC[C@H](C(=O)O)O2)n[nH]c1=O,C61593701,0,287.34099999999995,0.7056999999999998,0
3243,CCCNc1ncccc1S(=O)(=O)Nc1cnoc1,C61685956,0,282.325,1.6922999999999997,0
3244,C[C@H](CC(=O)O)CC(=O)NCCc1nnc2ccccn12,C61835279,0,290.323,0.8888999999999991,0
3245,C[C@@H](CC(=O)O)CC(=O)Nc1ccc(S(C)(=O)=O)nc1,C61835469,0,300.33600000000007,0.9244999999999999,0
3246,CCC1(C(=O)O)CCN(C(=O)NCCC(=O)OC)CC1,C62846911,0,286.32800000000003,0.8358999999999999,0
3247,CCOC(=O)CCNC(=O)N1CCC[C@@](C)(C(=O)O)C1,C62876268,0,286.328,0.8358999999999999,0
3248,CC1=C([C@@H](NC(=O)COc2cccc(C)c2)C(=O)O)[C@@H](C)N=N1,C65372051,0,317.345,2.07152,0
3249,CCn1cnnc1CN(C)Cc1ccc(O)c(C(=O)O)c1,C67642388,0,290.32300000000004,1.3338,0
3250,Cc1cc(C)c([C@H](O)[C@H](NC(=O)OC(C)(C)C)C(=O)O)cc1C,C04299288,0,323.389,2.6231600000000004,0
3251,O=C(O)CCCNC(=O)/C(=C/c1ccccc1)NC(=O)c1ccccc1,C02097508,0,352.39000000000016,2.4385000000000003,0
3252,O=C(CCSc1ccc(F)cc1)N[C@@H](Cc1c[nH]c2ccccc12)C(=O)O,C09550283,0,386.4480000000001,3.601300000000001,0
3253,Cc1cccc(CN[C@@H](c2ccc([N+](=O)[O-])cc2)P(=O)(O)O)c1,C12997510,0,336.28400000000005,2.869320000000001,0
3254,O=C(O)c1cc(S(=O)(=O)Nc2ccc(OC(F)F)cc2)ccc1O,C13346205,0,359.30600000000004,2.492600000000001,0
3255,Cc1ccc(OCC(=O)NNC(=O)[C@H]2[C@H]3C=C[C@H](C3)[C@@]2(C)C(=O)O)cc1,C16447861,0,358.3940000000002,1.4342199999999992,0
3256,Cc1n[nH]c(-c2ccc(OCC(=O)O)cc2O)c1Oc1ccccc1,C09244094,0,340.33500000000004,3.346420000000001,0
3257,CC(C)OCCCNC(=O)c1c(O)c2c([nH]c1=O)CCCC2,C06015145,0,308.37800000000016,1.5042,0
3258,Nn1c(Cc2cccs2)nnc1SCc1ccc(C(=O)O)o1,C20395335,0,336.3980000000001,2.2277,0
3259,C/C(=N\[C@@H](CO)[C@H](O)c1ccc([N+](=O)[O-])cc1)C1=C(O)C[C@@H]2[C@H]1C2(C)C,C03984838,0,360.41000000000014,2.9380000000000015,0
3260,Cc1cc(O)c2c(C)c(CC(=O)NCCCC(=O)O)c(=O)oc2c1,C20412614,0,333.34000000000003,1.6389399999999998,0
3261,Nn1c(SCC(=O)O)nnc1-c1cccc(OC(F)F)c1,C20588248,0,316.289,1.4369999999999998,0
3262,O=C(O)c1cc(S(=O)(=O)NCCc2ccccc2F)c[nH]1,C21026934,0,312.322,1.3729999999999996,0
3263,C[C@H](NC(=O)[C@@H](C)Nc1ccc(NS(C)(=O)=O)cc1)c1ccccc1,C23628615,0,361.4670000000001,2.735900000000001,0
3264,CCCOc1ccc([C@H](Nc2ccc(F)cc2)P(=O)(O)O)cc1,C12998743,0,339.303,3.9029000000000034,0
3265,CC#CC[C@@H](C)[C@H](O)/C=C/[C@H]1[C@H]2c3cccc(CCCC(=O)O)c3O[C@H]2C[C@H]1O,C27642591,0,398.49900000000014,3.285900000000002,0
3266,O=C(O)CCC(=O)Nc1ccc(NCCC2=CCCCC2)cn1,C31966065,0,317.3890000000001,3.1873000000000022,0
3267,CCCC(=O)NNC(=O)c1c(O)n(CCC)c2ccccc2c1=O,C05844540,0,331.372,1.6781999999999995,0
3268,Cc1cc(C(=O)NCCCC(=O)O)c(NC(=O)CC(C)C)s1,C33519995,0,326.418,2.635720000000001,0
3269,O=C(O)CCNC(=O)/C(=C\C=C\c1ccccc1)NC(=O)c1ccccc1,C02083255,0,364.4010000000001,2.6046000000000005,0
3270,O=C(O)CCCNC(=O)/C(=C\c1ccccc1F)NC(=O)c1ccccc1,C02257390,0,370.3800000000001,2.5776000000000012,0
3271,NC(=O)COc1cccc(NS(=O)(=O)c2cnc(Cl)s2)c1,C38107680,0,347.80500000000006,1.4613999999999998,0
3272,O=C(O)[C@@H](Cc1c[nH]c2ccccc12)NS(=O)(=O)c1ccc(Cl)cc1,C03886296,0,378.8370000000001,2.7955000000000005,0
3273,O=C(CCn1c(S)nnc1-c1ccc(F)cc1)NNC(=O)C1CC1,C09747467,0,349.3910000000001,1.3204,0
3274,CC[C@H]1NN=C(NC(=O)CCc2c(C)nc(SC)nc2O)S1,C39747020,0,341.462,1.60482,0
3275,C=CCOc1ccc(C(=O)C2=C(O)C(=O)N[C@H]2c2ccc(O)cc2)cc1C,C40123857,0,365.38500000000005,3.1313200000000014,0
3276,CC(C)(C)OC(=O)N[C@H](Cc1c[nH]c2cc(F)ccc12)C(=O)O,C02583088,0,322.33600000000007,2.827400000000001,0
3277,CCc1ccc(Nc2nc(CC(=O)N[C@@H](CC)C(=O)O)cs2)cc1,C41285908,0,347.44,2.971000000000001,0
3278,CN[C@@](CSc1nccc(O)n1)(C(=O)O)c1ccccc1,C45549159,0,305.35900000000004,1.4738000000000002,0
3279,O=C(NCCc1ccc(OC(F)F)cc1)c1ccc2c(O)[nH]c(=S)nc2c1,C46660900,0,391.39900000000006,3.5718900000000016,0
3280,Cc1nc(S)sc1CC(=O)NCCNC(=O)C(C)C,C48609455,0,301.437,1.1711199999999995,0
3281,O=C(CSC/C(O)=N/c1ncn[nH]1)Nc1ccc2ccccc2c1,C19850722,0,341.3960000000001,2.9178000000000006,0
3282,CCCc1cc(O)nc(SCC[C@](C)(N)C(=O)OCC)n1,C45581547,0,313.423,1.8974,0
3283,C[C@H](CNC(=O)CNC(=O)c1ccccc1Br)C(=O)O,C54310577,0,343.177,1.0157999999999991,0
3284,O=C(Cn1c(S)nnc1-c1ccc(Cl)cc1)NCCc1ccc(O)cc1,C54632257,0,388.8800000000001,2.9517000000000007,0
3285,CC(=O)NCCc1ccc(S(=O)(=O)Nc2cccc3c[nH]nc23)cc1,C55581201,0,358.42300000000006,2.0423,0
3286,NC(=O)CCOc1ccc(NS(=O)(=O)c2ccc(Cl)s2)cc1,C55594426,0,360.84400000000005,2.4565,0
3287,O=C(NCCO)c1ccc(NS(=O)(=O)c2ccc(F)cc2Cl)cc1,C55621972,0,372.80500000000006,2.002,0
3288,CCc1nnsc1C(=O)N/N=C(/S)NCC(F)(F)F,C49496715,0,313.33,1.183,0
3289,O=C(O)COc1ccccc1/C=N/NC(=O)c1c[nH]c2ccccc12,C03474247,0,337.33500000000004,2.3952,0
3290,CCOC(=O)C1=C(N=C([N-][C@@H]1c2ccccc2)SCCC(=O)N)C,C51187246,0,346.4320000000002,2.9167000000000005,-1
3291,Cc1nc(SCc2ccc(C(=O)O)o2)[nH]c(=O)c1CCO,C20395165,0,310.3310000000001,1.1966199999999998,0
3292,CC(C)CCNC(=O)NCCCc1ccc(NS(C)(=O)=O)cc1,C62104926,0,341.47700000000003,2.3360000000000003,0
3293,Cc1cccc(C)c1OC[C@@H](O)CNC(=O)c1c(O)nnc(C)c1C,C63105082,0,345.39900000000006,1.5855799999999995,0
3294,CCCS(=O)(=O)Nc1ccccc1C(=O)Nc1ccc2[nH]ncc2c1,C63725934,0,358.42300000000006,2.9669000000000008,0
3295,O=C(/C=C/c1cccc(Cl)c1)N[C@@H](Cc1c[nH]c2ccccc12)C(=O)O,C64873376,0,368.8200000000001,3.6466000000000003,0
3296,CCCS(=O)(=O)Nc1cccc(NC(=O)c2ccc(=O)[nH]c2)c1C,C64900961,0,349.4120000000001,2.08732,0
3297,CCS(=O)(=O)Nc1ccccc1C(=O)NNC(=O)c1ccccc1,C65834357,0,347.3960000000001,1.523,0
3298,Cc1nc(N)nc(-c2ccc(OCCC(C)C)cc2)c1C(=O)O,C66134751,0,315.37300000000005,3.1573200000000012,0
3299,CS[C@H](C)c1cccc(NC(=O)NCc2ccccc2NS(C)(=O)=O)c1,C67579423,0,393.5340000000001,3.8038000000000016,0
3300,CCCc1nc2c(o1)NC(=C([C@H]2c3ccc(cc3)OCC(=O)N)C#N)N,C01073807,0,353.3820000000002,1.7424799999999994,0
3301,c1cc(sc1)C(=O)NNC(=O)C[C@@H](c2ccc(cc2)Cl)NC(=O)N,C06509800,0,366.83,1.9621999999999997,0
3302,COc1cc(c(cc1OCC(=O)N)Br)/C=N/NC(=S)N,C13747668,0,361.221,0.48889999999999995,0
3303,Cc1ccc(o1)/C=C/C(=O)NC(=S)NNC(=S)N,C06521027,0,284.36600000000004,0.34011999999999976,0
3304,Cc1cc(nc2c1cccc2)N/N=C/[C@@H]([C@@H]([C@H](CO)O)O)O,C15774985,0,305.33400000000006,0.015919999999998935,0
3305,Cc1ccccc1NC(=O)CCSc2nnc(n2N)NN,C20922047,0,307.383,0.7068199999999996,0
3306,Cc1cc(c(n1c2ccccc2)C)/C=C/C(=O)NC(C(=O)N)C(=O)N,C23881183,0,340.38300000000015,0.5627399999999998,0
3307,CCc1cccc(c1NC(=O)[C@@H](C)SCc2nc(nc(n2)N)N)C,C29351736,0,346.4600000000001,2.1672199999999995,0
3308,CC(C)(C)Oc1c(ccc(n1)NCCS(=O)(=O)N)N,C36744661,0,288.37300000000005,0.5415000000000003,0
3309,c1c(cc(c(c1S(=O)(=O)NCCCC(=O)N)F)Cl)N,C37658420,0,309.75,0.6051,0
3310,c1ccc(c(c1)C(=S)N)S(=O)(=O)NCCCC(=O)N,C37660484,0,301.39300000000003,-0.1353999999999994,0
3311,CC(C)(C)NNc1c(c(ncn1)NCc2cccnc2)N,C40686697,0,287.37100000000004,1.7808999999999997,0
3312,c1cc(ccc1C(=O)NNc2c(c(ncn2)NC[C@H]3CCCO3)N)F,C40687086,0,346.36600000000016,1.5456999999999996,0
3313,COCCNc1c(c(ncn1)NNC(=O)c2cccc(c2)Cl)N,C40783940,0,336.78300000000013,1.5273999999999999,0
3314,CC(C)CCNc1c(c(ncn1)NNC(=O)c2ccccn2)N,C40794243,0,315.38100000000003,1.6686999999999999,0
3315,C=CCNC(=S)NNC(=O)c1cc(ccc1Cl)S(=O)(=O)N,C41961336,0,348.8370000000001,0.28229999999999966,0
3316,C=CCNC(=S)NNC(=O)CNC(=O)NCc1ccc(cc1)F,C42012073,0,339.396,0.30620000000000075,0
3317,Cc1ccc(cc1)OCCCC(=O)NC(C(=O)N)C(=O)N,C42788555,0,293.32300000000004,-0.3905799999999983,0
3318,Cc1nc(cs1)CSCC(=O)NC(C(=O)N)C(=O)N,C42789240,0,302.38100000000003,-0.859879999999998,0
3319,c1ccc2c(c1)c(c[nH]2)C[C@@H](C(=O)NNC(=O)[C@@H]3CCCO3)NC(=O)N,C42968258,0,359.38600000000014,0.07370000000000049,0
3320,CCCc1nc(c(s1)C(=O)NC(C(=O)N)C(=O)N)C,C43009350,0,284.341,-0.5269799999999991,0
3321,c1ccc(c(c1)N)OCC(=O)NCCCS(=O)(=O)N,C45063724,0,287.341,-0.5575999999999997,0
3322,CCCC(CCC)(C(=S)N)C(=O)NCCCS(=O)(=O)N,C45089058,0,323.48400000000004,0.6539000000000018,0
3323,c1cnc(cc1CNC(=O)NNC(=O)N)OCC(F)(F)F,C45937171,0,307.23199999999997,0.4051999999999998,0
3324,CCOCCCNC(=S)NNC(=O)[C@H](C)NC(=O)N,C46585580,0,291.3770000000001,-1.0348999999999984,0
3325,c1cc(cc(c1)C(=O)N)CSCCC(=O)NC(=O)N,C47463410,0,281.337,0.6037000000000001,0
3326,c1ccc(cc1)C(=O)NNC(=O)CCCCNC(=O)N,C28201670,0,278.31199999999995,0.2862000000000006,0
3327,c1cc(sc1)C(=O)NNC(=O)CCCCCNC(=O)N,C47837215,0,298.368,0.7378,0
3328,CCCNC(=S)NNC(=O)[C@H]([C@H](C)CC)NC(=O)N,C48087954,0,289.40500000000003,-0.025299999999999045,0
3329,C1CCC(C1)C(=O)NNC(=O)CCCCCNC(=O)N,C48455187,0,284.35999999999996,0.5527000000000006,0
3330,CCC[C@H](C(=O)NNC(=O)c1cccnc1)NC(=O)N,C49084817,0,279.30000000000007,-0.3203999999999995,0
3331,CCC[C@H](C(=O)NCCNS(=O)(=O)C)NC(=O)N,C49087828,0,280.35,-1.511199999999997,0
3332,c1cnc(c(n1)C(=O)NNC(=S)NCC(F)(F)F)N,C49496698,0,294.262,-0.2699999999999999,0
3333,CC[C@H](C)NC(=O)CCNC(=O)c1cc(ccn1)NN,C51123910,0,279.344,0.401800000000001,0
3334,c1ccc(c(c1)C(=O)N)NC(=O)/C=C/c2ccc(cc2)OCC(=O)N,C52735724,0,339.3510000000001,1.3015,0
3335,CC1CCC(CC1)(CO)NC(=O)[C@@H](CCSC)NC(=O)N,C53103555,0,317.45500000000004,0.833800000000001,0
3336,c1ccc(c(c1)C(=O)NC(=S)NNC(=S)N)[N+](=O)[O-],C12501168,0,299.33700000000005,-0.052700000000000025,0
3337,Cc1ccccc1[C@@H](CC(=O)NNC(=O)c2cccnc2)NC(=O)N,C58687697,0,341.3710000000001,0.95072,0
3338,Cc1ccccc1[C@H](CC(=O)NNC(=O)c2cccnc2)NC(=O)N,C58687701,0,341.3710000000001,0.95072,0
3339,C=C(c1cc(ccc1O)O)NNC(=O)CNC(=O)c2ccco2,C04581992,0,317.30100000000004,0.7122999999999999,0
3340,c1ccc(cc1)[C@@H](C(=S)N)C(=O)NCCS(=O)(=O)N,C61616141,0,301.39300000000003,-0.5389999999999988,0
3341,c1cc(sc1CN(CC(=O)N)CC(=O)N)C#CCO,C61808474,0,281.337,-1.135499999999999,0
3342,c1csc(c1C#CCCO)CN(CC(=O)N)CC(=O)N,C61808488,0,295.364,-0.7453999999999992,0
3343,c1cc(ccc1C2=NN=C[C@H]2CNC(=O)CS[C@H]3NN[C@@H](S3)N)F,C63833104,0,368.46299999999997,0.44669999999999965,0
3344,c1ccc(c(c1)C(=O)N)NC(=O)CNC(=O)NCc2ccco2,C64851801,0,316.317,0.8163999999999996,0
3345,C[C@@H](C(=O)NCCNc1cccc(c1C#N)F)NC(=O)N,C56015950,0,293.3020000000001,0.2822799999999998,0
3346,c1cc(cc(c1)C(=O)N)CNC(=O)N2CCC[C@@H](C2)CCC(=O)N,C66120009,0,332.40400000000017,0.9726000000000008,0
3347,c1cc(cc(c1)C(=O)N)CCNC(=O)c2ccc(cc2)n3c(c(cn3)C#N)N,C66241530,0,374.4040000000001,1.39758,0
3348,CC(C)(C)OC(=O)NCCNC(=O)CCCCNC(=O)N,C67340667,0,302.37499999999994,0.4659000000000015,0
3349,Cc1nc2ccccc2n1Cc3cc(n[nH]3)C(=O)N[C@@H]([C@@H](C)O)C(=O)N,C67643571,0,356.3860000000001,0.08062000000000008,0
3350,NS(=O)(=O)c1ccc(CCNCc2cccnc2)cc1,C04413468,0,291.376,1.0612999999999992,0
3351,C[C@@H](NCc1ccc(OCC(N)=O)cc1)c1cccnc1,C20127514,0,285.347,1.7964999999999998,0
3352,COC(C)(C)C[C@@H](C)NCc1ccc(S(N)(=O)=O)cc1,C20524305,0,300.42400000000004,1.6272,0
3353,C[C@@H](C(=O)Nc1sccc1C(N)=O)N(C)Cc1cccs1,C24985736,0,323.443,2.3675000000000006,0
3354,Cc1cc2c(SCCCC(=O)NCCN)ncnc2s1,C31946934,0,310.448,1.9469199999999995,0
3355,CCCNS(=O)(=O)c1cccc(-c2csc(CN)n2)c1,C32217595,0,311.4320000000001,1.9571000000000003,0
3356,C[C@@H](NCCS(N)(=O)=O)c1ccccc1OC(F)F,C36745294,0,294.323,1.2271,0
3357,Cc1cc(N)ccc1S(=O)(=O)NCC(C)(C)CN(C)C,C37063745,0,299.44,1.44332,0
3358,C#CCNC(=O)COc1c(Br)cc(CCN)cc1OC,C37720630,0,341.2050000000001,1.0870999999999995,0
3359,CNC(=O)[C@H](C)Oc1c(Cl)cc(C[C@@H](C)N)cc1OC,C37723041,0,300.786,1.7515999999999998,0
3360,C[C@H](N)Cc1cc(Cl)cc(Cl)c1OCC(=O)NCC#N,C37728902,0,316.18800000000005,1.9016799999999996,0
3361,COc1cc([C@](C)(CO)NC[C@H]2CCCO2)ccc1O,C38114427,0,281.352,1.3768999999999998,0
3362,NCCCCCCC(=O)NCc1cccc2c1OCO2,C40667838,0,278.35200000000003,1.9406999999999994,0
3363,NCCS(=O)(=O)NCCOc1ccc(F)c(F)c1,C41435479,0,280.29599999999994,0.2216999999999998,0
3364,COc1ccc([C@H]([C@H](C)N)N2CCN(CCO)CC2)cc1,C42961079,0,293.41099999999994,0.6934000000000007,0
3365,CCOC[C@@H](C)NS(=O)(=O)c1ccc(C#CCN)c(C)c1,C44682528,0,310.41900000000004,1.0085199999999996,0
3366,NCc1ccc(CS(=O)(=O)NC[C@H]2CCCOC2)cc1,C44982658,0,298.408,0.9912999999999998,0
3367,NS(=O)(=O)CCCNCc1ccc(N2CCCCC2)cc1,C45067702,0,311.4510000000001,1.4451000000000003,0
3368,COc1cc(C)ccc1[C@H](C)NCCCS(N)(=O)=O,C45069777,0,286.397,1.3328200000000001,0
3369,Cc1cnc(SCC[C@](C)(NC2CC2)C(N)=O)nc1,C45597887,0,280.397,1.2632199999999996,0
3370,Cc1cc(N)ccc1S(=O)(=O)NCCCCN(C)C,C45665354,0,285.413,1.19732,0
3371,CN(C)CCCCNS(=O)(=O)c1cc(F)ccc1N,C45665399,0,289.37600000000003,1.0279999999999996,0
3372,C[C@H](N)Cc1cccc(Br)c1OCC(=O)NCC#N,C48797993,0,326.194,1.3573800000000003,0
3373,CCc1nccn1CCC(=O)Nc1ccccc1C(N)=S,C48822037,0,302.403,2.1085,0
3374,Nc1cnn(C[C@@H](O)CN(Cc2ccsc2)C2CC2)c1,C48952551,0,292.4080000000001,1.5522999999999998,0
3375,Nc1cnn(C[C@H](O)CN(Cc2cccs2)C2CC2)c1,C49019079,0,292.4080000000001,1.5522999999999998,0
3376,CC(C)[C@H](CN(C)C)NC(=O)c1cc(N)ccc1N(C)C,C49192061,0,292.427,1.6508000000000003,0
3377,Cc1cc(N)cc(S(=O)(=O)N[C@H](C)CCN(C)C)c1C,C49554768,0,299.44000000000005,1.50414,0
3378,C[C@@H](CCN(C)C)NS(=O)(=O)c1c(F)cc(N)cc1F,C49554825,0,307.366,1.1654999999999998,0
3379,Cc1cc(C)cc(OC[C@@H](O)CN[C@@H]2CCCNC2=O)c1,C50395813,0,292.379,0.9113399999999996,0
3380,Cc1ccc(C)c(OC[C@@H](O)CN[C@H]2CCCNC2=O)c1,C50395887,0,292.379,0.9113399999999996,0
3381,CN[C@@](C)(CCCn1nc(C)c(Br)c1C)C(N)=O,C50594841,0,317.2310000000001,1.5060399999999994,0
3382,CN(CCCN)S(=O)(=O)NCc1ccc(F)cc1F,C51017716,0,293.339,0.5798000000000003,0
3383,COCC[C@@H](N)c1ncc(-c2ccc(OC(C)C)cc2)[nH]1,C52811289,0,289.37899999999996,2.9002000000000008,0
3384,O=S(=O)(NC1CC1)c1ccc(NC[C@@H]2CCCN2)cc1,C53255241,0,295.40799999999996,1.2911999999999997,0
3385,CCN(CC)CCCn1c([C@@H](C)O)nc2cc(N)ccc21,C53736088,0,290.411,2.4036999999999997,0
3386,CCN(C)CCNS(=O)(=O)c1cc(N)c(F)cc1Cl,C54111634,0,309.794,1.2913,0
3387,Nc1ccccc1CS(=O)(=O)NCCN1CCCC1,C54111745,0,283.39700000000005,0.7839999999999998,0
3388,Cc1nnc(NCCN(C)C(C)C)c(C(N)=S)c1C,C54134525,0,281.42900000000003,1.47974,0
3389,CC(C)N(CCNc1nccnc1C(N)=S)C(C)C,C54396575,0,281.4290000000001,1.6415,0
3390,COc1cc(OC)c([C@H](O)[C@@H](N)CC(C)C)cc1OC,C54929589,0,283.368,2.1192,0
3391,CN(C)C1CCN(C[C@H](O)COc2ccc(N)cc2)CC1,C36190914,0,293.41100000000006,1.034499999999999,0
3392,NC(=O)[C@H]1CCN(CC(=O)NCCc2cccs2)C1,C48027210,0,281.38100000000003,0.21399999999999997,0
3393,CC[C@H](N)[C@@H](Sc1n[nH]c(=O)n1C1CC1)c1ccsc1,C61594536,0,310.448,2.538500000000001,0
3394,CN(CCNS(=O)(=O)c1cc(N)ccc1F)C1CC1,C61992584,0,287.36000000000007,0.7804000000000001,0
3395,CCC[C@@]1(C(=O)NCCNC(=O)C(C)C)CCCNC1,C62859083,0,283.41599999999994,1.0447000000000006,0
3396,COc1ccc(Br)cc1S(=O)(=O)NCC[C@H](C)N,C63171158,0,337.2390000000001,1.4732999999999998,0
3397,COc1ccc(S(=O)(=O)NCC[C@H](C)N)cc1Br,C63171184,0,337.239,1.4732999999999998,0
3398,O=C(NCCCO)NCC1CCN(Cc2cccs2)CC1,C64251478,0,311.4510000000001,1.6416999999999997,0
3399,CC1CCN(C[C@H](O)CNC(=O)NCC(F)(F)F)CC1,C67408820,0,297.321,0.9407000000000001,0
3400,CC1CCC2(CC1)[C@H](C(=O)NC(=C2C#N)SCC(=O)N)C#N,C03670862,0,318.4020000000001,1.4061599999999999,0
3401,Cc1c(c(nn1C)C(=O)NNC(=S)NC)Br,C02792421,0,306.189,0.22972000000000026,0
3402,c1ccc(c(c1)CNC(=O)c2ccc3c(c2)[nH]c(=O)c(=O)[nH]3)F,C07725262,0,313.288,1.2854999999999996,0
3403,c1cc(ccc1C(=S)N)S(=O)(=O)N2CCNC(=O)C2,C19470549,0,299.377,-0.5586999999999998,0
3404,C[C@H](N)c1ccc(S(=O)(=O)Nc2ccc(Cl)cn2)cc1,C20373611,0,311.79400000000004,2.555500000000001,0
3405,Cc1c2c(cc(=O)[nH]c2n(n1)CCC(=S)N)C(F)(F)F,C06404087,0,304.2969999999999,1.7280200000000001,0
3406,C[C@H](c1cccnc1)NS(=O)(=O)c2ccc(cc2C#N)N,C35691916,0,302.35900000000004,1.57498,0
3407,Cc1ccc(cc1N)NS(=O)(=O)[C@@H]2CCS(=O)(=O)C2,C36288791,0,304.3930000000001,0.5060199999999997,0
3408,Cc1c(cccc1NS(=O)(=O)[C@H]2CCS(=O)(=O)C2)N,C36296302,0,304.3930000000001,0.5060199999999998,0
3409,C[C@]1(CC(=O)[C@H]([C@@H]([C@@H]1C(=O)NC)c2cccc(c2)F)C(=O)NC)O,C36556754,0,336.36300000000006,0.35749999999999954,0
3410,Cc1c(sc(n1)N)SCC(=O)N[C@]2(CCS(=O)(=O)C2)C,C37036988,0,335.47600000000006,0.8192199999999996,0
3411,C[C@H]1CCCN(S(=O)(=O)Nc2ncc(C#CCN)s2)C1,C37552892,0,314.43600000000004,0.8418999999999999,0
3412,C[C@H]1CCCN(S(=O)(=O)Nc2cccc(C#CCN)n2)C1,C37553105,0,308.4070000000001,0.7804000000000001,0
3413,Cn1cccc1C(=O)NCc2ccc(cc2)S(=O)(=O)N,C06586254,0,293.34800000000007,0.6025000000000001,0
3414,C=CCn1c(S)nnc1[C@H]1Sc2nc(C)cc(C)c2[C@@H]1N,C39336785,0,319.45900000000006,2.61144,0
3415,CS(=O)(=O)c1cccc(c1)NS(=O)(=O)c2ccc(cc2)N,C40325814,0,326.39900000000006,1.4731,0
3416,Cc1c(c(n(n1)C)C)NS(=O)(=O)c2cc(ccc2F)N,C40327322,0,298.343,1.55904,0
3417,c1cc(sc1CNC(=O)Cn2cnc(n2)N)Br,C40335515,0,316.18399999999997,1.0007000000000001,0
3418,c1cc(c(cc1N)C#N)S(=O)(=O)NC[C@H]2CCCOC2,C40347620,0,295.3640000000001,0.8453799999999996,0
3419,Cn1cc(cn1)CNS(=O)(=O)c2cc(ccc2Cl)N,C41158546,0,300.771,1.1342,0
3420,Cc1ccc(cc1S(=O)(=O)NCc2c[nH]nc2)C#CCO,C42358169,0,305.3590000000001,0.5404200000000001,0
3421,Cc1c(c[nH]n1)CNS(=O)(=O)c2ccc(cc2)C#CCO,C42358197,0,305.3590000000001,0.5404200000000001,0
3422,CC(C)[C@H](N[C@@H]1C(=O)Nc2ccc(Br)cc21)C(=O)O,C43429559,0,327.17800000000005,2.1411,0
3423,C[C@]12CC(NC(=S)N1[C@H](C(=O)N2N)CCSC)(C)C,C02927900,0,302.46900000000005,0.8989999999999994,0
3424,N[C@@H](Cc1c(-c2ccc(Cl)cc2)nc2ccccn12)C(=O)O,C44289781,0,315.76000000000005,2.6090999999999998,0
3425,Cc1nc(cs1)CN(C)S(=O)(=O)c2ccc(c(c2)N)O,C44608841,0,313.40400000000005,1.56002,0
3426,Cc1nc(cs1)CN(C)c2ccc(cc2F)/C(=N/O)/N,C44609261,0,294.355,2.3215200000000005,0
3427,Cc1cc(no1)CNS(=O)(=O)c2c(cc(cc2F)N)F,C44687894,0,303.29,1.32192,0
3428,Cc1cc(ccc1C(=O)NC[C@H]2CCCO2)S(=O)(=O)N,C44749616,0,298.364,0.5512200000000002,0
3429,Cc1nnc(s1)NC(=O)NCc2ccc(c(c2)F)CO,C48909908,0,296.32700000000006,1.79962,0
3430,Cc1cccc(CNS(=O)(=O)c2ccc(N)cc2F)n1,C51575024,0,295.339,1.58982,0
3431,c1c(cncc1S(=O)(=O)N[C@@H]2CCCC[C@H]2O)C#CCO,C52015525,0,310.37500000000006,0.007199999999999984,0
3432,CN[C@H](C)C(=O)Nc1ccc(F)c(NS(C)(=O)=O)c1,C54074347,0,289.33200000000005,0.7435999999999995,0
3433,CC(C)(C(=S)N)NS(=O)(=O)c1ccc2c(c1)OCO2,C57630625,0,302.37700000000007,0.7583000000000002,0
3434,C[C@H](CN1C(=O)[C@H](NC1=O)c2ccc(cc2)F)C(=S)N,C57849393,0,295.339,1.3408,0
3435,Cc1cc(c2c(c1)[C@@H](C(=O)N2CC(=O)NC(C)(C)C)N)C,C42068775,0,289.379,1.5645399999999996,0
3436,CC(C)NC(=O)CN1c2c(cc(cc2Br)F)[C@@H](C1=O)N,C42079498,0,344.1840000000001,1.4591999999999998,0
3437,c1ccc2c(c1)c(cn2CC(=O)N)/C=C/3\C(=O)NC(=O)S3,C07098488,0,301.327,1.4504999999999997,0
3438,c1cc(c(cc1S(=O)(=O)N)F)NC(=O)[C@H]2CCCOC2,C54769682,0,302.3270000000001,0.8382,0
3439,Cn1c(c(c(=O)[nH]c1=O)C(=O)CSc2ccc(cc2)F)N,C05505304,0,309.322,0.7699000000000003,0
3440,Cc1cnc(cn1)CNS(=O)(=O)c2ccc(c(c2)N)F,C61320260,0,296.327,0.9848199999999998,0
3441,Cc1cnc(cn1)CNS(=O)(=O)c2cc(ccc2N)F,C61320371,0,296.327,0.9848199999999998,0
3442,Cc1ccc(S(=O)(=O)Nc2ccon2)c(C#CCN)c1,C61684520,0,291.33200000000005,1.09402,0
3443,c1ccc(cc1)[C@@H](CO)NS(=O)(=O)c2ccc(=O)[nH]c2,C63012081,0,294.332,0.3868,0
3444,Cc1c2cc(ccc2sc1C(=O)NCCS(=O)(=O)N)F,C65072466,0,316.379,1.3671200000000003,0
3445,c1ccc(c(c1)CNC(=O)c2c[nH]c3ccccc3c2=O)CO,C66049305,0,308.3370000000001,1.9503999999999997,0
3446,Cc1ccsc1C(=O)NNC(=O)c2ccc([nH]c2=O)C,C66556835,0,291.3320000000001,1.12804,0
3447,Cn1c(n[nH]c1=S)CNC(=O)Cc2c[nH]c3c2ccc(c3)F,C66625193,0,319.365,1.9569899999999993,0
3448,c1cc2c(cc[nH]2)cc1C(=O)NCc3n[nH]c(=S)n3C4CC4,C66638370,0,313.3860000000001,2.68689,0
3449,c1cc(ccc1n2c3c(c(n2)C(=O)NCC(=O)N)CCC3)F,C67509090,0,302.309,0.7151999999999995,0
3450,c1ccc2c(c1)NC(=O)[C@H](S2)CC(=O)OCC(=O)N,C04546648,0,280.305,0.5179999999999999,0
3451,c1cc(c(cc1N)S(=O)(=O)N[C@@H]2CCS(=O)(=O)C2)Cl,C19987807,0,324.81100000000004,0.3875999999999998,0
3452,c1cc(ccc1CS(=O)(=O)N[C@@H]2CCS(=O)(=O)C2)N,C20561258,0,304.3930000000001,-0.12469999999999948,0
3453,COc1ccc(c(c1)N)S(=O)(=O)N2CCC(CC2)O,C21786724,0,286.353,0.4227999999999999,0
3454,c1ccc(c(c1)CS(=O)(=O)N2CCC(CC2)O)C(=S)N,C21788589,0,314.43199999999996,0.6073000000000004,0
3455,c1cc(ccc1/C=C/C(=O)N2CCC(CC2)O)C(=O)N,C35611808,0,274.31999999999994,0.7820000000000003,0
3456,Cc1cnc(NS(=O)(=O)c2ccc([C@@H](C)N)cc2)s1,C21047169,0,297.405,2.2720200000000004,0
3457,c1cc(ncc1SCC(=O)N[C@@H]2CCS(=O)(=O)C2)N,C37192394,0,301.3930000000001,0.05919999999999981,0
3458,CNC(=O)CNS(=O)(=O)c1cccc(c1)C#CCO,C37578457,0,282.321,-0.9452999999999991,0
3459,c1ccc(cc1)S(=O)(=O)CC(=O)Nc2c(ccs2)C(=O)N,C04496389,0,324.38300000000004,1.2594,0
3460,c1ccnc(c1)CC(=O)NCc2ccc(cc2)S(=O)(=O)N,C40219122,0,305.35900000000004,0.5879,0
3461,CS(=O)(=O)CCCNC(=O)c1cc(ccc1F)N,C40336265,0,274.31700000000006,0.5724000000000005,0
3462,c1cc(ccc1CS(=O)(=O)NC[C@@H]2CCS(=O)(=O)C2)N,C40348712,0,318.4200000000001,0.12290000000000034,0
3463,c1c(cc(c(c1F)S(=O)(=O)NC[C@@H]2CCS(=O)(=O)C2)F)N,C40348762,0,340.37300000000005,0.2600000000000001,0
3464,CC[C@@](C)(C(=S)N)NS(=O)(=O)c1c(noc1C)C,C40364721,0,291.398,1.0245399999999998,0
3465,Cc1cccc(c1)S(=O)(=O)NCCS(=O)(=O)N,C40384183,0,278.355,-0.43817999999999907,0
3466,c1cnc(cc1S(=O)(=O)N2CCCSCC2)NN,C42445000,0,288.39799999999997,0.4948000000000001,0
3467,CN(C[C@@H](COC)O)c1ccccc1S(=O)(=O)N,C42525456,0,274.34200000000004,-0.22250000000000003,0
3468,CC(C)[C@H](N[C@H](C)c1ccc2c(c1)NC(=O)CO2)C(=O)O,C43430268,0,292.335,1.7772999999999997,0
3469,c1cc(cc(c1)S(=O)(=O)N)C(=O)NCC[C@H]2CCCO2,C44315829,0,298.36400000000003,0.6329,0
3470,CN(C[C@H](COC)O)C(=O)C1(CCCC1)C(=S)N,C44781644,0,274.38599999999997,0.29859999999999964,0
3471,CNC(=O)CCNC(=O)c1cc(ccc1C#CCO)F,C45015263,0,278.28299999999996,0.03539999999999932,0
3472,CS(=O)(=O)CCNS(=O)(=O)c1c(cccc1F)N,C45147775,0,296.345,-0.2691999999999998,0
3473,Cc1nc2ccccc2n1CC(=O)NCCCC(=O)N,C48966279,0,274.32399999999996,0.7264200000000001,0
3474,Cc1c(nnc(c1C(=S)N)N[C@H](C)C(=O)N(C)C)C,C49101465,0,281.38500000000005,0.6162399999999999,0
3475,C1CCC(C1)C(=O)NCCC(=O)N[C@H]2CCCNC2=O,C49500124,0,281.356,0.07770000000000105,0
3476,O=C(N[C@H]1CCN2CCC[C@H]12)NC1(C(=O)O)CCCC1,C49571600,0,281.35600000000005,0.9196999999999993,0
3477,c1cc(c(cc1C#CCO)CNC(=O)[C@H]2CCC(=O)N2)F,C49588761,0,290.2939999999999,0.06429999999999986,0
3478,c1ccc(c(c1)CS(=O)(=O)N2CCN(CC2)CCO)N,C50102316,0,299.39599999999996,-0.2914999999999989,0
3479,CC[C@H](C(=S)N)NS(=O)(=O)C1CCS(=O)(=O)CC1,C50351336,0,314.4540000000001,-0.4522999999999986,0
3480,C[C@@H](c1ccc(cc1)S(=O)(=O)N[C@@H]2CCCNC2=O)O,C50392746,0,298.364,0.2968,0
3481,C[C@@H](c1ccc(cc1)S(=O)(=O)N[C@H]2CCCNC2=O)O,C50392749,0,298.364,0.2968,0
3482,C[C@@H]1CC(C)(C)C[C@@](N[C@@H]2CCCNC2=O)(C(=O)O)C1,C50393281,0,282.384,1.5241999999999998,0
3483,c1cc(cnc1)CCNS(=O)(=O)c2cccnc2N,C50660515,0,278.33700000000005,0.5798000000000003,0
3484,Cc1ccc(cc1S(=O)(=O)N)NCc2cncnc2,C54767068,0,278.337,1.0445200000000003,0
3485,CNC(=S)/C(=C(/N)\N1CCN(CC1)c2ccc(cc2)F)/C#N,C13397138,0,319.409,1.18838,0
3486,CSCC[C@@H](c1cc(=O)nc([nH]1)c2cccnc2)N,C19573942,0,276.365,1.5847999999999998,0
3487,C[C@H](c1cc(=O)[nH]c(n1)c2cc(ccc2OC)OC)N,C58054844,0,275.30800000000005,1.4737999999999998,0
3488,NCCc1nnc(NS(=O)(=O)c2ccccc2)s1,C58231808,0,284.366,0.8400999999999995,0
3489,CS(=O)(=O)NCCN[C@@H]1c2cc(cc(c2NC1=O)F)F,C42113149,0,305.30600000000004,0.09680000000000011,0
3490,C[C@H]1c2cc(ccc2NC1=O)S(=O)(=O)NC[C@H](C)O,C35611393,0,284.337,0.40129999999999993,0
3491,c1cc2c(cc1N3CCN(CC3)CCO)NC(=O)[C@H]2O,C36231607,0,277.32399999999996,-0.2136000000000003,0
3492,CN1c2ccccc2[C@@H](C1=O)NCCCS(=O)(=O)N,C45070761,0,283.35299999999995,-0.02769999999999906,0
3493,c1cn(nc1N)CC(=O)N[C@@H]2CCCc3c2ccs3,C61330372,0,276.36499999999995,1.7205999999999997,0
3494,Cc1c(c(on1)C)S(=O)(=O)N[C@H]2CCC[C@@H]2C(=S)N,C61887336,0,303.409,1.0245399999999998,0
3495,Cc1c(c(on1)C)S(=O)(=O)N[C@H]2CCC[C@H]2C(=S)N,C61887338,0,303.409,1.0245399999999998,0
3496,C(c1c(n(nn1)C[C@H](CO)O)C(Cl)(Cl)Cl)O,C62306421,0,290.53400000000005,-0.0496999999999998,0
3497,C[C@@H]1CCC[C@](NC(=O)[C@]2(C)CCCNC2)(C(=O)O)C1,C62859652,0,282.38399999999996,1.5257999999999996,0
3498,CN([C@@H]1CCS(=O)(=O)C1)C(=O)c2cc(c(c(c2)F)NN)F,C63007471,0,319.33299999999997,0.5094999999999998,0
3499,c1cc(ccc1CNC(=O)NCCCO)n2ccnc2,C66985906,0,274.32399999999996,1.0538999999999998,0
3500,Cc1c(c(nn1CC(=O)NN)C(F)(F)F)Br,C02549530,0,301.066,0.9627199999999998,0
3501,CCS(=O)(=O)NCc1ccc(cc1)S(=O)(=O)N,C02659555,0,278.3550000000001,-0.22669999999999957,0
3502,C1Cc2c(sc(c2C#N)NC(=O)C(=O)NCCCO)C1,C06759726,0,293.34800000000007,0.54558,0
3503,c1ccc(c(c1)C(=S)N)NC(=O)Cn2cccnc2=O,C19503692,0,288.33200000000005,0.5162000000000001,0
3504,c1cc(c(cc1N)S(=O)(=O)N[C@H]2CCS(=O)(=O)C2)Cl,C19987811,0,324.81100000000004,0.3875999999999998,0
3505,C[C@]1(Nc2ccccc2C(=O)N1)C(=O)NCc3cccnc3,C25976180,0,296.33,1.2694999999999996,0
3506,c1cc(c(nc1)NN)S(=O)(=O)N2CCSCC2,C35358556,0,274.37100000000004,0.10470000000000046,0
3507,c1cc(ccc1C(=O)NC[C@@H]2CCCO2)S(=O)(=O)N,C36922770,0,284.337,0.24280000000000024,0
3508,Cc1cccc(n1)C(=O)NCc2ccc(cc2)S(=O)(=O)N,C37009307,0,305.3590000000001,0.9674200000000002,0
3509,Cc1c(sc(n1)N)SCC(=O)N[C@H]2CCS(=O)(=O)C2,C37037052,0,321.44900000000007,0.4291199999999998,0
3510,NCC#Cc1cnc(NS(=O)(=O)N2CCCC2)s1,C37552890,0,286.3819999999999,0.20579999999999976,0
3511,CN(CC(=O)N)C(=O)c1cc(ccc1C#CCCO)F,C37569239,0,278.28299999999996,0.11689999999999989,0
3512,CC1=C([C@@H](C(=C(N1)SCC(=O)N)C#N)c2cccnc2)C(=O)C,C05020160,0,328.39700000000005,1.58508,0
3513,Cc1cc(=O)c2cccc(c2n1CC(=O)NN)C(F)(F)F,C40175687,0,299.25199999999995,1.3186199999999997,0
3514,Cn1cc(cc1C(=O)NCCCS(=O)(=O)N)Cl,C40383122,0,279.7489999999999,0.08690000000000053,0
3515,Cn1ccnc1CCNS(=O)(=O)c2cc(ccc2F)N,C40638584,0,298.343,0.6624000000000001,0
3516,c1c(csc1S(=O)(=O)N[C@@H]2CCS(=O)(=O)C2)N,C41067741,0,296.39500000000004,-0.2042999999999996,0
3517,Cc1ccc(cc1S(=O)(=O)NCCn2ccnc2)N,C41118921,0,280.353,0.7522200000000001,0
3518,C[C@H](CNC(=O)C1(CCOCC1)C(=S)N)COC,C41680830,0,274.38599999999997,0.4680000000000003,0
3519,C[C@@H](C(=O)NCc1ccco1)S(=O)(=O)c2ccc(cc2)N,C42193243,0,308.35900000000004,1.3404,0
3520,c1c(cc(c(c1F)[S@@](=O)CCN2CCNC2=O)F)N,C42199044,0,289.30699999999996,0.6798,0
3521,CN(C[C@@H](COC)O)c1ccc(cc1)S(=O)(=O)N,C42516733,0,274.34200000000004,-0.22250000000000003,0
3522,NCC#Cc1cncc(S(=O)(=O)Nc2cccnc2)c1,C44257934,0,288.332,0.5875999999999992,0
3523,Cc1ccc(-n2nc(C)c(C[C@H](N)C(=O)O)c2Cl)cc1,C44284677,0,293.754,2.09694,0
3524,C[C@@]1(CCS(=O)(=O)C1)NC(=O)C2(CCOCC2)C(=S)N,C44933142,0,320.43600000000004,-0.23729999999999885,0
3525,CN(C)C(=O)CCNC(=O)C1(CCCCC1)C(=S)N,C45009198,0,285.41299999999995,0.8174999999999994,0
3526,Cc1c(c(c(o1)C)S(=O)(=O)N)C(=O)NCC(F)(F)F,C45801435,0,300.2579999999999,0.8359400000000001,0
3527,c1cc(ccc1C(=O)NC2=NCCS2)S(=O)(=O)N,C47836588,0,285.35,0.1666000000000002,0
3528,Cc1c(cc(cc1F)C#N)NC(=O)C(=O)N[C@@H](C)CO,C48720747,0,279.271,0.44129999999999975,0
3529,Cc1nc(cs1)CN(C)C(=O)[C@H](C(C)C)NC(=O)N,C49413365,0,284.38500000000005,1.1028200000000001,0
3530,c1cc(c(cc1C#CCO)CNC(=O)[C@@H]2CCC(=O)N2)F,C49588760,0,290.2939999999999,0.06429999999999986,0
3531,c1ccc(c(c1)CS(=O)(=O)N[C@H]2CCS(=O)(=O)C2)N,C50102068,0,304.3930000000001,-0.12469999999999948,0
3532,CC[C@](C)(C(=S)N)NS(=O)(=O)c1c(nn(c1C)C)C,C50253945,0,304.4410000000001,0.7700399999999996,0
3533,c1ccc(c(c1)C#CCO)S(=O)(=O)N[C@H]2CCCNC2=O,C50392981,0,308.35900000000004,-0.41270000000000046,0
3534,Cc1nn(CCCC[C@](C)(N)C(=O)O)c(C)c1Cl,C50588316,0,273.764,2.1256400000000006,0
3535,O=C(CC[C@@H]1CCCCN1)NC1(C(=O)O)CCCCC1,C50949153,0,282.38400000000007,1.8123999999999991,0
3536,C1C[C@@H](CN(C1)C(=O)CCSCC(=O)N)CCO,C51893827,0,274.38599999999997,0.21600000000000058,0
3537,Cc1c(sc(n1)N)C(=O)NC[C@H]2CCS(=O)(=O)C2,C55174409,0,289.38200000000006,0.19822000000000006,0
3538,c1ccn(c1)c2ccc(cc2)C(=O)NCCS(=O)(=O)N,C56862436,0,293.348,0.4956,0
3539,C[C@@H](c1cc(=O)[nH]c(n1)c2cc(ccc2OC)OC)N,C58054836,0,275.30800000000005,1.4737999999999998,0
3540,c1ccc(c(c1)[C@H](CN2CCN(CC2)CC(=O)N)O)F,C58563476,0,281.3309999999999,-0.03800000000000031,0
3541,Cc1cc2c(c(c1)F)N(C(=O)[C@@H]2N)CC(=O)NC(C)(C)C,C42116906,0,293.34200000000004,1.3952199999999997,0
3542,c1cc(c2c(c1F)N(C(=O)[C@@H]2N)CC(=O)NCC3CC3)Cl,C42119075,0,311.744,1.3516999999999997,0
3543,C[C@H](Cn1ccnc1)NS(=O)(=O)c2ccc(cc2)N,C42321294,0,280.353,0.8323000000000003,0
3544,CNC(=S)/C(=C(\N)/N1CCN(CC1)c2ccc(cc2)OC)/C#N,C01385828,0,331.44500000000005,1.05788,0
3545,C[C@H]1c2cc(ccc2NC1=O)S(=O)(=O)N[C@@H](C)CO,C35611120,0,284.33700000000005,0.40129999999999993,0
3546,C1C[C@@H]([C@H](C1)NS(=O)(=O)C2CCOCC2)C(=S)N,C61886426,0,292.426,0.5396000000000002,0
3547,c1cc2c(cc1S(=O)(=O)NCC3(CC3)CO)CC(=O)N2,C62106522,0,296.34799999999996,0.2320000000000001,0
3548,c1cc(c(nc1)N)S(=O)(=O)NCCc2nccs2,C63141182,0,284.366,0.6412999999999996,0
3549,Cc1ccc2cccc(c2n1)NC(=O)C(=O)N[C@H](C)CO,C67495692,0,287.319,0.9787199999999996,0
3550,c1ccnc(c1)C(=O)NNC(=S)NC[C@@H]2CCCO2,C00610818,0,280.353,0.3694999999999997,0
3551,Cc1ccc(cc1)COc2cn(c(cc2=O)CO)CC(=O)N,C12231167,0,302.3300000000001,0.71332,0
3552,CCS(=O)(=O)N[C@H](CCSC)C(=O)NC[C@@H](C)O,C35205424,0,298.43,-0.4555999999999984,0
3553,Cc1nn(C)c(C)c1NC(=O)CN[C@H](C(=O)O)C(C)C,C35391359,0,282.34400000000005,0.6742400000000002,0
3554,Cc1cc(ccc1S(=O)(=O)NCCCn2ccnc2)N,C37064342,0,294.38,1.14232,0
3555,COc1c(C)cnc(CSCC[C@H](N)C(=O)O)c1C,C37735600,0,284.381,1.74224,0
3556,Cc1nccc(n1)CNC(=O)CCOc2ccc(cc2)N,C40337029,0,286.335,1.4525199999999998,0
3557,Cc1nccc(n1)CNC(=O)CCOc2cccc(c2)N,C40337031,0,286.33500000000004,1.4525199999999998,0
3558,CCCS(=O)(=O)NCc1cccc(c1)S(=O)(=O)N,C40384219,0,292.38200000000006,0.1634000000000001,0
3559,C[C@H]1CCCN(C1)S(=O)(=O)NCCCS(=O)(=O)N,C40385457,0,299.41800000000006,-0.7686999999999977,0
3560,c1cc(sc1)C(=O)NCCC(=O)NCc2cc[nH]n2,C40436178,0,278.33699999999993,0.9074999999999998,0
3561,CC1CCC(NC(=O)NCCCN(C)C)(C(=O)O)CC1,C40552735,0,285.38800000000003,1.2708000000000002,0
3562,CCN1CC[C@@H](CNC(=O)N[C@@H](CCSC)C(=O)O)C1,C40596271,0,303.42800000000005,0.8337000000000008,0
3563,CCN(CC)CCNC(=O)N[C@]1(C(=O)O)CCC[C@@H](C)C1,C41035982,0,299.4150000000001,1.6608999999999998,0
3564,CCN(C[C@@H](C)C(=S)N)S(=O)(=O)c1cn[nH]c1C,C42444003,0,290.414,0.6509200000000002,0
3565,CN(C[C@H](COC)O)c1ccc(cc1N)S(=O)(=O)C,C42500479,0,288.3690000000001,0.11579999999999979,0
3566,Cc1c(c(n[nH]1)C)S(=O)(=O)N(CCC(=S)N)C(C)C,C42528990,0,304.44100000000003,1.1018400000000002,0
3567,c1cc(oc1)CNC(=O)NCCNC(=O)c2ccco2,C43644114,0,277.28,1.1017999999999997,0
3568,COC(=O)c1cc(-c2ccc(C[C@@H](N)C(=O)O)o2)ccc1Cl,C44288052,0,323.73199999999997,2.341,0
3569,CC(C)C(=O)Nc1nc(cs1)CC(=O)NCC(=O)NC,C44330777,0,298.368,0.14230000000000037,0
3570,COCCn1cc(cn1)NC(=O)C2(CCCC2)C(=S)N,C44780630,0,296.39599999999996,1.3144999999999996,0
3571,CCC(CC)(C(=S)N)C(=O)N(C)C[C@H](COC)O,C44781675,0,276.402,0.5445999999999995,0
3572,CC(C)[C@@H](C(=S)N)C(=O)NCCCS(=O)(=O)C,C44860769,0,280.415,0.09560000000000102,0
3573,CC(C)(C)OC(=O)NCCC(=O)Nc1c[nH]ccc1=O,C45827456,0,281.312,1.2282,0
3574,c1cc(ccc1CNC(=O)CC[C@@H]2CCCO2)S(=O)(=O)N,C46306399,0,312.39099999999996,0.9094,0
3575,c1ccc2c(c1)c(=O)c(c[nH]2)C(=O)NCCOCCO,C33980013,0,276.292,0.26679999999999976,0
3576,Cc1csc(n1)CNC(=O)NCCNC(=O)C(C)C,C48004188,0,284.38500000000005,1.0229199999999998,0
3577,CCC(=O)N[C@@H](CCSC)C(=O)NCc1cc[nH]n1,C48624004,0,284.38499999999993,0.6737999999999994,0
3578,CCOCCNC(=O)Cc1ccc(s1)S(=O)(=O)N,C48793248,0,292.38200000000006,0.09070000000000011,0
3579,CCOCCNC(=O)c1c(oc(c1S(=O)(=O)N)C)C,C48793314,0,290.34100000000007,0.31014000000000014,0
3580,C[C@H](C(=O)OC)NS(=O)(=O)c1ccc(cc1OC)N,C49351903,0,288.32500000000005,0.11720000000000053,0
3581,CC(C)NC(=O)NNC(=O)CSCc1ccccn1,C49467704,0,282.36899999999997,1.0535999999999999,0
3582,O=C(O)/C=C/c1cc(CN(CCO)CCO)ccc1F,C49625417,0,283.299,0.7101,0
3583,Cn1cnnc1SC[C@H](COc2ccc(cc2)N)O,C51328338,0,280.353,0.9292999999999998,0
3584,CC(C)[C@H]1CC[C@@H](C)C[C@@]1(NCCOCCO)C(=O)O,C52943092,0,287.4,1.5004999999999997,0
3585,CC(C)[C@@H]1CC[C@@H](C)C[C@@]1(NCCOCCO)C(=O)O,C52943094,0,287.4,1.5004999999999997,0
3586,C[C@@H](CNS(=O)(=O)CCCC(=O)OC)C(=S)N,C54154282,0,282.38699999999994,-0.21879999999999933,0
3587,N#Cc1ccc(NC(=O)CCN[C@H](C(=O)O)C2CC2)cc1,C54522711,0,287.319,1.3396799999999995,0
3588,CS(=O)(=O)NCCNc1nc2c(cc1C(=O)O)CCC2,C54528127,0,299.35200000000015,0.22959999999999936,0
3589,Cn1cc(nn1)CNc2ccccc2SCC(=O)N,C54859905,0,277.35300000000007,1.0046,0
3590,Cc1cc(=O)[nH]c(SC[C@@](C)(NC2CC2)C(=O)O)n1,C45585643,0,283.35299999999995,0.76572,0
3591,CCN1CCC[C@@H]1C/N=C1\C(=O)C(=O)[C@H]1NCCN(C)C,C61717920,0,294.399,-0.41669999999999696,0
3592,CC(=O)NCCC(=O)NCCn1c2ccccc2[nH]c1=O,C62123940,0,290.32300000000004,-0.027999999999999525,0
3593,CCC[C@]1(C(=O)N[C@](C)(C(=O)O)C2CC2)CCCNC1,C62858604,0,282.38399999999996,1.5258,0
3594,CCC[C@@]1(C(=O)N[C@@](C)(C(=O)O)C2CC2)CCCNC1,C62858607,0,282.38399999999996,1.5258,0
3595,CNS(=O)(=O)Cc1cccc(c1)CNC(=O)NCC#C,C64655257,0,295.3640000000001,0.16819999999999957,0
3596,Cc1csc(n1)CCCCNC(=O)N[C@@H]2CCCNC2=O,C66194788,0,310.42300000000006,1.3520200000000002,0
3597,c1ccc(cc1)S(=O)(=O)CCCNC(=O)NCCCO,C66987041,0,300.38,0.532,0
3598,CCNC(=O)Cn1ccc(n1)NC(=O)NCC(F)(F)F,C67427664,0,293.24899999999997,0.7029999999999994,0
3599,c1ccc(c(c1)NC(=O)Cn2cncn2)SCC(=O)N,C41835367,0,291.33600000000007,0.49419999999999986,0
3600,c1ccc2c(c1)nc(o2)/C(=C/NC(CO)(CO)CO)/C=O,C03013047,0,292.291,-0.3271000000000004,0
3601,CC(C)(C)NC[C@H](O)c1ccc(OS(=O)(=O)O)c(CO)c1,C22047789,0,319.3790000000001,0.782,0
3602,C1CC1c2nnc(n2CCC(=O)N)SCCC(=O)N,C28911106,0,283.357,-0.0015999999999992687,0
3603,N#Cc1ccc(NC(=O)CSC[C@H](N)C(=O)O)cc1Cl,C35082981,0,313.76599999999996,1.29528,0
3604,COC(=O)CNC(=O)[C@@H](CCSC)NC(=O)N,C35153920,0,263.319,-0.9343999999999983,0
3605,CN(C)S(=O)(=O)N(Cc1ccc(cc1)N)CC(=O)N,C35366580,0,286.357,-0.6374999999999977,0
3606,CC(C)[C@H](NCC(=O)NNc1ccccn1)C(=O)O,C35391922,0,266.301,0.22349999999999975,0
3607,CS(=O)(=O)NCCNS(=O)(=O)c1ccc(cc1Cl)N,C35797345,0,327.81500000000005,-0.2502999999999992,0
3608,CCNC(=O)CNS(=O)(=O)c1ccc(cc1C#N)N,C36780183,0,282.325,-0.4451199999999997,0
3609,CC(C)Cn1c(c(c(=O)n(c1=O)C)NCCCO)N,C37488149,0,270.33299999999997,-0.4204999999999987,0
3610,N[C@@H](CCSCC(=O)Nc1cccnc1Cl)C(=O)O,C37735833,0,303.7710000000001,1.2086999999999994,0
3611,N[C@@H](CCSCC(=O)NCCC1=CCCCC1)C(=O)O,C37736001,0,300.424,1.5282999999999989,0
3612,N[C@H](CCSCC(=O)NCc1ccc(Cl)cc1)C(=O)O,C37736044,0,316.81000000000006,1.4913999999999994,0
3613,Cc1sc(NC(=O)CSCC[C@H](N)C(=O)O)c(C#N)c1C,C37736573,0,327.43100000000004,1.7103199999999998,0
3614,N#Cc1ccc(NC(=O)CSCC[C@@H](N)C(=O)O)cc1Cl,C37736638,0,327.793,1.6853799999999997,0
3615,CCc1cccc(C)c1NC(=O)CSCC[C@@H](N)C(=O)O,C37736740,0,310.419,2.0311199999999996,0
3616,c1nc([nH]n1)SCC(=O)N[C@H]2C(=C3CCC[C@@H]3S2)C(=O)N,C38810643,0,325.41900000000004,0.4203,0
3617,CCN(CCCNC(=O)c1cc(c[nH]1)N)S(=O)(=O)C,C40335978,0,288.3730000000001,-0.0016999999999990911,0
3618,CC[C@@H](C)NC(=O)CCNC(=O)Cn1cc(cn1)N,C40336171,0,267.333,-0.11369999999999802,0
3619,CSCC[C@H](N)C(=O)Nc1cnn(CC(=O)O)c1,C41019734,0,272.33,-0.013400000000000134,0
3620,N[C@@H](COCC(=O)O)c1ccc2c(c1)CCC(=O)N2,C41071735,0,264.28099999999995,0.6722999999999999,0
3621,CC(C)N(C)CCCCNC(=O)N[C@@H](C(=O)O)[C@@H](C)O,C41682623,0,289.37600000000003,0.24000000000000182,0
3622,c1ccc(c(c1)CNC(=O)C(=O)NCC(=S)N)Br,C42435621,0,330.207,0.46760000000000024,0
3623,CN(C[C@@H](COC)O)S(=O)(=O)c1ccc(c(c1)N)O,C42483565,0,290.341,-0.3978,0
3624,CN(C[C@H](COC)O)C(=O)[C@@H](CCSC)NC(=O)N,C42503558,0,293.38900000000007,-0.7578999999999978,0
3625,c1cc(sc1)C(=O)NCCC(=O)NCCCC(=O)N,C42926802,0,283.35299999999995,0.24969999999999992,0
3626,CS(=O)(=O)NCCCNC(=O)NC1CCC(CC1)O,C47633293,0,293.38900000000007,-0.4715999999999991,0
3627,CCOCCCNC(=O)C(=O)Nc1c(ccs1)C(=O)N,C47963206,0,299.3520000000001,0.32829999999999976,0
3628,CC(C)NC(=O)CCNC(=O)CNC(=O)NC1CC1,C48782146,0,270.333,-0.5210999999999986,0
3629,CNC(=O)NNC(=O)CCNC(=O)c1ccsc1,C48949611,0,270.31399999999996,-0.17180000000000017,0
3630,c1cscc1C(=O)NCCC(=O)NNC(=O)NC2CC2,C49129231,0,296.3520000000001,0.3607999999999999,0
3631,CNc1c(cc(cn1)Br)S(=O)(=O)NCC(=O)N,C50638748,0,323.1720000000001,-0.3506000000000002,0
3632,c1cc(nc2c1cc(cc2)S(=O)(=O)N(CCO)CCO)N,C50669703,0,311.36300000000006,-0.20770000000000033,0
3633,CNc1ccnc(c1)C(=O)NCCCS(=O)(=O)N,C50776265,0,272.33,-0.4682999999999992,0
3634,CS(=O)(=O)c1ccc(c(c1)S(=O)(=O)NC2CCC2)NN,C52212758,0,319.40800000000013,0.20650000000000052,0
3635,CCS(=O)(=O)Nc1ccc(NC(=O)[C@@H](N)CCOC)cc1,C52808191,0,315.3950000000001,0.7504999999999997,0
3636,c1cc(c(cc1S(=O)(=O)NCCOCCO)N)F,C52925014,0,278.30499999999995,-0.30490000000000056,0
3637,CC(C)CN(CC(=O)N)S(=O)(=O)c1ccc(cc1C#N)N,C42272675,0,310.3790000000001,0.27247999999999994,0
3638,CC(C)n1c(SCCCC[C@@](C)(N)C(=O)O)n[nH]c1=O,C61608150,0,302.4,1.2167000000000001,0
3639,CC(C)n1c(SCCC[C@](C)(N)C(=O)O)n[nH]c1=O,C61608151,0,288.373,0.8266,0
3640,c1ccc(c(c1)CNC(=O)C(=O)NCC(=S)N)C(F)(F)F,C61627159,0,319.30799999999994,0.7238999999999998,0
3641,c1cc(c(cc1C#N)F)CN(CC(=O)N)CC(=O)N,C61806837,0,264.25999999999993,-0.5300199999999997,0
3642,c1ccc(c(c1)C(=O)N(CC(=O)N)CC(=O)N)Br,C61809032,0,314.1389999999999,-0.1381,0
3643,c1c(csc1Br)C(=O)N(CC(=O)N)CC(=O)N,C61809056,0,320.1680000000001,-0.07660000000000011,0
3644,CS(=O)(=O)NCCNC(=O)NC[C@H](c1ccccc1F)O,C61963530,0,319.35800000000006,-0.2924999999999997,0
3645,CCCn1c(cc(=O)c(c1CN(CCO)CCO)O)CO,C62383535,0,300.35499999999996,-0.7571999999999997,0
3646,c1cc(c(cc1C#N)Cl)N(CC(=O)N)CC(=O)N,C62793857,0,266.68799999999993,-0.01132000000000033,0
3647,c1csc(n1)CCNS(=O)(=O)c2c[nH]nc2N,C63132770,0,273.3430000000001,-0.030600000000000238,0
3648,c1cc(cc(c1)OCC(=O)N[C@H]2CCCNC2=O)C(=O)N,C64099179,0,291.307,-0.4408999999999989,0
3649,c1cc(cc(c1)OCC(=O)NC[C@@H]2CCCO2)C(=O)NN,C66056642,0,293.323,-0.03589999999999921,0
3650,CC(C)(SCc1ccc([N+](=O)[O-])cc1)[C@@H](N)C(=O)O,C01635648,0,284.337,2.0185,0
3651,CC(C)(SCc1ccc([N+](=O)[O-])cc1)[C@H](N)C(=O)O,C05715062,0,284.337,2.0185,0
3652,Cc1c(sc(c1C(=O)N)NC(=O)CC(=O)OC)C,C20113825,0,270.30999999999995,0.9654400000000003,0
3653,CC(C)[C@@H](C(=O)NCCS(=O)(=O)N)Br,C36745591,0,287.179,-0.18939999999999946,0
3654,Cc1nc(cs1)[C@H](C)Nc2cnn(c2)CC(=O)N,C36998684,0,265.342,1.3064199999999995,0
3655,CS(=O)(=O)CCNc1ccc(cc1)S(=O)(=O)N,C37750750,0,278.3550000000001,-0.2094999999999997,0
3656,c1cc(n(c1)C2CC2)C(=O)NCCCS(=O)(=O)N,C40383332,0,271.342,0.2314000000000006,0
3657,C1CCC(CC1)S(=O)(=O)NCCS(=O)(=O)N,C40384177,0,270.376,-0.47299999999999803,0
3658,C[C@@H](C(=O)NCCOC)Oc1ccc(cc1C#N)N,C40887491,0,263.29699999999997,0.6703799999999996,0
3659,C[C@H]1CCC[C@](NC(=O)CCNC2CC2)(C(=O)O)C1,C41036701,0,268.35699999999997,1.2781999999999993,0
3660,CCN(C[C@H](C)/C(=N/O)/N)[C@@H]1CCS(=O)(=O)C1,C42445207,0,263.363,-0.12209999999999854,0
3661,CC(C)[C@@H](NCc1cc2ccccc2[nH]c1=O)C(=O)O,C43430307,0,274.32,1.7268999999999999,0
3662,CC1CCC(NC(=O)CC[C@@H]2CCCNC2)(C(=O)O)CC1,C43590742,0,296.411,1.9158999999999995,0
3663,O=C(CC[C@H]1CCCNC1)NC1(C(=O)O)CCCCCC1,C43590755,0,296.41100000000006,2.0599999999999996,0
3664,CN1CCC[C@@H](CNC(=O)N[C@@](C)(C(=O)O)C2CC2)C1,C44560123,0,283.37200000000007,0.8807000000000005,0
3665,CN(CC(=O)NC1CC1)C(=O)C2(CCCC2)C(=S)N,C44782190,0,283.39699999999993,0.5698999999999997,0
3666,CS(=O)(=O)CCCNC(=O)C1(CCOCC1)C(=S)N,C44782818,0,308.425,-0.3797999999999985,0
3667,CC[C@H](C(=S)N)C(=O)NCCCS(=O)(=O)C,C44860763,0,266.388,-0.15039999999999898,0
3668,C[C@](N)(CCSc1ccc([N+](=O)[O-])cc1)C(=O)O,C45549584,0,270.31,1.8790000000000002,0
3669,c1cc(sc1)CC(=O)Nc2cnn(c2)CC(=O)N,C47234595,0,264.31,0.6110999999999998,0
3670,Cc1csc(n1)CCNC(=O)NCCNC(=O)C,C47822824,0,270.358,0.42931999999999954,0
3671,CC(C)NC(=O)C(=O)Nc1ccccc1CC(=O)NC,C48489062,0,277.32399999999996,0.43819999999999953,0
3672,c1cc2cccnc2c(c1)NC(=O)C(=O)NCCCO,C48490326,0,273.292,0.6718999999999997,0
3673,O=C(CC1(C(=O)O)CCCC1)NCCN1CCNCC1,C48838272,0,283.372,0.04290000000000177,0
3674,c1cscc1C(=O)NCC(=O)NNC(=O)C2CC2,C48923399,0,267.31,0.03529999999999989,0
3675,CCNC(=O)[C@H](C)NC(=O)C(=O)Nc1cccc(c1)C#C,C49051453,0,287.319,0.24719999999999992,0
3676,C[C@H](CN1CCCC1)NC(=O)NC1(C(=O)O)CCCC1,C49187338,0,283.37200000000007,1.1673,0
3677,CNC(=O)CCNC(=O)C(=O)Nc1cccc(c1)C#C,C49199141,0,273.29200000000003,-0.14129999999999976,0
3678,CNC(=O)CCNC(=O)C(=O)Nc1ccc(cc1)F,C49199333,0,267.26000000000005,0.01649999999999957,0
3679,C1C[C@H](C(=O)NC1)NC(=O)CCCNC(=O)C2CC2,C49500112,0,267.329,-0.3124,0
3680,CN(C[C@@H](COC)O)C(=O)c1cc(c(cc1N)F)F,C50018017,0,274.267,0.6263000000000001,0
3681,CCC[C@@H](C(=S)N)C(=O)N[C@@H](C)c1nncn1C,C50420231,0,269.3740000000001,0.6946999999999994,0
3682,CC[C@@H](C(=S)N)C(=O)NC[C@H]1CCS(=O)(=O)C1,C50603072,0,278.39900000000006,-0.15039999999999898,0
3683,CC1CCC(NC(=O)CC[C@@H]2CCCCN2)(C(=O)O)CC1,C50949230,0,296.411,2.0584,0
3684,C[C@@](NC(=O)CC[C@@H]1CCCCN1)(C(=O)O)C1CC1,C50949245,0,268.35699999999997,1.2782000000000002,0
3685,CN(CCC#N)Cc1nc(c2ccsc2n1)NN,C51146446,0,262.34200000000004,1.32238,0
3686,Cc1nc(n(n1)C[C@@H](COc2ccc(cc2)N)O)C,C51327364,0,262.31300000000005,0.9170399999999999,0
3687,C[C@H]1CC(C)(C)C[C@@](NCCOCCO)(C(=O)O)C1,C52942980,0,273.373,1.2544999999999997,0
3688,C[C@H]1CCC[C@](NC(=O)NCCN2CCCC2)(C(=O)O)C1,C54109448,0,297.399,1.4148999999999998,0
3689,Cc1csc(n1)C/C(=N\OCC(=O)NC(C)C)/N,C54390725,0,270.358,0.8074200000000002,0
3690,O=C(O)[C@H](NCc1nc2ccccc2[nH]c1=O)C1CC1,C54523030,0,273.2920000000001,0.8758999999999997,0
3691,N#Cc1ccc(NC(=O)CN[C@@H](C(=O)O)C2CC2)cc1,C54523526,0,273.292,0.9495799999999992,0
3692,Cc1cc(=O)c(c(n1C[C@H](C)O)CN(C)CCO)O,C62384191,0,270.32899999999995,-0.3327800000000002,0
3693,CCC[C@]1(C(=O)NC2(C(=O)O)CCCC2)CCNC1,C62898172,0,268.35699999999997,1.2797999999999996,0
3694,CCC[C@@]1(C(=O)N[C@](C)(C(=O)O)C2CC2)CCNC1,C62898207,0,268.35699999999997,1.1357,0
3695,CCC[C@@H](C(=S)N)NS(=O)(=O)CCOCC,C63154003,0,268.404,0.39710000000000023,0
3696,NCc1ccc(NS(=O)(=O)C[C@@H]2CCCO2)nc1,C63155024,0,271.3419999999999,0.46099999999999963,0
3697,NCc1ccc(NS(=O)(=O)C[C@H]2CCCO2)nc1,C63155025,0,271.3419999999999,0.46099999999999963,0
3698,C[C@H]1C(=C(C(=N1)C(=O)NCCCC(=O)N)C)C(=O)C,C64252123,0,265.31299999999993,0.11670000000000069,0
3699,c1cc(cc(c1)F)NC(=O)CCN2CCO[C@@H](C2)C(=O)N,C51105840,0,295.31399999999996,0.34040000000000037,0
3700,O=C(C[C@H](NCCO)C(=O)O)Nc1cccnc1,C05258806,0,253.25800000000004,-0.5546999999999993,0
3701,c1cc(cnc1)c2nnc(n2N)SCC(=O)N,C01291466,0,250.28699999999998,-0.3687000000000002,0
3702,c1ccc(cc1)[C@H](C#N)O[C@@H]2[C@H]([C@@H]([C@@H]([C@@H](O2)CO)O)O)O,C13545525,0,295.291,-0.93222,0
3703,C=CCCCO[C@H]1[C@H]([C@H]([C@@H]([C@H](O1)CO)O)O)O,C08700300,0,248.27499999999998,-1.2308999999999997,0
3704,CC(C)(C)/N=C(\NC#N)/Nc1ccc([n+](c1)[O-])N,C13600719,0,248.29000000000002,0.53928,0
3705,Cc1c(c(n[nH]1)C)S(=O)(=O)NC[C@H](C)ON,C32103597,0,248.308,-0.4163599999999991,0
3706,NCCCNC(=O)c1c(O)n2c3c(cccc3c1=O)CC2,C20113089,0,287.3190000000001,0.3417999999999993,0
3707,O=S1(=O)C[C@@H](O)[C@@H](NCCNC(=S)S)C1,C33351162,0,270.401,-1.461799999999999,0
3708,c1ccc(cc1)[C@@H](CNC(=O)c2c[nH]c(=O)[nH]c2=O)O,C35108657,0,275.264,-0.4733999999999999,0
3709,CNS(=O)(=O)c1cc(ccc1NN)S(=O)(=O)C,C35354401,0,279.343,-0.7161999999999993,0
3710,N[C@H](CCCC(=O)O)c1cc2c(cc1Cl)NC(=O)C2,C35359329,0,282.72700000000003,2.0893,0
3711,C[C@H](CNS(=O)(=O)c1ccc(cc1C#N)N)O,C35599600,0,255.299,-0.20041999999999988,0
3712,c1cc(c(cc1N)C#N)S(=O)(=O)NCCCO,C37054163,0,255.29899999999998,-0.19882000000000016,0
3713,CN(CC(=O)N)S(=O)(=O)c1ccc(cc1N)F,C37270373,0,261.278,-0.48630000000000034,0
3714,CC(C)(CO)NS(=O)(=O)c1cn(nc1N)C,C37471602,0,248.308,-0.9484999999999992,0
3715,N#Cc1ccsc1NC(=O)CSCC[C@H](N)C(=O)O,C37735881,0,299.377,1.0934799999999998,0
3716,N#CC1(NC(=O)CSCC[C@H](N)C(=O)O)CCCC1,C37736149,0,285.369,0.4741799999999994,0
3717,c1cc(cc(c1)OCCC(=O)NCc2nc[nH]n2)N,C40308585,0,261.285,0.4721999999999999,0
3718,c1cc(ccc1N)S(=O)(=O)NCc2nc[nH]n2,C40315818,0,253.287,-0.13460000000000066,0
3719,CC(C)N(CCCO)c1c(n(c(=O)[nH]c1=O)C)N,C40453327,0,256.306,-0.7469999999999977,0
3720,c1cc(ccc1CCO)NC(=O)c2c[nH]c(=O)[nH]c2=O,C40715525,0,275.264,-0.14970000000000006,0
3721,c1ccc(c(c1)C(=O)N)NS(=O)(=O)N2CCNCC2,C40861909,0,284.34100000000007,-0.6525999999999996,0
3722,CC(C)[C@@H](N)C(=O)N[C@@]1(C(=O)O)CCC[C@H](C)C1,C41036629,0,256.34599999999995,1.1193999999999993,0
3723,c1cc(c(nc1)NN)S(=O)(=O)N2CCC[C@H]2CO,C42435052,0,272.3299999999999,-0.4873999999999991,0
3724,CC(C)[C@@H](C(=O)N(C)C[C@H](COC)O)NC(=O)N,C42503536,0,261.322,-0.854999999999998,0
3725,CN(C[C@@H](COC)O)c1ccc(cn1)/C(=N/O)/N,C42507196,0,254.29000000000002,-0.3804,0
3726,c1cc(ccc1C=O)O[C@H]2[C@@H]([C@@H]([C@H]([C@H](O2)CO)O)O)O,C44168740,0,284.264,-1.3222000000000005,0
3727,N[C@H](CC(=O)O)c1c[nH]c2ccc([N+](=O)[O-])cc12,C44218187,0,249.22599999999997,1.5505999999999995,0
3728,CC[C@@H](/C(=N/O)/N)C(=O)NCCS(=O)(=O)C,C44870859,0,251.308,-1.0801999999999994,0
3729,c1cc(c(c(c1)F)S(=O)(=O)NCc2nc[nH]n2)N,C45147796,0,271.277,0.004499999999999893,0
3730,COc1ccc(cn1)CNC(=O)CCNC(=O)N,C46042508,0,252.27399999999997,-0.23519999999999974,0
3731,Cc1c(cccc1NCC(=O)N2CCNC2=O)C(=O)N,C48008046,0,276.296,0.057620000000000615,0
3732,CCNCCCNC(=O)NC1(C(=O)O)CCCCC1,C48841156,0,271.361,1.0726999999999998,0
3733,CC[C@@H](/C(=N/O)/N)C(=O)NC[C@@H]1CCS(=O)(=O)C1,C50604401,0,277.34600000000006,-0.6900999999999995,0
3734,CCNc1c(cccn1)S(=O)(=O)NCC(=O)N,C50638725,0,258.30299999999994,-0.7229999999999992,0
3735,c1cnc(cc1NN)C(=O)NC[C@@H]2COCCO2,C51094141,0,252.27399999999994,-0.4875999999999998,0
3736,c1cc(nc(c1)NN)C(=O)NC[C@@H]2COCCO2,C51094163,0,252.27399999999994,-0.4875999999999998,0
3737,COCCOCCNC(=O)c1cccc(n1)NN,C51095090,0,254.29000000000002,-0.23999999999999921,0
3738,CN(C[C@@H](COC)O)C(=O)c1cccc(n1)NN,C51125453,0,254.29000000000002,-0.5534999999999994,0
3739,CN(C)S(=O)(=O)Nc1ccc(c(c1)/C(=N/O)/N)F,C51638279,0,276.293,0.1385,0
3740,c1cnc(c(n1)/C(=N\O)/N)N2CCCC[C@H]2CCO,C54381063,0,265.3169999999999,0.3123999999999996,0
3741,CC(C)N(C)C(=O)CSCc1nc(nc(n1)N)N,C56229288,0,270.36199999999997,0.1360000000000005,0
3742,Cc1cc([nH]c(=O)c1CNC(=O)c2ccc(cn2)C(=O)N)C,C60321969,0,300.31800000000004,0.41564000000000034,0
3743,c1csc2c1[C@@H](CCC2)NC(=O)C(=O)NCC(=S)N,C61367381,0,297.405,0.6439999999999997,0
3744,C[C@](N)(CCCSc1n[nH]c(=O)n1C1CC1)C(=O)O,C61607848,0,286.357,0.5805999999999996,0
3745,C[C@@H](C(=O)c1ccc(cc1F)F)N(CC(=O)N)CC(=O)N,C61808214,0,299.277,-0.19139999999999968,0
3746,C(CS(=O)(=O)N(CC(=O)N)CC(=O)N)CCl,C61809630,0,271.72599999999994,-1.782299999999998,0
3747,CC[C@@]1(C(=O)NCC(=O)NCC(=O)O)CCCNC1,C62858661,0,271.31699999999995,-0.9167999999999985,0
3748,c1ccc(cc1)[C@H](C#N)O[C@H]2[C@@H]([C@@H]([C@@H]([C@@H](O2)CO)O)O)O,C04556833,0,295.291,-0.93222,0
3749,N[C@H](CCCn1c(=S)[nH]c2ccccc2c1=O)C(=O)O,C67172768,0,293.34800000000007,1.25119,0
3750,CC(C)(C)c1ccc(cc1)C(=O)NNC(=O)C(=O)NCCO,C02859854,0,307.35,-0.14639999999999953,0
3751,CC(C)[C@H](C(=O)NN)NS(=O)(=O)c1ccc(cc1)F,C06884314,0,289.332,0.11850000000000033,0
3752,c1cc(ccc1COC(=O)c2c(nccn2)N)C(=O)N,C14060294,0,272.264,0.5146999999999997,0
3753,C[C@@H](C(=O)NCCOC)Sc1[nH]c(=O)cc(n1)N,C20310917,0,272.33,-0.4047,0
3754,NCc1ccc(NC(=O)CCn2nc(O)ccc2=O)cc1,C22223371,0,288.307,0.43639999999999934,0
3755,c1cc(ccc1CNc2cn[nH]c(=O)c2Cl)CS(=O)(=O)N,C28623956,0,328.78100000000006,0.8239000000000001,0
3756,c1ccnc(c1)CCNS(=O)(=O)c2cccnc2NN,C35358251,0,293.35200000000003,0.2832000000000003,0
3757,Cc1c(scn1)C(=O)N(Cc2ccccc2N)CC(=O)N,C35366823,0,304.37500000000006,1.1614200000000001,0
3758,C[C@@H](c1ccncc1)NS(=O)(=O)c2cccnc2NN,C35694138,0,293.35200000000003,0.8017000000000001,0
3759,C[C@@H](c1ccncc1)NS(=O)(=O)c2ccc(nc2)NN,C35694150,0,293.352,0.8017000000000001,0
3760,CS(=O)(=O)NCCNS(=O)(=O)c1ccc(cc1N)Cl,C35797298,0,327.81500000000005,-0.2502999999999992,0
3761,Cc1c(cccc1S(=O)(=O)NCCNS(=O)(=O)C)N,C35797304,0,307.39700000000005,-0.5952799999999987,0
3762,c1ccc(cc1)C(=O)NNCNNC(=O)c2ccncc2,C37625950,0,285.307,0.20810000000000028,0
3763,CN(CCc1ccccn1)c2cc(cc(c2)S(=O)(=O)N)N,C37933997,0,306.3910000000001,0.9901000000000002,0
3764,C[C@H]([C@H]1CCCO1)NS(=O)(=O)c2ccnc(c2)NN,C38009074,0,286.357,0.21300000000000024,0
3765,Cc1csc(n1)CNc2c(n(c(=O)[nH]c2=O)CC(C)C)N,C38091696,0,309.39500000000004,1.1518199999999998,0
3766,CC(C)Cn1c(c(c(=O)[nH]c1=O)NC[C@H]2CCOC2)N,C38094688,0,282.344,0.2232000000000013,0
3767,C[C@@H](CN(C)C(=O)c1ccc(cc1N)N)C(=O)OC,C40331781,0,265.313,0.7321000000000002,0
3768,COc1ccc(c(c1)N)S(=O)(=O)NCc2c[nH]nc2,C40347143,0,282.325,0.47899999999999937,0
3769,c1ccc(c(c1)[C@H](CC(=O)Nc2ccncc2)NC(=O)N)F,C40514012,0,302.309,1.9589,0
3770,C[C@H](c1cccc(c1)NC(=O)NCCNS(=O)(=O)C)O,C41706697,0,301.368,0.4105999999999996,0
3771,CCOc1ccc(cc1S(=O)(=O)NCc2c[nH]nc2C)N,C42356874,0,310.379,1.1775200000000001,0
3772,C[C@H](CN(C)c1ccnc(c1)C(=O)NC)/C(=N/O)/N,C42458481,0,265.317,0.2599000000000011,0
3773,c1c2c(nc(c1/C(=N\O)/N)OCCCO)CCCC2,C43410691,0,265.31299999999993,0.8160999999999994,0
3774,CC(C)[C@@H](N[C@H](C)c1cccc(S(N)(=O)=O)c1)C(=O)O,C43430788,0,300.38,1.0937999999999999,0
3775,C1CCC(C1)N(CCO)C(=O)C2(CCOCC2)/C(=N\O)/N,C44791870,0,299.371,0.2931000000000014,0
3776,CC(C)[C@@H](/C(=N/O)/N)C(=O)NCCS(=O)(=O)C,C44870875,0,265.335,-0.8341999999999989,0
3777,c1ccc2c(c1)c(c[nH]2)CCNC(=O)C(=O)Nc3c[nH]ccc3=O,C44902926,0,324.34,1.1535999999999997,0
3778,CNCCCNC(=O)NCc1cc(C(=O)O)c(C)o1,C48840675,0,269.301,0.69492,0
3779,CC(C)CCSCC(=O)[C@@H](C#N)c1nc(nc(n1)N)N,C49004934,0,294.38400000000007,0.9915799999999999,0
3780,c1cnn(c1)CCNS(=O)(=O)c2ccc(cc2)NN,C49079498,0,281.341,0.14720000000000016,0
3781,Cc1c(cn[nH]1)CCCNC(=O)NCCC(=O)NC,C49154669,0,267.333,0.08602000000000048,0
3782,CCNC(=O)NNC(=O)CNC(=O)c1ccc(s1)C,C49183430,0,284.341,0.13662000000000002,0
3783,C[C@@H](Cn1ccnc1)NS(=O)(=O)c2ccc(c(c2)N)O,C49234584,0,296.352,0.5379000000000003,0
3784,CNC(=O)c1cc(ccc1F)NC(=O)NCCC(=O)NCC#C,C50084899,0,320.324,0.44629999999999975,0
3785,C1CC1c2c(c([nH]n2)C(=O)N(CCO)CC(F)(F)F)N,C50324282,0,292.26099999999997,0.8660999999999999,0
3786,c1cc(cc(c1)C(=O)N)COC(=O)Cn2ccc(n2)N,C50469072,0,274.28,0.3076,0
3787,CCNc1c(cccc1F)C(=O)NCCS(=O)(=O)N,C54207757,0,289.332,0.27579999999999993,0
3788,c1ccc(cc1)CNC(=S)NC=C2C(=O)NC(=O)NC2=O,C06574870,0,304.331,-0.09940000000000027,0
3789,c1cc(sc1CCNC(=O)c2c[nH]nc2)S(=O)(=O)N,C58006004,0,300.36500000000007,0.09110000000000013,0
3790,c1c(c(n[nH]1)N)S(=O)(=O)N(CCO)C2CCCC2,C42272787,0,274.346,-0.08250000000000024,0
3791,COCCCN(CCOC)c1ccc(cc1C(=O)N)N,C42426711,0,281.35600000000005,0.8570000000000002,0
3792,CCCC#C[C@@](C)(O)CN[C@H](Cc1c[nH]cn1)C(=O)O,C13229426,0,279.34000000000003,0.5494999999999999,0
3793,CCCC(=O)NCC(=O)NNC(=O)NCC(F)(F)F,C60411408,0,284.238,-0.20460000000000006,0
3794,c1cc(cnc1)Nc2nc(cs2)C(=O)NCC(=O)N,C62022585,0,277.309,0.4968000000000001,0
3795,CCOCCS(=O)(=O)N[C@@H]1CCC[C@H]1/C(=N/O)/N,C63154530,0,279.362,-0.14259999999999817,0
3796,C1CCC(C1)(/C(=N\O)/N)NS(=O)(=O)C[C@@H]2CCCO2,C63156803,0,291.3730000000001,0.14400000000000124,0
3797,c1ccc(c(c1)C(=O)N)NC(=O)CCNc2ncccn2,C64851923,0,285.30699999999996,1.0161999999999998,0
3798,c1cc(ccc1CNC(=O)NC[C@H]2CCCO2)S(=O)(=O)N,C54025578,0,313.379,0.3122000000000008,0
3799,c1cnc(cc1CNC(=O)CNC(=O)N)OCC2CC2,C67483821,0,278.312,0.15489999999999982,0
3800,c1ccc(cc1)[C@@H](CNC(=O)C(=O)Nc2c[nH]c(=O)[nH]c2=O)O,C12407137,0,318.28900000000004,-1.1484999999999987,0
3801,COc1cc(c(cc1OCC(=O)N)Br)/C=N/NC(=O)N,C13747667,0,345.153,0.32400000000000007,0
3802,C[C@@H]([C@H](c1ccc(cc1)OC)O)O[C@H]2[C@H]([C@@H]([C@@H]([C@@H](O2)CO)O)O)O,C14504482,0,344.36000000000007,-1.0663999999999998,0
3803,CN(C[C@H]([C@@H]([C@H]([C@H](CO)O)O)O)O)C(=S)S,C15923140,0,271.35999999999996,-2.4312,0
3804,C[C@H]([C@@H]([C@H]([C@H]([C@@H]1NN=C(S1)c2ccccc2)O)O)O)O,C16102365,0,298.36400000000003,-0.5258,0
3805,C1CCC(=NNc2nnc(n2N)SCC(=O)N)C1,C21327546,0,269.334,-0.08879999999999971,0
3806,C[C@@H](C(=O)NC(=O)N)OC(=O)c1cc(ccc1F)S(=O)(=O)N,C22520400,0,333.297,-0.7866999999999995,0
3807,Cc1c(cco1)c2nnc(n2N)S[C@@H](C(C)C)C(=O)NC(=O)N,C22576983,0,338.3930000000001,0.8719199999999998,0
3808,CC(C)(C)NC(=O)CNC(=O)CCCCNC(=O)N,C24085170,0,272.349,-0.14409999999999912,0
3809,C[C@H](C(=O)NC(=O)NCC(F)(F)F)Sc1nc([nH]n1)N,C25362027,0,312.277,0.25559999999999955,0
3810,c1cc(c(cc1Br)/C=N/NC(=O)CCC(=O)NN)O,C27986426,0,329.154,0.37490000000000007,0
3811,Cc1cc(nc(n1)SCC(=O)c2c(n(c(=O)[nH]c2=O)C3CC3)N)N,C31745886,0,348.38800000000015,0.10932000000000025,0
3812,COc1cc(cc(c1O)/C=N/NC(=O)N)/C=N\NC(=O)N,C35191168,0,294.2710000000001,-0.5947999999999996,0
3813,C=CCNC(=S)NNc1[nH]c(=O)c2cn[nH]c2n1,C35682010,0,265.302,-0.3768000000000004,0
3814,c1c(cc(c(c1S(=O)(=O)NCCC(=O)N)F)Cl)N,C36746702,0,295.72299999999996,0.21500000000000008,0
3815,c1cc(ccc1CC(=O)Nc2cnn(c2)CC(=O)N)N,C37024659,0,273.296,0.13180000000000008,0
3816,Cc1c(c[nH]n1)CNc2cccc(c2)NS(=O)(=O)N,C37130897,0,281.34100000000007,0.9456199999999999,0
3817,c1cc(c(cc1N)S(=O)(=O)NCCCC(=O)N)F,C37658415,0,275.30499999999995,-0.04830000000000012,0
3818,c1ccc(c(c1)CS(=O)(=O)NCCCC(=O)N)C(=S)N,C37660487,0,315.41999999999996,0.005700000000001093,0
3819,CSCC[C@@H](C(=O)NCc1nc[nH]n1)NC(=O)N,C37920855,0,272.33400000000006,-0.7890999999999992,0
3820,c1cc(cnc1)CCNc2cc(cc(c2)S(=O)(=O)N)N,C37934315,0,292.36400000000003,0.9658,0
3821,c1cc(cc(c1)OCCNc2c(cccn2)C(=O)N)N,C38080049,0,272.30800000000005,1.2535999999999996,0
3822,Cc1cccc(n1)NC(=O)CS[C@H]2NN[C@@H](N2N)[C@@H]3C=C(N=N3)C,C38752874,0,348.43600000000015,0.6931200000000002,0
3823,c1c(c[nH]c1C(=O)Nc2cnn(c2)CC(=O)NC3CC3)N,C40306439,0,288.3110000000001,0.3242999999999995,0
3824,c1cc(cc(c1)OC/C(=N/O)/N)NS(=O)(=O)c2c[nH]nc2,C40376354,0,311.323,0.3356999999999996,0
3825,CC(C)Nc1c(c(ncn1)NNC(=O)c2ccccn2)N,C40708253,0,287.32700000000006,1.031,0
3826,c1cc(ccc1NN)S(=O)(=O)N(CCO)CCO,C40750913,0,275.33,-1.0524999999999993,0
3827,CC(C)CN(CC(=O)N)c1cc2c(cc1N)OCC(=O)N2,C42691433,0,292.339,0.5473999999999997,0
3828,c1cc2c(cc1SCC(=O)NC(C(=O)N)C(=O)N)CCC2,C42788932,0,307.3750000000001,-0.27719999999999945,0
3829,C[C@H](C(=O)NC(C(=O)N)C(=O)N)OCC(F)(F)F,C43009388,0,271.19499999999994,-1.5907999999999984,0
3830,c1c(cc(cc1NCC[C@@H]2CCCO2)S(=O)(=O)N)N,C44510262,0,285.369,0.8972,0
3831,CS(=O)(=O)NCCNC(=O)C1(CCCCCC1)/C(=N/O)/N,C44785234,0,320.415,-0.2611999999999989,0
3832,CCC[C@H](C(=S)N)C(=O)NCCS(=O)(=O)N,C44837926,0,267.37600000000003,-0.9064999999999985,0
3833,Cc1c(cccc1N)C(=O)NCCCS(=O)(=O)N,C45063701,0,271.342,-0.01437999999999906,0
3834,CCC[C@@H](C(=S)N)C(=O)NCCCS(=O)(=O)N,C45089068,0,281.403,-0.5163999999999986,0
3835,CCC[C@H](C(=S)N)C(=O)NCCCS(=O)(=O)N,C45089070,0,281.403,-0.5163999999999986,0
3836,c1c2c(sc1C(=O)NNC(=O)CCNC(=O)N)CCC2,C47837245,0,296.3520000000001,0.05620000000000003,0
3837,c1cc(ccc1CC(=O)NNC(=O)CNC(=O)N)Cl,C47871957,0,284.703,-0.30180000000000046,0
3838,CCCCNC(=O)NNC(=O)CC[C@@H]1C(=O)NC(=O)N1,C49128261,0,285.304,-0.8948999999999991,0
3839,CCCCNC(=O)NNC(=O)CC[C@H]1C(=O)NC(=O)N1,C49128264,0,285.304,-0.8948999999999991,0
3840,c1cc(sc1)c2nnc(n2N)SCCC(=O)NC(=O)N,C49422682,0,312.38,0.39749999999999946,0
3841,COCCn1c(c(c(=O)[nH]c1=O)N[C@@H]2CCCNC2=O)N,C50396553,0,297.31500000000005,-1.5442999999999971,0
3842,c1cc(c(cc1S(=O)(=O)NCCS(=O)(=O)N)[N+](=O)[O-])N,C50657254,0,324.34000000000003,-1.256199999999998,0
3843,CS(=O)(=O)NCCNC(=O)c1cccc(n1)NN,C51129020,0,273.31800000000004,-1.3537999999999981,0
3844,C[C@@H](CNC(=O)[C@H](Cc1ccc(c(c1)O)O)N)C#N,C54158031,0,263.29699999999997,0.24347999999999953,0
3845,c1ccc(c(c1)CS(=O)(=O)N(CC(=O)N)CC(=O)N)N,C61807338,0,300.34,-1.6287999999999982,0
3846,Cc1csc(n1)CCNc2cc(cc(c2)S(=O)(=O)N)N,C63132967,0,312.42000000000013,1.3357200000000002,0
3847,Cc1c(c(=O)[nH]c(=O)[nH]1)CC(=O)NC[C@@H]2N[C@@H](NO2)c3ccccc3,C64411352,0,345.3590000000001,-0.8203799999999972,0
3848,CCNC(=O)NNC(=O)CCNC(=O)c1c[nH]c2c1cccc2,C65189620,0,317.349,0.6381000000000004,0
3849,CCNC(=O)NNC(=O)/C=C/c1ccc(cc1)S(=O)(=O)N,C65623235,0,312.35100000000006,-0.3024999999999988,0
3850,c1cc(ccc1[C@@H]2C(O2)(C(=O)N)C(=O)N)Br,C00027678,0,285.097,0.2298,0
3851,c1c(nc(nc1Cl)N)NCC2(COC2)CO,C01645720,0,244.68199999999996,0.13299999999999984,0
3852,c1ccc(cc1)Cn2cnc(c2N)C(=O)C(=O)N,C05607079,0,244.25399999999993,0.18159999999999998,0
3853,c1nc(c(c(n1)Cl)N)NNC(=O)CCl,C17352906,0,236.062,0.3940999999999997,0
3854,Cc1ccc2c(c1)c(=O)c(c[nH]2)NC(=O)NCCO,C13565931,0,261.281,0.9503199999999996,0
3855,C[C@H](Cn1cnc2ccc(cc2c1=O)N)C(=O)N,C35059086,0,246.26999999999995,0.10010000000000002,0
3856,c1cc(ccc1NN)S(=O)(=O)N2CCC(CC2)O,C35062927,0,271.3419999999999,0.11759999999999976,0
3857,c1ccc(c(c1)N)n2ccc(n2)C(=O)NCCO,C35428282,0,246.26999999999998,0.17659999999999976,0
3858,c1cc(ccc1/C(=N/O)/N)C(=O)N2CCC[C@@H](C2)CO,C36228058,0,277.32399999999996,0.6255999999999997,0
3859,Cc1cc(cc(c1)S(=O)(=O)NCCCO)N,C37054166,0,244.31599999999995,0.23791999999999985,0
3860,CNC(=O)CNS(=O)(=O)c1ccccc1N,C37224625,0,243.288,-0.7068999999999996,0
3861,C[C@H](CN1C(=O)c2cccc(c2C1=O)N)C(=O)N,C37227492,0,247.25399999999993,-0.013799999999999868,0
3862,NC1(C(=O)NC2(C(=O)O)CCCC2)CCCC1,C01691568,0,240.30299999999988,0.7714999999999992,0
3863,Cn1ccnc1Sc2cc(cc(c2)S(=O)(=O)N)N,C37934334,0,284.36600000000004,0.8009000000000002,0
3864,c1c2c(cc(c1N)NC[C@H]3COCCO3)NC(=O)C2,C38062616,0,263.297,0.5906999999999996,0
3865,c1cc(ccc1N)OCCC(=O)NCCCO,C40302464,0,238.28699999999995,0.5362999999999998,0
3866,Cc1c(cc(cc1F)C(=O)NCc2nc[nH]n2)N,C40308564,0,249.24900000000002,0.7644199999999999,0
3867,Cc1c(cc(cn1)N)C(=O)N2CCC(CC2)CC(=O)N,C40330177,0,276.34,0.6998200000000002,0
3868,CCn1cc(cc1C(=O)NCc2c[nH]nc2C)N,C40335886,0,247.302,1.05172,0
3869,c1csc(c1C(=O)N)NC(=O)[C@H]2CSCN2,C40859332,0,257.34,0.44799999999999984,0
3870,Cc1ccc(c(n1)N2CCCC[C@H]2CO)/C(=N/O)/N,C43399811,0,264.329,0.83572,0
3871,C[C@H](C(=O)NC)NC(=O)c1ccc(cc1F)N,C43571704,0,239.24999999999997,0.27219999999999944,0
3872,CCn1c(c(c(=O)[nH]c1=O)N[C@H]2CC2(C)C)N,C44367967,0,238.29099999999997,0.34909999999999985,0
3873,CC[C@H](/C(=N/O)/N)C(=O)NCC[C@H]1CCCO1,C44879549,0,243.30699999999996,0.4442999999999999,0
3874,c1c(cn[nH]1)NC(=O)NC[C@H](C(F)(F)F)O,C45666454,0,238.16899999999995,0.45439999999999975,0
3875,c1cc(c2cn[nH]c2c1)C(=O)NCCCC(=O)N,C48966215,0,246.26999999999992,0.5582000000000001,0
3876,c1ccc(c(c1)CS(=O)(=O)NCCCO)N,C50102240,0,244.31599999999995,0.07059999999999994,0
3877,c1cc(ccc1N)S(=O)(=O)N[C@@H]2CCCNC2=O,C50397195,0,269.32599999999996,-0.1743000000000005,0
3878,c1cc(c(cc1F)S(=O)(=O)N[C@@H]2CCCNC2=O)N,C50397281,0,287.31600000000003,-0.035199999999999954,0
3879,C1CCC(C1)(C(=S)N)C(=O)N[C@H]2CCCNC2=O,C50397942,0,269.37,0.22769999999999962,0
3880,c1c(cnc(c1Cl)NN)C(=O)N2CCC[C@H](C2)CO,C51088303,0,284.74699999999996,0.8650999999999998,0
3881,c1cnc(cc1C(=O)N2CCC[C@@H](C2)CO)NN,C51088308,0,250.30199999999994,0.2117,0
3882,c1cc(cnc1)CNC(=O)c2cc(ccn2)NN,C51088415,0,243.27,0.6921999999999999,0
3883,c1cc(ncc1C(=O)NCc2ccncc2)NN,C51093131,0,243.27,0.6921999999999999,0
3884,C[C@H](CN(C)C(=O)c1c(c(n[nH]1)C2CC2)N)O,C51817016,0,238.29099999999997,0.3221000000000001,0
3885,Cc1c(scn1)C(=O)NCCC/C(=N/O)/N,C54135875,0,242.30399999999995,0.7079199999999999,0
3886,Cc1ccc(cn1)C(=O)NCCC/C(=N/O)/N,C54136103,0,236.27499999999998,0.6464200000000002,0
3887,CNc1c(cccc1F)C(=O)NCCS(=O)(=O)N,C54207754,0,275.305,-0.11430000000000018,0
3888,Cc1cc(c(o1)C)[C@@H](C)NC(=O)c2nc([nH]n2)N,C55169593,0,249.274,1.0877400000000002,0
3889,C=CCn1c(cc(=O)nc1SCC(=O)N)N,C59941997,0,240.28799999999995,-0.41109999999999974,0
3890,C[C@@H](c1ccsc1)NC(=O)c2nc([nH]n2)N,C61366087,0,237.28799999999998,0.9394,0
3891,CN(Cc1cccnc1C(=S)N)CC(=O)N,C61659718,0,238.31599999999995,-0.3670999999999995,0
3892,c1cc(ncc1Br)C(=O)NC/C(=N/O)/N,C61871086,0,273.09,0.3203000000000002,0
3893,CN(CCCOC)c1ccc(cc1C(=O)N)N,C62032034,0,237.30299999999997,0.8404000000000003,0
3894,CC(C)(CO)NS(=O)(=O)c1cc(cnc1)N,C62430996,0,245.304,-0.2870000000000001,0
3895,Cc1nc(cs1)CNC(=O)c2c(c[nH]n2)N,C62811897,0,237.28799999999998,0.68682,0
3896,CNC(=O)CCNC(=O)c1ccc(cc1N)F,C62823372,0,239.25,0.27379999999999927,0
3897,Cc1nccc(n1)CNC(=O)c2c[nH]c3c2cc(cc3)N,C62832727,0,281.319,1.7785199999999999,0
3898,c1c(cc(c(c1F)NN)F)C(=O)N[C@@H]2CCS(=O)(=O)C2,C63007427,0,305.3060000000001,0.16729999999999978,0
3899,c1c(cc(c(c1F)NN)F)C(=O)N[C@H]2CCS(=O)(=O)C2,C63007428,0,305.3060000000001,0.16729999999999978,0
3900,c1ccc(cc1)/C=C/C(=O)NC(=S)Nc2ccccc2C(=O)N,C00463013,0,325.3930000000001,2.3119,0
3901,c1ccc2c(c1)c(c[nH]2)C(=O)NCCNC(=O)c3c[nH]c4c3cccc4,C12296391,0,346.39,2.809,0
3902,Cc1ccccc1[C@@H](C)NC(=O)CSc2[nH]c(=O)cc(n2)N,C12928902,0,318.40200000000004,1.63002,0
3903,COc1cc(ccc1O)C[C@H]2CO[C@@H]([C@@H]2CO)c3ccc(c(c3)O)O,C14642060,0,346.379,2.3507000000000007,0
3904,C[C@@H](C(=O)Nc1ccccc1C(F)(F)F)Sc2[nH]c(nn2)N,C15690603,0,331.323,2.525,0
3905,Cc1ccc(cc1C(=O)NCCc2c[nH]c3c2cccc3)S(=O)(=O)N,C21896949,0,357.43500000000006,2.0962199999999998,0
3906,c1cc(cc(c1)Br)S(=O)(=O)NC[C@H](c2ccc(cc2)N)O,C35367186,0,371.2560000000001,2.0432,0
3907,Cc1cc(c(s1)C)[C@H](C)Nc2cccc(c2)NS(=O)(=O)N,C37130684,0,325.4590000000001,3.15344,0
3908,Cc1c(nc(s1)C)[C@@H](C)Nc2cccc(c2)NS(=O)(=O)N,C37130687,0,326.4470000000001,2.5484399999999994,0
3909,CCOc1ccc(c(c1)OCC)C2C(=C(SC(=C2C#N)N)N)C#N,C00495492,0,342.4240000000001,2.70216,0
3910,c1ccc(c(c1)C(=O)NNC(=S)NC(=O)c2cccs2)O,C02316331,0,321.383,1.4029999999999998,0
3911,Cc1c(cccc1Cl)Nc2nc(nc(n2)N)CSCCO,C02263570,0,325.82500000000005,2.38472,0
3912,CC(=C)CS[C@H]1NN[C@@H](N1N)[C@@H]2C=C(N=N2)c3ccc(cc3)F,C38994759,0,334.42400000000004,2.2035,0
3913,c1cc(cc(c1)NS(=O)(=O)N)NC(=O)C[C@H]2C[C@H]3CC[C@@H]2C3,C39558366,0,323.41800000000006,2.0667999999999997,0
3914,c1cc(cc(c1)NS(=O)(=O)N)NC(=O)CCc2ccsc2,C39558394,0,325.41499999999996,1.9348,0
3915,C[C@@H](COC)Nc1c(c(ncn1)NCc2ccccc2Cl)N,C40801037,0,321.812,2.7710999999999997,0
3916,c1ccc2c(c1)c(c[nH]2)CCNS(=O)(=O)c3cc(cs3)N,C41068162,0,321.427,2.3326,0
3917,C[C@H](c1cccs1)NS(=O)(=O)c2cc(cnc2NN)Br,C41070083,0,377.289,2.2307,0
3918,C[C@@H](c1ccc(cc1)Br)NC(=O)[C@@H](C(C)C)NC(=O)N,C42052220,0,342.2370000000001,2.3191999999999995,0
3919,c1cc(cc2c1cc([nH]2)C(=O)NCCCC(=O)N)Br,C43111069,0,324.17799999999994,1.9256999999999997,0
3920,c1ccc(cc1)[C@@H](CNS(=O)(=O)c2c(cccc2Cl)N)O,C45166169,0,326.805,1.9341,0
3921,c1cc(cc(c1)C(=O)N)COC(=O)c2cc(ccc2Br)N,C45625929,0,349.18399999999997,2.4872,0
3922,c1ccc2c(c1)CCC[C@H]2NC(=O)Nc3ccc(cc3)OCC(=O)N,C45697749,0,339.39500000000015,2.7497999999999996,0
3923,c1ccc2c(c1)c(c[nH]2)CC(=O)NNC(=O)NCc3ccsc3,C46028223,0,328.397,2.3025,0
3924,c1ccc(cc1)C(=O)NNC(=O)NC[C@@H](c2ccc(c(c2)F)F)O,C46498733,0,335.31,1.6423999999999999,0
3925,c1cc(cc(c1)F)CNC(=O)C[C@@H](c2cccs2)NC(=O)N,C47688729,0,321.37700000000007,2.3031,0
3926,C[C@@H](c1ccc2ccccc2c1)NC(=O)C(=O)Nc3c(ccs3)C(=O)N,C48001526,0,367.43000000000006,2.8160999999999996,0
3927,C[C@H](c1ccc2ccccc2c1)NC(=O)C(=O)Nc3c(ccs3)C(=O)N,C48001527,0,367.43000000000006,2.8160999999999996,0
3928,c1ccc(c(c1)CN(CC(=O)N)c2c(cccn2)Br)N,C48759486,0,335.20500000000004,1.9181999999999997,0
3929,c1ccc(c(c1)CNS(=O)(=O)c2ccc(cc2)NN)Br,C48869856,0,356.245,2.2132,0
3930,C[C@H](c1ccccc1Cl)NS(=O)(=O)c2ccc(nc2)NN,C49512407,0,326.809,2.0601000000000003,0
3931,C[C@@H](c1ccc(cc1)Cl)NS(=O)(=O)c2ccc(nc2)NN,C49527038,0,326.809,2.0601,0
3932,CCC[C@@H](c1cccs1)NS(=O)(=O)c2ccnc(c2)NN,C49548252,0,326.447,2.2484,0
3933,C[C@H](c1cccc(c1)Br)NS(=O)(=O)c2cccnc2NN,C49570775,0,371.2600000000001,2.1692,0
3934,c1cc(c(cc1Br)Cl)S(=O)(=O)NCC/C(=N\O)/N,C54155930,0,356.6290000000001,1.5173,0
3935,c1cc(cc(c1)F)CCNC(=O)NNC(=O)c2cc(c[nH]2)Br,C54397750,0,369.194,2.103,0
3936,c1cc(c2cc[nH]c2c1)CNC(=O)CSc3nnc(s3)N,C55404645,0,319.415,2.0100999999999996,0
3937,Cc1cc(=O)[nH]c(n1)NNC(=S)Nc2ccc(c(c2)F)Cl,C15911975,0,327.77200000000005,2.1843199999999996,0
3938,c1cc(ccc1C2=CCN(CC2)CC(=O)Nc3c(ccs3)C(=O)N)O,C58345448,0,357.435,2.280399999999999,0
3939,C[C@@H](C(=O)Nc1c(ccs1)C(=O)N)Sc2[nH]c3cc(c(cc3n2)F)F,C58611214,0,382.41700000000003,3.120800000000001,0
3940,CCc1cccc(c1NC(=O)N[C@@H](C)c2ccc(cc2)S(=O)(=O)N)C,C43156646,0,361.4670000000001,3.0875200000000005,0
3941,Cc1nc(cs1)/C=C/C(=O)N[C@H](C)c2ccc(cc2)NC(=O)N,C58912550,0,330.413,2.8327199999999992,0
3942,NS(=O)(=O)c1ccc(NC(S)=NCc2ccc(F)cc2)cc1,C13496795,0,339.41700000000003,2.3710000000000004,0
3943,CC(C)c1ccccc1NC(=S)NNC(=O)c2cc3ccccc3[nH]c2=O,C66122804,0,380.47300000000007,3.2829000000000006,0
3944,Cc1ccc2cccc(c2n1)NC(=O)C[C@H](c3cccs3)NC(=O)N,C66715697,0,354.43500000000006,3.3429200000000003,0
3945,c1cc(cc(c1)Cl)C/C(=N\OCc2cccc(c2)C(=O)N)/N,C66860428,0,317.77600000000007,2.4703999999999993,0
3946,Cc1cccc(c1)C(=O)NNC(=O)NC[C@@H](c2cccc(c2)F)O,C67103035,0,331.34700000000004,1.8117199999999998,0
3947,c1ccc2c(c1)ccn2CCC(=O)Nc3ccc(cc3)CNC(=O)N,C67262513,0,336.39500000000004,2.838399999999999,0
3948,c1ccc2cc(ccc2c1)[C@H](CNc3c(cc(cn3)C(=O)N)Cl)O,C67373044,0,341.79800000000006,3.1326000000000014,0
3949,c1ccc(cc1)NCCCNC(=O)Nc2ccc3c(c2)C(=O)NC3,C67550670,0,324.38400000000007,2.5537,0
3950,c1cc(ccc1CNC(=S)Nc2ccc3c(c2)OCO3)S(=O)(=O)N,C05041552,0,365.43600000000015,1.5493000000000001,0
3951,CCCCn1c(c(c(=O)[nH]c1=O)C(=S)NC(=O)c2cccc(c2)F)N,C03313295,0,364.40200000000004,1.1635,0
3952,COc1cc(c(cc1OCCO)Br)/C=N/NC(=S)N,C02102404,0,348.222,0.9958999999999998,0
3953,CC(C)(C)NC(=O)NC(=O)CNc1ccc(cc1)C(=O)NC2CC2,C12538992,0,332.4040000000001,1.6149999999999995,0
3954,COc1cc(ccc1O)[C@H]2[C@@H]([C@H](CO2)[C@@H](c3ccc(c(c3)OC)O)O)CO,C14435808,0,376.4050000000001,2.144600000000001,0
3955,Cc1cccc(c1C)NC(=S)NNC(=S)Nc2cccnc2,C16266706,0,331.4700000000001,2.8864400000000003,0
3956,c1ccc(cc1)NC(=S)NNC(=O)CCCNC(=O)c2ccc(cc2F)F,C22603487,0,392.4310000000001,2.4925999999999995,0
3957,CCc1cccc(c1NC(=S)NNC(=O)CNC(=O)c2ccc(s2)C)C,C26961421,0,390.53400000000016,2.6749400000000003,0
3958,CC(C)[C@@H](C(=O)NNC(=S)NC)NC(=O)c1ccc(cc1)F,C33026922,0,326.39700000000005,0.7052000000000004,0
3959,c1ccc2c(c1)C[C@@H](N(C2)CC(=O)NC(=O)NCCc3cccs3)C(=O)N,C13018525,0,386.4770000000001,1.0285999999999997,0
3960,CSCc1ccc(o1)CNc2cccc(c2)NS(=O)(=O)N,C37316597,0,327.4310000000001,2.3700999999999994,0
3961,CCCCn1c2ccccc2nc1S[C@@H]3[C@@H]([C@@H]([C@@H]([C@@H](O3)CO)O)O)O,C39915824,0,368.4550000000001,0.7283999999999995,0
3962,CC(C)CCn1c2ccccc2nc1S[C@@H]3[C@H]([C@@H]([C@@H]([C@@H](O3)CO)O)O)O,C39915830,0,382.4820000000001,0.9743999999999993,0
3963,c1cc(c(cc1Nc2c(c(ncn2)NCCN3CCOCC3)N)F)F,C40800323,0,350.37300000000005,1.8246999999999993,0
3964,c1cc2cccnc2c(c1)CC(=O)Nc3cccc(c3)C(=O)NCC(=O)N,C42074379,0,362.3890000000001,1.6310999999999993,0
3965,C[C@H](C(=O)NNC(=S)Nc1ccc(cc1F)F)NC(=O)c2cccs2,C42080149,0,384.4330000000001,2.1624,0
3966,CCNC(=O)c1cccc(c1)CNC(=O)NNc2cccc(c2)C#N,C47124847,0,337.38300000000004,2.1342799999999995,0
3967,Cc1ccc(c(c1)[C@@H](C)NC(=O)C(=O)Nc2c(ccs2)C(=O)N)OC,C47966375,0,361.4230000000001,1.9799199999999997,0
3968,C=C(CNC(=O)Nc1ccccc1OCCC(=O)N)Br,C49300709,0,342.193,1.9708999999999999,0
3969,c1c(c[nH]c1C(=O)NNC(=S)NCC(F)(F)F)Br,C49496671,0,345.144,1.4484,0
3970,CC(C)[C@@H](c1cccs1)NS(=O)(=O)c2cccnc2NN,C49560615,0,326.447,2.1043000000000003,0
3971,C#CCNC(=O)CNC(=O)Nc1cccc(c1)NC(=O)c2ccccc2,C51615109,0,350.3780000000001,1.809799999999999,0
3972,C/C(=C(\C#N)/C(=O)N)/NCCNc1c(cc(cn1)C(F)(F)F)Cl,C12350107,0,347.72799999999995,2.0381799999999997,0
3973,c1cc(ccc1Cc2ccc(cc2)OC[C@H](CO)O)OC[C@@H](CO)O,C12374475,0,348.3950000000001,0.741399999999999,0
3974,c1cc(ccc1c2c(c[nH]n2)CNC(=O)CSc3nnc(s3)N)F,C55036421,0,364.43100000000004,2.058,0
3975,c1cc(ccc1NC(=O)CNC(=O)c2ccsc2)NC(=O)NC3CC3,C55189014,0,358.4230000000001,2.4005,0
3976,c1cc(cc(c1)C(=O)NCc2ccco2)CNc3ccc(c(c3)C(=O)N)F,C55850256,0,367.3800000000001,3.0597000000000003,0
3977,Cc1cccc(c1)C(=O)NCCNC(=O)NC[C@H](c2ccc(c(c2)F)F)O,C57325037,0,377.391,2.0358199999999997,0
3978,Cc1ccc(cc1)CSCC(=O)NCc2ccc(cc2)C(=O)NCC(=O)N,C47277138,0,385.48900000000015,1.7597199999999997,0
3979,c1cc(cc(c1)Br)[C@H](CC(=O)NCc2ccc(cc2)F)NC(=O)N,C22408630,0,394.244,3.0041,0
3980,CNC(=S)NNC(=O)CCNC(=O)C12CC3CC(C1)CC(C3)C2,C60439747,0,338.47700000000015,0.8341999999999985,0
3981,CNC(=S)NNC(=O)c1cccc(c1)NC(=O)c2cccs2,C60878902,0,334.42600000000004,1.739099999999999,0
3982,Cc1ccc(cc1F)C(=O)NCCNC(=O)NC[C@@H](c2ccc(cc2)F)O,C61962973,0,377.3910000000001,2.0358200000000006,0
3983,c1c(c[nH]c(=O)c1NC(=O)NCC(=O)NCC(F)(F)F)C(F)(F)F,C63161542,0,360.21399999999994,1.1937000000000002,0
3984,CC(C)[C@H](C(=O)NNC(=O)NC(C)C)NC(=O)c1c(cccc1F)F,C63270955,0,356.37300000000005,1.458,0
3985,Cc1ccc(c(c1)NC(=S)NNC(=O)CCNC(=O)c2cccs2)F,C63345466,0,380.4700000000001,2.3333199999999996,0
3986,Cc1cccc(c1)C(C)(C)CNC(=O)C(=O)Nc2c(ccs2)C(=O)N,C63435229,0,359.4510000000001,2.1879199999999996,0
3987,CC(C)NC(=O)NC(=O)CNc1ccccc1C(=O)NC(C)(C)C,C63468508,0,334.4200000000001,1.8609999999999995,0
3988,Cc1cc(sc1C(=O)NCCNc2cccc(c2C#N)F)S(=O)(=O)N,C63863389,0,382.4420000000001,1.5566,0
3989,c1ccc(c(c1)CCNC(=O)NNC(=O)C(=O)NC2CC2)Br,C64242718,0,369.2190000000001,0.6006,0
3990,c1cc(ccc1C[C@@H](CNC(=O)c2ccc3c(c2)NC(=O)CO3)C(=O)N)F,C66051617,0,371.36800000000017,1.2305999999999997,0
3991,c1cc(cc(c1)NC(=O)Cc2ccc(cc2)N)C(=O)NC[C@@H]3CCCO3,C66153946,0,353.42200000000014,2.3587999999999996,0
3992,c1cc(cc(c1)Br)N2CC[C@@H](C2)CNC(=O)NCCC(=O)N,C66342108,0,369.26300000000015,1.4500000000000002,0
3993,C[C@H](C(=O)Nc1ccc(cn1)Cl)Nc2cccc(c2)NC(=O)CO,C66582545,0,348.79000000000013,2.1049,0
3994,Cc1ccc(c(c1)S(=O)(=O)NCCN[C@@H](c2ccc(cc2)F)C(=O)N)C,C66939211,0,379.4570000000001,1.5370399999999997,0
3995,c1ccc2c(c1)CCC[C@@]2(CNC(=O)NCCNc3ncccn3)O,C66952638,0,341.415,1.4117999999999997,0
3996,C[C@H](C(=O)NNC(=S)Nc1cccc(c1)C#C)NC(=O)c2cccs2,C67196441,0,372.4750000000001,1.8654999999999995,0
3997,Cc1c(c(n[nH]1)C)NC(=O)CCCC[C@@H]2[C@@H]3[C@@H](CS2)NC(=O)N3,C67200824,0,337.44899999999996,1.6908399999999997,0
3998,CSc1c(c(cc(n1)C2CC2)C(=O)Nc3ccc(cc3)CNC(=O)N)C#N,C67241145,0,381.4610000000001,2.9731799999999993,0
3999,C[C@@H](c1cccc(c1)S(=O)(=O)NC)NC(=O)NCc2ccccc2O,C67413716,0,363.4390000000001,1.8607,0
4000,c1cc(sc1)/C=C/C(=O)NC(=S)NNC(=O)c2ccc(cc2)O,C06527088,0,347.42100000000005,1.8025999999999995,0
4001,c1cc(ccc1CNC(=S)Nc2ccc(cc2)F)S(=O)(=O)N,C00448403,0,339.4170000000001,1.9597,0
4002,CCNC(=S)NNC(=O)CCC(=O)Nc1ccccc1Cl,C06938811,0,328.82500000000005,1.5738999999999999,0
4003,c1ccc(cc1)C(=O)NC(=S)Nc2ccccc2C(=O)NCCCO,C14783862,0,357.4350000000002,1.9255999999999998,0
4004,c1ccc(cc1)C2=NN([C@@H](S2)[C@H]([C@H]([C@H](CO)O)O)O)c3ccccc3,C16953248,0,360.43500000000006,1.0026999999999997,0
4005,c1ccc2c(c1)c(c[nH]2)CCNC(=O)CSc3c(cc(c(n3)N)C#N)C#N,C19182218,0,376.4450000000001,2.33946,0
4006,Cc1ccc(c(c1)NC(=S)NNC(=O)CCNC(=O)c2ccsc2)C,C22602837,0,376.5070000000001,2.5026400000000004,0
4007,CC[S@@](=O)c1ccccc1C(=O)Nc2nc(cs2)c3cc([nH]c3)C(=O)N,C24755853,0,388.4740000000001,2.6168999999999993,0
4008,c1cc(ccc1CNC(=O)NCCc2ccc(s2)S(=O)(=O)N)F,C36395158,0,357.432,1.5765000000000002,0
4009,CC(C)(C)NC(=O)[C@H](c1c(cc(cc1O)O)O)N(C)C(=O)CCS,C36532125,0,356.44400000000013,1.5374999999999996,0
4010,Cc1c(sc(n1)N)SCCOc2ccc(cc2)S(=O)(=O)N,C37036655,0,345.47100000000006,1.8522199999999998,0
4011,c1ccc(c(c1)CNc2c(c(ncn2)NC[C@H]3CCCO3)N)Cl,C40687206,0,333.8230000000001,2.9151999999999996,0
4012,CCC(CC)NS(=O)(=O)c1cc(cnc1NN)Br,C41069917,0,337.243,1.5965999999999998,0
4013,CC[C@H](c1cccc(c1)Cl)NC(=O)C(=O)Nc2ccc(c(c2)C(=O)N)F,C41556842,0,377.80300000000005,2.784,0
4014,c1ccc(cc1)C(=O)NCCNC(=O)NNC(=O)c2ccccc2Cl,C45560652,0,360.80100000000004,1.7139999999999995,0
4015,c1ccc(cc1)n2cc(cn2)CCNC(=O)Nc3ccc(c(c3)C(=O)N)F,C45692690,0,367.38400000000007,2.4744999999999995,0
4016,C[C@H](c1ccc(s1)Cl)NC(=O)[C@H](CCSC)NC(=O)N,C46294151,0,335.88200000000006,2.3687,0
4017,c1cc(cc(c1)NC(=O)N)NC(=O)CCS(=O)(=O)c2ccc3c(c2)CCC3,C46574112,0,387.4610000000002,2.468400000000001,0
4018,c1ccn(c1)c2ccc(cc2)CC(=O)NCc3ccc(cc3)NC(=O)N,C46864209,0,348.40600000000006,2.8267999999999995,0
4019,c1c(cnc(c1Cl)NCCNC(=O)Nc2c[nH]nc2)C(F)(F)F,C46920239,0,348.716,2.7104999999999997,0
4020,CNC(=O)c1cc(ccc1F)NC(=O)NC[C@@H](c2ccc(cc2)OC)O,C50087537,0,361.37300000000005,2.049,0
4021,C[C@H](Cc1ccccc1F)NC(=O)C(=O)Nc2ccc(c(c2)C(=O)N)Cl,C54895487,0,377.8030000000001,2.2639,0
4022,Cc1nc(cs1)c2ccc(s2)CCNC(=O)CCCCNC(=O)N,C24238984,0,366.51200000000017,2.677319999999999,0
4023,CNC(=S)NNC(=O)CCNC(=O)c1ccc(cc1)Br,C58089082,0,359.24899999999997,0.6940999999999995,0
4024,Cc1ccccc1C(=O)NCCC(=O)NNC(=O)c2cc(c[nH]2)Br,C24123997,0,393.241,1.6667199999999995,0
4025,CN(CC(=O)N)C(=O)CCNC(=O)NC12CC3CC(C1)CC(C3)C2,C58254227,0,336.43600000000015,0.5882000000000001,0
4026,CCCC(=O)NCC(=O)NNC(=S)NCCc1cccs1,C58835239,0,328.463,0.7022000000000005,0
4027,c1ccc(c(c1)[C@H](CNC(=O)Nc2cccc(c2)C(=O)NC3CC3)O)F,C58880843,0,357.3850000000001,2.573000000000001,0
4028,c1cc(cnc1)NC(=S)NNC(=S)Nc2ccc(cc2)Br,C59114869,0,382.31200000000007,3.0321000000000007,0
4029,c1cc(ccc1CNC(=O)c2csc3c2CCCC3)C(=O)NCC(=O)N,C47217950,0,371.46200000000016,1.7719999999999996,0
4030,Cc1cc(c(n1c2ccccc2)C)C(=O)CSCc3nc(nc(n3)N)N,C61455333,0,368.4660000000002,2.5596399999999995,0
4031,Cc1cc([nH]c(=O)c1CNC(=O)NCCNC(=O)c2ccc(cc2)Cl)C,C61551958,0,376.8440000000001,1.8743400000000006,0
4032,CC(C)(CNC(=O)CCCNC(=O)c1ccc(cc1F)F)C(=O)N,C61982727,0,341.35800000000006,1.1024999999999994,0
4033,c1ccc(c(c1)CC(=O)N)NC(=O)C(=O)NCc2csc3c2cccc3,C62204303,0,367.43,2.1839999999999993,0
4034,Cc1c(c2cc(ccc2[nH]1)F)C(=O)NCCCc3ccc(cc3)S(=O)(=O)N,C62512888,0,389.45200000000006,2.625419999999999,0
4035,c1c(cnc(c1S(=O)(=O)NCCC(F)(F)F)NN)Br,C63101567,0,363.15899999999993,1.3604,0
4036,Cc1c(c(on1)Cl)CCC(=O)NCc2cccc(c2)NC(=O)N,C63340388,0,336.77900000000005,2.3760199999999996,0
4037,Cc1ccc(c(c1)NC(=S)NNC(=O)CCNC(=O)[C@@H]2C[C@H]2C)F,C63344185,0,352.4350000000001,1.6140199999999996,0
4038,CCO[C@@H](CN[C@H](N(c1c(cc(cn1)C(F)(F)F)Cl)N)S)O,C64220232,0,360.789,1.5918,0
4039,C1CC1NC(=O)NNC(=O)CNC(=O)CC23CC4CC(C2)CC(C4)C3,C64428766,0,348.4470000000002,1.2018999999999993,0
4040,CC(C)(C)c1ccc(cc1)C(=O)NCC(=O)NNC(=O)NC2CC2,C64428879,0,332.4040000000001,1.2066999999999999,0
4041,Cc1c([nH]c2c1cc(cc2)CNC(=O)NCCC(=O)NC(C)C)C,C65018384,0,330.432,2.498640000000001,0
4042,C[C@H](c1cccc(c1)F)N[C@H](C)C(=O)Nc2c(ccs2)C(=O)N,C48343369,0,335.40400000000005,2.6639,0
4043,c1ccc2c(c1)NC(=O)[C@@H](S2)CC(=O)NNC(=S)Nc3ccc(cc3)F,C08347959,0,390.46500000000003,2.6464,0
4044,CCC[C@H](C(=O)Nc1cc(nn1c2ccccc2F)C)NC(=O)N,C66664031,0,333.3670000000001,2.09532,0
4045,c1ccc(c(c1)CC(=O)NNC(=O)c2ccc(cc2)NC(=O)NC3CC3)F,C66774881,0,370.38400000000007,2.1132999999999997,0
4046,c1cc(ccc1[C@H](C(=O)N)NCCNC(=O)c2ccc(cc2)Cl)F,C66939144,0,349.79299999999995,2.0251,0
4047,C[C@@H](C(=O)Nc1ccc(cc1)CNC(=O)N)S(=O)(=O)c2ccc(cc2)F,C67239319,0,379.41300000000007,1.7948999999999997,0
4048,c1ccc2cc(ccc2c1)[C@@H](CNC(=O)NNC(=O)Cc3ccccn3)O,C67479748,0,364.4050000000001,1.8412999999999995,0
4049,CC[C@H](c1cccc(c1)Cl)NC(=O)C(=O)Nc2ccc(c(c2)C(=O)N)C,C67496644,0,373.8400000000001,2.9533199999999997,0
4050,CCOc1cc(ccc1OCC=C)[C@H]2c3ccc(cc3OC(=C2C#N)N)N,C08846176,0,363.41700000000014,3.4504800000000007,0
4051,Cc1ccc(cc1F)CNC(=O)C[C@@H](c2cccs2)NC(=O)N,C10496520,0,335.40400000000005,2.61152,0
4052,c1ccc(c(c1)NC(=S)NNC(=S)N/N=C/c2ccccn2)Cl,C13650689,0,364.88700000000006,2.4346000000000005,0
4053,c1ccc2c(c1)cc([nH]2)C(=O)NCCNC(=O)Cc3c[nH]c4c3cccc4,C13720825,0,360.41700000000003,2.7379,0
4054,c1ccc2c(c1)c(c[nH]2)CCCC(=O)Nc3cccc(c3)S(=O)(=O)N,C15416870,0,357.43500000000006,2.7767,0
4055,c1cc(sc1)CCNC(=O)CNc2ccc(c(c2)C(=O)N)Cl,C26786062,0,337.832,2.2712,0
4056,Cc1cccc(c1C)NC(=S)NNC(=O)CNC(=O)c2ccc(s2)C,C28615765,0,376.5070000000002,2.42096,0
4057,c1cc(cc(c1)Cl)NC(=S)NNC(=O)CCNC(=O)C2CCCC2,C31492446,0,368.8900000000002,2.3541,0
4058,CCC[C@@H](/C(=N/O)/N)NS(=O)(=O)c1cc(cc(c1)Cl)Cl,C40376888,0,340.23199999999997,2.1868,0
4059,COCCNc1c(c(ncn1)Nc2ccccc2Br)N,C40781412,0,338.20900000000006,2.6231999999999998,0
4060,COCCNc1c(c(ncn1)Nc2ccc(cc2)Br)N,C40782255,0,338.20900000000006,2.6231999999999998,0
4061,C[C@H](c1cccc(c1)NC(=O)Cc2ccccc2F)NC(=O)NCCO,C42874691,0,359.40100000000007,2.3594000000000004,0
4062,C[C@@H]1CCCC[C@@H]1NC(=S)NNC(=O)CCNC(=O)c2cccs2,C47340656,0,368.5280000000001,1.942,0
4063,C[C@H]1CCCC[C@@H]1NC(=S)NNC(=O)CCNC(=O)c2cccs2,C47340657,0,368.5280000000001,1.942,0
4064,Cc1ccc(s1)C(=O)NCC(=O)NNC(=S)N[C@@H]2CCC[C@H]([C@@H]2C)C,C47872181,0,382.5550000000002,2.1063199999999993,0
4065,c1cc(ccc1C[C@H](CNC(=O)c2cc([nH]n2)c3ccc(cc3)F)C(=O)N)F,C48303428,0,384.3860000000001,2.4288999999999996,0
4066,CCC[C@@H](C(=O)NCc1cc(ccc1Br)F)NC(=O)N,C49117075,0,346.20000000000005,2.0414,0
4067,COc1cc(ccc1OCc2ccc(cc2)Cl)/C=N/N=C(N)N,C04673077,0,332.79100000000005,2.534900000000001,0
4068,c1cc(cc(c1)NC(=O)CCNC(=O)Nc2ccc(cc2)Br)CO,C51482774,0,392.25300000000004,3.091700000000001,0
4069,Cc1ccccc1C(=O)NCCC(=O)NNC(=S)Nc2ccc(cc2F)F,C52539653,0,392.43100000000004,2.41092,0
4070,c1cc(cc(c1)C(=O)NCc2ccco2)CNc3ccc(c(c3)Cl)C(=O)N,C55836658,0,383.8350000000001,3.5740000000000007,0
4071,c1cc(ccc1CCNC(=O)CNc2ccc(c(c2)C(=O)N)F)F,C55850708,0,333.338,1.8345000000000002,0
4072,Cc1ccc(c(c1)C)NC(=S)NNC(=O)CNC(=O)c2ccccc2F,C28616302,0,374.44100000000014,2.1901399999999995,0
4073,c1ccc(c(c1)CC(=O)NCc2ccc(cc2)N3CCC[C@@H](C3)C(=O)N)O,C58428166,0,367.4490000000002,1.9527999999999994,0
4074,CSc1ccc(cc1)NC(=O)NCCc2ccc(cc2)S(=O)(=O)N,C43856305,0,365.4800000000001,2.4200999999999997,0
4075,c1cc(cc(c1)C(F)(F)F)CC(=O)NCc2cccc(c2)NC(=O)N,C59898964,0,351.32800000000003,3.0549,0
4076,Cc1cccc(c1C)NC(=S)NCCc2ccc(cc2)S(=O)(=O)N,C08829795,0,363.5080000000001,2.47994,0
4077,CCOc1ccc(O)c(C=NCCc2ccc(S(N)(=O)=O)cc2)c1,C22727195,0,348.42400000000004,2.0999,0
4078,C[C@H](c1ccc(c(c1)Cl)F)N[C@@H](C)C(=O)Nc2ccc(cc2)S(=O)(=O)N,C62239789,0,399.8750000000001,2.8043000000000005,0
4079,Cc1ccc(c(c1)NC(=S)NNC(=O)/C(=C\c2ccccc2)/NC(=O)C)F,C63344754,0,386.45200000000006,2.62892,0
4080,CC(C)[C@H](C(=O)NNC(=S)NCC(F)(F)F)NC(=O)c1ccccc1F,C64080885,0,394.39400000000006,1.637699999999999,0
4081,C#CCNC(=O)CCNC(=O)NC[C@H](c1ccccc1)c2c[nH]c3c2cccc3,C64643593,0,388.4710000000001,2.7385,0
4082,c1ccc(c(c1)CCNC(=O)Nc2cccc(c2)S(=O)(=O)N)C(F)(F)F,C65029003,0,387.3830000000001,2.7170000000000005,0
4083,C[C@H](c1ccc(cc1Cl)Cl)NC(=S)NNC(=O)c2ccc(=O)[nH]c2,C66122115,0,385.2760000000001,2.5518,0
4084,Cc1ccc(c(=O)[nH]1)C(=O)NNC(=S)N[C@@H](C)c2ccc(cc2Cl)Cl,C66122289,0,399.3030000000001,2.860220000000001,0
4085,c1cc(ccc1C(F)(F)F)OC[C@H](CNc2c(cc(cn2)C(=O)N)Cl)O,C66387888,0,389.761,2.7045,0
4086,c1cc(c(c(c1)Cl)Cl)[C@H](C#N)NC(=O)CCCCNC(=O)N,C66394353,0,343.2140000000001,2.5128800000000004,0
4087,c1cc(ccc1C[C@@H](CNC(=O)Nc2ccc(cc2)F)C(=O)N)F,C66456642,0,333.3380000000001,2.4305,0
4088,c1cc(ccc1[C@H](C(=O)N)NCC(=O)Nc2ccc(cc2)Br)F,C66939834,0,380.2169999999999,2.3428999999999993,0
4089,c1ccc2c(c1)CCC[C@]2(CNC(=O)NCCCNC(=O)c3ccccc3F)O,C66977634,0,399.46600000000007,2.468900000000001,0
4090,CC(C)(C)SCCNC(=O)NNC(=O)c1c[nH]c2c1cccc2,C67087912,0,334.44500000000005,2.6436,0
4091,c1ccc2c(c1)c(c[nH]2)CCNC(=O)CCCC[C@@H]3[C@@H]4[C@@H](CS3)NC(=O)N4,C67126398,0,386.52099999999996,2.5523999999999996,0
4092,c1cc(cc(c1)Cl)NNC(=O)CCCC[C@H]2[C@@H]3[C@@H](CS2)NC(=O)N3,C67144456,0,368.89,2.5088999999999997,0
4093,c1cc(c(nc1)SC2CCCC2)C(=O)Nc3ccc(cc3)CNC(=O)N,C67239046,0,370.47800000000007,3.5369,0
4094,C[C@@H]1C[C@H]1c2ccc(o2)/C=C/C(=O)Nc3ccc(cc3)CNC(=O)N,C67241230,0,339.3950000000001,3.2232000000000003,0
4095,c1cc(ccc1CNC(=O)N)NC(=O)CSCc2ccc(cc2)Cl,C67263074,0,363.87,3.380200000000001,0
4096,c1cc(sc1)CCNC(=S)NNC(=O)CCNC(=O)c2ccc(cc2)F,C67464266,0,394.49700000000007,1.745099999999999,0
4097,C[C@@H]1CCCC[C@@H]1NC(=S)NNC(=O)CNC(=O)c2cc(cc(c2)F)F,C67464455,0,384.4520000000001,1.7685999999999997,0
4098,Cc1c(cccc1NC(=O)NCCCNc2ccccc2)C(=O)NC,C67540378,0,340.427,2.978320000000001,0
4099,C[C@H](c1cccc(c1)NC(=O)NCCc2ccc(cc2)S(=O)(=O)N)SC,C67578485,0,393.53400000000005,3.1222000000000003,0
4100,c1cc2c(cc1N(CCO)CCO)[C@@]3(CCC2)C(=O)NC(=O)N3,C01572976,0,319.361,-0.15139999999999965,0
4101,CCCCS(=C)(=C)[C@H]1[C@H]([C@@H]([C@@H]([C@H](O1)CO)O)O)O,C22060216,0,280.386,-0.7449999999999997,0
4102,C1CCC(C1)c2nc([nH]n2)SCCC(=O)NC(=O)N,C25000774,0,283.357,1.1394000000000002,0
4103,Cc1cccc(c1)C(=O)NCC(=O)NNC(=S)NC,C32579319,0,280.353,-0.15007999999999933,0
4104,c1cc(sc1)CNC(=O)CSc2nc([nH]n2)N,C03575679,0,269.355,0.8568999999999998,0
4105,c1ccc(c(c1)NN)S(=O)(=O)NCc2ccccn2,C35354615,0,278.337,0.8456999999999999,0
4106,c1cc(cnc1)CNS(=O)(=O)c2cccnc2NN,C35358561,0,279.325,0.24069999999999986,0
4107,C[C@H](CC(=O)c1c(cc(c(c1O)CCO)O)OC)O,C35459157,0,270.28099999999995,0.5947999999999998,0
4108,CNS(=O)(=O)c1ccc(c(c1)N)SCCO,C36335907,0,262.35599999999994,0.26130000000000003,0
4109,CC(C)Cn1c(c(c(=O)[nH]c1=O)NCc2ccco2)N,C37486160,0,278.312,0.9799,0
4110,c1cc(sc1)CCNS(=O)(=O)c2c[nH]nc2N,C37557597,0,272.355,0.5744,0
4111,c1cc(cc(c1)N)CN(CC(=O)N)c2nccs2,C37672359,0,262.33799999999997,1.2171999999999998,0
4112,NCCCCNC(=O)CC1(CC(=O)O)CCCCC1,C37796955,0,270.373,1.6567999999999996,0
4113,C[C@@H](c1ccco1)NS(=O)(=O)c2ccnc(c2)NN,C38009078,0,282.325,0.9997,0
4114,c1cc(cc(c1)OCC(=O)NC(=O)NCc2ccco2)N,C38055125,0,289.29100000000005,1.2666,0
4115,Cc1ccc2cccc(c2n1)OCC(=O)NNC(=S)N,C39328328,0,290.348,0.7864199999999999,0
4116,O=C(C[C@H](NCCO)C(=O)O)Nc1ccccc1Br,C39880326,0,331.16600000000005,0.8128000000000004,0
4117,CCc1ccc(cc1S(=O)(=O)NCc2c[nH]nc2)N,C40347150,0,280.353,1.0328000000000002,0
4118,c1cc(ccc1NC(=O)NCCCS(=O)(=O)N)F,C40383962,0,275.30499999999995,0.6258,0
4119,C[C@@H](c1ccc(cc1)F)NC(=O)Nc2cnn(c2)CC(=O)N,C40549435,0,305.3130000000001,1.3901999999999999,0
4120,c1ccc(c(c1)CC(=O)N)NS(=O)(=O)c2c[nH]nc2,C40829479,0,280.30899999999997,0.23829999999999968,0
4121,Cc1ccc(nn1)N(Cc2ccc(cc2)N)CC(=O)N,C41074898,0,271.324,0.8591200000000001,0
4122,CSCC[C@@H](C(=O)NCCc1ccco1)NC(=O)N,C41599500,0,285.369,0.7283000000000002,0
4123,c1cc(c(cc1/C=C(\C#N)/C(=O)NCCCO)O)O,C41710697,0,262.26499999999993,0.5033799999999995,0
4124,C[C@@H](C(=O)NCC(C)C)[S@](=O)c1[nH]c2cc(ccc2n1)N,C42196102,0,308.40700000000004,1.4133999999999995,0
4125,C#CCNC(=O)NCCc1ccc(s1)S(=O)(=O)N,C43481024,0,287.36600000000004,-0.12960000000000005,0
4126,CCCC(CCC)(/C(=N/O)/N)C(=O)N1CCC(CC1)O,C44864659,0,285.388,1.3027000000000002,0
4127,CSCC[C@@H](C(=O)NCCc1ccsc1)NC(=O)N,C46243260,0,301.437,1.1967999999999999,0
4128,c1cc(sc1CCNC(=O)c2cc[nH]n2)S(=O)(=O)N,C48579856,0,300.36500000000007,0.09110000000000013,0
4129,Cc1cc([nH]n1)C(=O)NCCc2ccc(s2)S(=O)(=O)N,C48624632,0,314.39200000000005,0.39951999999999976,0
4130,c1ccc2c(c1)c(=O)c(c[nH]2)C(=O)NCCCC(=O)N,C48914160,0,273.292,0.5233999999999998,0
4131,c1c[nH]nc1C(=O)NNC(=S)NCC(F)(F)F,C49496736,0,267.236,0.08089999999999986,0
4132,c1cc(c(cc1[C@@H](CCC(=O)NCc2ccncc2)O)N)F,C49912001,0,303.337,1.9328999999999996,0
4133,c1cc(cc(c1)/C(=N\O)/N)CNC(=O)Cc2ccsc2,C50224081,0,289.35999999999996,1.7014999999999998,0
4134,CC(C)[C@@H](/C(=N/O)/N)C(=O)NC[C@H]1CCS(=O)(=O)C1,C50604428,0,291.37300000000005,-0.44409999999999905,0
4135,CCCNc1cc(ccn1)C(=O)NC(C)(C)C(=O)N,C50789969,0,264.32899999999995,0.8972,0
4136,CC(C)c1ncc(c(n1)C(=O)NC[C@@H]2CCCO2)NN,C51093226,0,279.34399999999994,0.7943999999999998,0
4137,c1cnn(c1)CCNC(=O)c2c(ccc(n2)NN)Cl,C51124728,0,280.719,0.6470999999999998,0
4138,C[C@H](CN(C)S(=O)(=O)c1ccc2c(c1)ccc(n2)NN)O,C51840064,0,310.379,0.5217000000000003,0
4139,CCCn1cc(c(n1)N)S(=O)(=O)N[C@@H]2CCCC[C@H]2O,C51994425,0,302.40000000000003,0.457099999999999,0
4140,c1ccc(c(c1)/C(=N\O)/N)N2CCC[C@@H]2CCCO,C52760257,0,263.3409999999999,1.5224,0
4141,c1c(c(cc(c1S(=O)(=O)NCCOCCO)Cl)F)N,C52925100,0,312.74999999999994,0.34849999999999975,0
4142,c1cc(c(c(c1)F)NN)C(=O)NCCn2cccn2,C54217344,0,263.276,0.7377999999999995,0
4143,c1ccc2c(c1)c(n[nH]2)NC(=O)CCSCC(=O)N,C55391269,0,278.337,1.1099999999999997,0
4144,c1cc(sc1)c2nnc(n2N)SCCC(=O)N,C61726907,0,269.35499999999996,0.6878999999999995,0
4145,c1ccc(c(c1)CN(CC(=O)N)CC(=O)N)Br,C61808422,0,300.15599999999995,0.22169999999999995,0
4146,CCNc1c(cc(cc1F)C(=O)NCCS(=O)(=O)N)F,C63005509,0,307.322,0.41490000000000016,0
4147,c1cc(c(nc1)NN)S(=O)(=O)NCc2ccsc2,C63147527,0,284.366,0.9072000000000001,0
4148,CC(C)NC(=O)c1cccc(c1)CNC(=O)c2c(nccn2)N,C67178518,0,313.361,1.127,0
4149,Cc1ccsc1C(=O)NNC(=O)NCCNC(=O)C,C67359279,0,284.34100000000007,0.13661999999999913,0
4150,CNC(=S)NNC(=O)CC(=O)Nc1ccc(cc1)F,C04739060,0,284.316,0.27939999999999926,0
4151,c1cc(ccc1CS/C(=N/N)/C(=S)N)[N+](=O)[O-],C05569689,0,270.339,1.3863000000000003,0
4152,c1cc(cc(c1)OC[C@@H](CSCCO)O)C(=O)N,C06511763,0,271.33799999999997,0.2506999999999999,0
4153,c1cc(ccc1C(=O)NCC(=O)NC[C@@H]2CCCO2)N,C19425411,0,277.32399999999996,0.29380000000000106,0
4154,c1cscc1C(=O)NCCCC(=O)NNC(=S)NC2CC2,C22624933,0,326.44700000000006,0.9157999999999997,0
4155,c1ccc2c(c1)C(=O)N(C2=O)CCC(=O)NNC(=S)N,C25503682,0,292.32,-0.4628999999999998,0
4156,c1ccc(c(c1)C(=O)NCC(=O)NNC(=S)NC2CC2)F,C26845076,0,310.3540000000001,0.21319999999999945,0
4157,C[C@H](c1ccc(c(c1)OC)O[C@H](C)C(=O)NC(=O)N)O,C35188909,0,282.296,0.7106999999999997,0
4158,C[C@@H]([C@@H]1CCCO1)NS(=O)(=O)c2ccc(nc2)NN,C35735248,0,286.357,0.21300000000000024,0
4159,Cc1c(c(n[nH]1)C)CNc2ccc(cc2)C(=O)NCCO,C37131045,0,288.35100000000006,1.3607399999999998,0
4160,C=CCNC(=O)NC(=O)CSc1c(cccn1)N,C37190728,0,266.326,0.7676999999999998,0
4161,O=C(C[C@@H](NCCO)C(=O)O)Nc1ccccc1Br,C39880327,0,331.16600000000005,0.8128000000000004,0
4162,CN(CC(=O)NCC(F)(F)F)C(=O)c1cc(c[nH]1)N,C40327599,0,278.234,0.3473999999999999,0
4163,CC[C@H](C)NC(=O)CCNC(=O)c1cc(cnc1C)N,C40336194,0,278.35600000000005,1.0068199999999998,0
4164,CCCS(=O)(=O)Nc1cccc(c1/C(=N/O)/N)F,C40376406,0,275.305,1.0719,0
4165,C[C@H](c1ccc(cc1)F)NC(=O)Nc2cnn(c2)CC(=O)N,C40549437,0,305.3130000000001,1.3901999999999999,0
4166,C[C@@H](c1cccs1)NS(=O)(=O)c2cnc(nc2)NN,C41071278,0,299.381,0.8632000000000002,0
4167,c1cc(ccc1C(=S)N)OCC(=O)NCc2c[nH]nc2,C42356584,0,290.34799999999996,0.7390999999999996,0
4168,CN(C[C@H](COC)O)c1cc2c(cc1N)NC(=O)CC2,C42500516,0,279.3400000000001,0.5969999999999995,0
4169,c1cc(ccc1OCCNC(=O)CCNC(=O)N)F,C42725859,0,269.27599999999995,0.37909999999999994,0
4170,O=C(O)CC1(CNC(=O)[C@H]2C[C@@H](O)CN2)CCCCC1,C43413707,0,284.35600000000005,0.2505999999999997,0
4171,c1cc([nH]c1)c2csc(n2)NC(=O)NCCCO,C43600361,0,266.32599999999996,1.6420999999999997,0
4172,c1ccc(cc1)[C@@H]2C[C@@H]2NS(=O)(=O)c3cnc(nc3)NN,C44677554,0,305.363,0.5966,0
4173,Cc1cc(on1)CNc2ccc(cc2N)S(=O)(=O)NC,C44988290,0,296.35200000000003,1.08542,0
4174,c1cc(ccc1C#CCCO)C(=O)NCCCS(=O)(=O)N,C45091816,0,310.375,-0.17109999999999947,0
4175,c1cc(sc1)C(=O)NCCNC(=O)Nc2c[nH]nc2,C46925610,0,279.325,1.0226999999999997,0
4176,c1ccc(c(c1)NC(=O)N2CCC[C@@H](C2)O)OCCC(=O)N,C47876874,0,307.35,0.9293999999999996,0
4177,C1C[C@H](OC1)CNC(=O)NNC(=O)NCC(F)(F)F,C48731749,0,284.238,0.24109999999999937,0
4178,C1CC(CCC1NC(=O)NCC(=O)NCC(F)(F)F)O,C48877755,0,297.277,0.26759999999999967,0
4179,c1cocc1C(=O)NCCNc2cc(nc(n2)N)Cl,C48921603,0,281.703,1.1471,0
4180,CSc1ccc(cc1)CNC(=O)CCNC(=O)N,C49046563,0,267.3539999999999,1.0831,0
4181,C[C@H](Cn1cccn1)NS(=O)(=O)c2ccc(c(c2)N)O,C49074475,0,296.352,0.5379000000000003,0
4182,c1cc(c(cc1CNS(=O)(=O)c2cnc(nc2)NN)F)F,C49575681,0,315.30499999999995,0.5188999999999999,0
4183,CC[C@H](C)NC(=O)CCNC(=O)c1cc(ccn1)N,C50710296,0,264.329,0.6983999999999999,0
4184,C[C@H](Cn1ccnc1)NC(=O)c2cc(c(nc2)NN)Cl,C51123421,0,294.746,1.0355999999999999,0
4185,c1cc(c(nc1)NN)S(=O)(=O)NCc2ccc(cc2)C#N,C51354777,0,303.34700000000004,0.7173800000000001,0
4186,Cc1cccc(n1)CNc2ccc(cc2N)S(=O)(=O)NC,C51575301,0,306.3910000000001,1.49242,0
4187,c1cc(c(cc1N)C(=O)NCCOCCO)Br,C52924944,0,303.15599999999995,0.7699999999999998,0
4188,CCC(CC)(CO)NC(=O)Cn1c(c(c(n1)C)N)C,C53044161,0,268.361,0.74944,0
4189,c1ccc(c(c1)C(F)(F)F)NC(=O)CCCC(=O)NN,C58862789,0,289.25699999999995,1.8040999999999991,0
4190,c1ccnc(c1)NC(=O)CSc2nnc(s2)NN,C59048320,0,282.354,0.9494999999999998,0
4191,c1c(cc(cc1F)S(=O)(=O)N)NC(=O)CNC(=O)C2CC2,C60409762,0,315.32600000000014,-0.06220000000000092,0
4192,CC(C)n1c(=O)[nH]nc1SCc2cccc(c2)/C(=N/O)/N,C61595605,0,307.379,1.5390999999999997,0
4193,c1ccc(c(c1)C(=O)CN(CC(=O)N)CC(=O)N)Cl,C61808116,0,283.7149999999999,-0.20469999999999977,0
4194,c1ccc(cc1)N(CC/C(=N\O)/N)C(=O)c2c[nH]nc2,C62779655,0,273.296,1.1929999999999996,0
4195,CN(C[C@@H](COC)O)C(=O)c1cc2cccc(c2[nH]1)N,C62833917,0,277.324,0.8293999999999999,0
4196,c1cnn(c1)CCNC(=O)c2cc(c(c(c2)F)NN)F,C63007926,0,281.26599999999996,0.8768999999999996,0
4197,Cc1csc(n1)CCCCNC(=O)CCNC(=O)N,C66144440,0,284.385,0.9488200000000004,0
4198,c1cc2c(cc1CNC(=O)NCCC(=O)N)OCCCO2,C67389029,0,293.32300000000004,0.5224999999999996,0
4199,Cc1cc(nc(n1)N)C(=O)NCCNc2cccnc2,C67541001,0,272.312,0.6041199999999991,0
4200,c1cc(c(cc1NCC(=O)N2CCNC2=O)C(=O)N)Cl,C26785624,0,296.71399999999994,0.4025999999999998,0
4201,Cc1c(c(=O)[nH]c(=O)[nH]1)CCC(=O)NC[C@H](C)O,C35203240,0,255.27399999999997,-1.1987799999999986,0
4202,C[C@@H](COC)NS(=O)(=O)c1cccnc1NN,C35358127,0,260.319,-0.31959999999999916,0
4203,c1cc(cnc1)C(=O)NC[C@H](c2ccc(cc2)N)O,C35367162,0,257.29299999999995,1.1271999999999998,0
4204,c1ccc2c(c1)c(n[nH]c2=O)C(=O)NCCC(=O)N,C36166228,0,260.253,-0.47169999999999973,0
4205,O=C(NCCCNC1CC1)c1cc(=O)[nH]c(O)n1,C36262884,0,252.274,-0.6526000000000004,0
4206,c1cc(c(cc1N)CNS(=O)(=O)N2CCOCC2)O,C36742802,0,287.341,-0.35900000000000015,0
4207,c1cc(cc(c1)C(=O)NC[C@H]2CCCO2)/C(=N/O)/N,C36929842,0,263.29699999999997,0.6899000000000002,0
4208,c1cc(ccc1/C(=N/O)/N)C(=O)NC[C@@H]2CCCO2,C37338867,0,263.2969999999999,0.6898999999999995,0
4209,C[C@H](c1cccnc1)NS(=O)(=O)c2c[nH]nc2N,C37559131,0,267.314,0.4264000000000001,0
4210,C[C@@H]([C@@H]1CCCO1)NS(=O)(=O)c2c[nH]nc2N,C37559215,0,260.319,-0.1622999999999991,0
4211,C[C@@H]([C@H]1CCCO1)NS(=O)(=O)c2c[nH]nc2N,C37559219,0,260.319,-0.1622999999999991,0
4212,c1cc(c(cc1F)C(=O)NCC(=O)N)C#CCCO,C37568651,0,264.2559999999999,-0.22529999999999994,0
4213,C[C@@H](COC)NS(=O)(=O)c1ccnc(c1)NN,C38008814,0,260.319,-0.31959999999999916,0
4214,c1cc(ccc1CS(=O)(=O)N)NC(=O)[C@H]2CCC(=O)N2,C40217514,0,297.33599999999996,-0.30779999999999913,0
4215,c1cc(c(cc1N)S(=O)(=O)NCc2nc[nH]n2)Cl,C40315826,0,287.732,0.5187999999999997,0
4216,c1cc(c(cc1N)C#N)S(=O)(=O)NCc2c[nH]nc2,C40347155,0,277.309,0.34207999999999983,0
4217,CCCCn1c(c(c(=O)[nH]c1=O)N(C)CCO)N,C40415566,0,256.306,-0.6525999999999983,0
4218,CCCCn1c(c(c(=O)[nH]c1=O)N2CCC(CC2)O)N,C40418816,0,282.34399999999994,-0.11999999999999889,0
4219,C[C@](NCCCC(N)=O)(C(=O)O)c1cccnc1,C41807710,0,251.28600000000003,0.23650000000000054,0
4220,COC(C)(C)C[C@@](C)(NC(C)(C)C(N)=O)C(=O)O,C41834342,0,260.33399999999995,0.49830000000000113,0
4221,CN(C[C@H](COC)O)C(=O)c1c[nH]c2c1ccc(c2)N,C42482532,0,277.324,0.8293999999999999,0
4222,CC(C)N(CCCO)c1ccc(cn1)/C(=N/O)/N,C42507169,0,252.318,0.7733000000000001,0
4223,CN(C[C@H](COC)O)c1ccccc1/C(=N/O)/N,C42507212,0,253.30200000000002,0.22459999999999986,0
4224,CCn1c(c(c(=O)[nH]c1=O)NCCCCOC)N,C44349085,0,256.3059999999999,-0.022799999999998932,0
4225,CC[C@@H](/C(=N/O)/N)C(=O)N[C@]1(CCS(=O)(=O)C1)C,C44882758,0,277.34600000000006,-0.5475999999999994,0
4226,c1cc(c(cc1Cl)NCC(=O)N2CCNC2=O)C(=O)N,C48444090,0,296.714,0.40259999999999935,0
4227,c1cnc(cc1S(=O)(=O)N2CCCC[C@H]2CO)NN,C48858515,0,286.3569999999999,-0.09729999999999939,0
4228,CCCn1c(c(c(=O)[nH]c1=O)N2CCC[C@H]2CO)N,C48865227,0,268.31699999999995,-0.5100999999999996,0
4229,c1cn(nc1NC(=O)NCC(F)(F)F)CC(=O)N,C49028666,0,265.19499999999994,0.05219999999999991,0
4230,CNC(=O)c1ccccc1NS(=O)(=O)CCCCN,C49061374,0,285.36899999999997,0.5268000000000003,0
4231,c1cc(cnc1)NC(=O)C(=O)NCCCC(=O)N,C49274304,0,250.25799999999992,-0.5981999999999998,0
4232,Cc1c(sc2c1c(=O)nc([nH]2)CNCC(=O)N)C,C34938248,0,266.32599999999996,0.17634000000000027,0
4233,c1cc(ccc1/C(=N\O)/N)C(=O)NC[C@@H]2CCS(=O)(=O)C2,C50212855,0,311.363,-0.05439999999999956,0
4234,CO[C@H]1CCC[C@@H]1NS(=O)(=O)c2c[nH]nc2N,C50368314,0,260.319,-0.1622999999999991,0
4235,Cc1c(c(n(n1)C)C)C(=O)N[C@@H](C)C/C(=N/O)/N,C50389000,0,253.306,0.29174000000000094,0
4236,c1cc(ccc1C[S@](=O)c2ccncc2N)C(=O)N,C50478120,0,275.333,1.0705,0
4237,C[C@@H](C(=O)NC(=O)NC)Oc1ccc(cc1OC)N,C50505409,0,267.28499999999997,0.5002999999999996,0
4238,CNC(=O)CCNC(=O)c1cc(c(nc1)N)Cl,C50709473,0,256.693,0.18309999999999932,0
4239,CS(=O)(=O)CCNC(=O)c1cccc(n1)NN,C51088061,0,258.30300000000005,-0.8583999999999994,0
4240,c1cnc(cc1NN)C(=O)NCC[C@H]2CCCO2,C51119762,0,250.30199999999994,0.6660999999999997,0
4241,c1cc(ccc1CNS(=O)(=O)C2CCOCC2)/C(=N\O)/N,C51667785,0,313.37899999999996,0.3795000000000001,0
4242,C[C@@H]1C[C@H]1Nc2c(n(c(=O)[nH]c2=O)CCOC)N,C52290176,0,254.28999999999996,-0.41449999999999915,0
4243,Cc1nc2cc(ccc2n1CCCS(=O)(=O)N)N,C52853905,0,268.3419999999999,0.6055200000000001,0
4244,Cc1c(c(n(n1)CC(=O)NCCOCCO)C)N,C52924890,0,256.306,-0.7927599999999984,0
4245,Cc1ccc(o1)CNS(=O)(=O)c2c[nH]nc2N,C53035700,0,256.28700000000003,0.37182000000000004,0
4246,Cc1cnc(cn1)CNC(=O)c2cccc(n2)NN,C61324121,0,258.285,0.39562,0
4247,Cn1ccnc(c1=O)NC[C@H](c2ccc(cc2)N)O,C61752408,0,260.29699999999997,0.5079999999999996,0
4248,CN(C)S(=O)(=O)N[C@H]1CCC[C@@H]1/C(=N/O)/N,C61888066,0,250.32399999999998,-0.7024999999999983,0
4249,C[C@@H](CO)NS(=O)(=O)c1ccc2c(c1)[nH]c(=O)[nH]2,C62441732,0,271.298,-0.4847000000000003,0
4250,c1cc(oc1)CNC(=O)NC(=O)COC(=O)C[C@H](c2ccc(cc2)Cl)NC(=O)N,C04195419,0,422.8250000000001,1.6017000000000001,0
4251,c1cc(ccc1OCCCCCC(=O)N)O[C@H]2[C@H]([C@@H]([C@@H]([C@@H](O2)CO)O)O)O,C05759559,0,385.413,-0.7101999999999993,0
4252,CCOC(=O)CNC(=O)CN(Cc1cccs1)C(=O)c2c(c(ns2)C(=O)N)N,C06546491,0,425.4920000000002,0.20740000000000136,0
4253,CSCC[C@H](C(=O)NNC(=O)c1cccc(c1)Cl)NC(=O)N,C06790284,0,344.82400000000007,0.8909999999999998,0
4254,C[C@@H](C(=O)NCc1ccc(c(c1)OC)OC)SCc2nc(nc(n2)N)N,C08704359,0,378.45800000000014,0.9913000000000001,0
4255,c1ccc(cc1)[C@@H](CC(=O)OCC(=O)Nc2c(c3c(s2)CCC3)C(=O)N)NC(=O)N,C11740734,0,430.4860000000002,1.6171,0
4256,c1ccc(cc1)[C@H](CC(=O)OCC(=O)Nc2c(c3c(s2)CCC3)C(=O)N)NC(=O)N,C11740739,0,430.4860000000002,1.6171,0
4257,C[C@@H](C(=O)Nc1c(ccs1)C(=O)N)OC(=O)c2cc(ccc2OC)S(=O)(=O)N,C12886091,0,427.4600000000001,0.6870000000000003,0
4258,c1ccc2c(c1)c(c[nH]2)CCNC(=O)c3ccccc3NC(=O)C(=O)NCCO,C12898585,0,394.43100000000015,1.1873999999999991,0
4259,C[C@@H](C(=O)Nc1c(ccs1)C(=O)N)Sc2nnc(s2)SCC(=O)N,C12998077,0,403.5360000000001,1.3952000000000002,0
4260,c1ccc(cc1)C(=O)NC(=S)Nc2c(ncn2[C@H]3[C@H]([C@@H]([C@@H](O3)CO)O)O)C(=O)N,C05724216,0,421.4350000000002,-1.2796999999999994,0
4261,c1cc(ccc1CNC(=O)NCC(=O)NNC(=S)NC[C@@H]2CCCO2)F,C14332918,0,383.4490000000002,0.299200000000001,0
4262,c1ccc(cc1)/C=C/CO[C@@H]2C[C@@H]([C@H]([C@@H]([C@H]2O)O)O)CO[C@H]3[C@@H]([C@H]([C@@H](O3)CO)O)O,C14984975,0,426.46200000000016,-1.3567999999999996,0
4263,Cc1ccc(cc1)NC(=O)N[C@H]2C[C@](C[C@H]([C@@H]2O)O)(C(=O)NCCCC(=O)OC)O,C20464478,0,423.46600000000024,-0.1987799999999988,0
4264,CCSc1nc2n(n1)[C@@H](C(=C(N2)C)C(=O)N)c3ccc(c(c3)OC)OCC(=O)N,C20804479,0,418.47900000000027,1.037,0
4265,c1cc(cc(c1)O)/C=N/Nc2nnc(n2N)SCC(=O)NCc3ccco3,C20806455,0,387.4250000000002,1.1449999999999994,0
4266,c1cc(ccc1NC(=O)CCSc2nnc(n2N)c3ccncc3)S(=O)(=O)N,C20830685,0,419.49200000000013,0.8221999999999998,0
4267,COc1ccc(cc1O)/C=N/Nc2nnc(n2N)SCC(=O)Nc3nccs3,C21316815,0,420.48000000000013,1.3393999999999997,0
4268,COc1cccc(c1O)/C=N/Nc2nnc(n2N)SCC(=O)Nc3ccccn3,C21318847,0,414.45100000000014,1.2778999999999998,0
4269,CC(C)Cn1c(c(c(=O)[nH]c1=O)N(CCCOC)CCC(=O)NC(=O)N)N,C22994810,0,384.4370000000001,-0.7972999999999968,0
4270,C1C[C@H](OC1)CN2c3c(c4c(c(nc(c4c(n3)N)N)N(CCO)CCO)C#N)CC2=O,C25387179,0,427.46500000000026,-0.47501999999999844,0
4271,C1C[C@@H](OC1)CN2c3c(c4c(c(nc(c4c(n3)N)N)N(CCO)CCO)C#N)CC2=O,C25387184,0,427.46500000000026,-0.47501999999999844,0
4272,Cn1c(cnc1NC(=O)c2ccccc2C(=O)NC(CO)(CO)CO)c3ccccc3,C27911554,0,424.45700000000016,0.7848999999999997,0
4273,c1ccc(c(c1)COC(=O)[C@@]2(C=CCCC2=O)O)O[C@H]3[C@@H]([C@H]([C@@H]([C@H](O3)CO)O)O)O,C31157217,0,424.4020000000001,-1.4413000000000005,0
4274,c1ccc(c(c1)COC(=O)[C@]2(C=CCC[C@@H]2O)O)O[C@H]3[C@@H]([C@H]([C@@H]([C@H](O3)CO)O)O)O,C31165576,0,426.4180000000001,-1.6494999999999997,0
4275,COc1cc(ccc1O[C@@H]2[C@@H]([C@@H]([C@@H]([C@@H](O2)COC(=O)[C@@H]3CCC[C@@H]3O)O)O)O)CO,C37538906,0,428.4340000000002,-0.9218999999999993,0
4276,C/C(=C/COc1c(ccc2c1oc(=O)cc2)O[C@@H]3[C@@H]([C@@H]([C@@H]([C@@H](O3)CO)O)O)O)/CO,C36374867,0,424.4020000000001,-0.7109000000000005,0
4277,c1ccc(cc1)/C=C/CO[C@H]2[C@@H]([C@H]([C@@H]([C@H](O2)CO[C@@H]3CO[C@@H]([C@@H]([C@H]3O)O)O)O)O)O,C39351839,0,428.4340000000001,-2.0203999999999978,0
4278,C[C@@H](c1ccc(cc1)S(=O)(=O)N)NC(=O)NCCNC(=O)C(C)C,C32801879,0,356.4480000000001,0.4664000000000011,0
4279,CC(C)(C)OC(=O)NCC(=O)OC[C@@H]1[C@@H]([C@H]([C@H]([C@@H](O1)O)O)O)O,C44690161,0,337.325,-2.1457999999999977,0
4280,c1ccc2c(c1)c(=O)[nH]c(=O)n2CCC(=O)NCc3ccc(cc3)C(=O)NCC(=O)N,C46919967,0,423.42900000000014,-0.38859999999999845,0
4281,Cc1nc(cs1)CC(=O)c2ccc(cc2O)OC[C@@H]3[C@@H]([C@@H]([C@@H]([C@H](O3)CO)O)O)O,C01886819,0,425.4590000000001,-0.1962800000000005,0
4282,c1cc(sc1)[C@H](CC(=O)NCC(=O)NCC(F)(F)F)NC(=O)N,C57009082,0,352.338,0.6422999999999999,0
4283,C[C@H](C(=O)Nc1c(c2c(s1)CCC2)C(=O)N)OC(=O)CC[C@H]3C(=O)NC(=O)N3,C58227062,0,408.4360000000001,0.19410000000000094,0
4284,Cc1c(c(n(n1)CC=C)C)/C=N/Nc2nnc(n2N)SCC(=O)N,C59829852,0,349.42400000000015,0.014640000000000986,0
4285,C[C@H](C(=O)NNC(=O)C)Sc1nc([nH]n1)N/N=C/c2ccc(cc2)O,C59879188,0,363.4030000000001,0.6042000000000003,0
4286,C[C@@H](C(=O)NNC(=O)C1CCC1)Sc2nnc(n2N)CNc3ccc(cc3)OC,C59880098,0,419.51100000000014,1.0406999999999993,0
4287,c1cc(ccc1CC(=O)N)NC(=O)C(=O)NC[C@@H](c2ccc(cc2)Cl)O,C62206635,0,375.81200000000007,1.1561,0
4288,c1ccc(cc1)C2=NN=C(C2)C(=O)NNC(=O)C[C@@H](c3ccc(cc3)Cl)NC(=O)N,C39940869,0,426.8640000000001,1.8358999999999999,0
4289,c1ccc(cc1)C2=NN=C(C2)C(=O)NNC(=O)C[C@H](c3ccc(cc3)Cl)NC(=O)N,C39940870,0,426.8640000000001,1.8358999999999999,0
4290,CCOCCCNC(=O)NNC(=O)c1cc(c(cc1C)C)S(=O)(=O)N,C63244972,0,372.4470000000002,0.32144000000000206,0
4291,c1cc(ncc1CNC(=O)NC(C(=O)N)C(=O)N)OCC(F)(F)F,C48447359,0,349.269,-0.8388999999999995,0
4292,C=CCc1ccc(cc1)O[C@H]2[C@H]([C@H]([C@@H]([C@@H](O2)CO[C@H]3[C@H]([C@@](CO3)(CO)O)O)O)O)O,C65742722,0,428.43400000000014,-1.9412999999999987,0
4293,COc1ccc(cc1OC)C/C(=N/OCc2nc(nc(n2)N)N)/N,C65948761,0,333.35200000000003,0.08470000000000105,0
4294,c1cc(cc(c1)S(=O)(=O)NCCNC(=O)CCCCNC(=O)N)[N+](=O)[O-],C66346602,0,387.4180000000001,-0.17209999999999848,0
4295,Cc1ccccc1[C@H](CC(=O)NCc2[nH]nc(n2)c3cccs3)NC(=O)N,C66427449,0,384.4650000000001,2.25752,0
4296,CC(C)[C@@H](C(=O)NCCNS(=O)(=O)c1cccc(c1)[N+](=O)[O-])NC(=O)N,C66941805,0,387.4180000000001,-0.31779999999999803,0
4297,CC[C@H](C)[C@@H](C(=O)NNC(=S)Nc1cccc(c1)C#C)NC(=O)N,C67196631,0,347.4440000000001,1.0684999999999998,0
4298,c1cc(oc1)/C=C/C(=O)NCCC(=O)Nc2ccc(cc2)CNC(=O)N,C67240164,0,356.38200000000006,1.6060999999999999,0
4299,Cc1ccc(c(c1)Cl)NC(=O)CCNC(=O)NNC(=O)C(=O)NC2CC2,C67423737,0,381.82000000000016,0.5860199999999995,0
4300,c1ccc(c(c1)C(=O)OCC(=O)Nc2c(ccs2)C(=O)N)N/C=C/C(=O)C(F)(F)F,C09127139,0,441.38700000000006,2.6995000000000005,0
4301,c1ccc(c(c1)C(=O)N)OCC(=O)Nc2cccc(c2)S(=O)(=O)/N=C/3\CCCCCN3,C09247966,0,444.5130000000003,2.0537999999999994,0
4302,c1cc(oc1)CNS(=O)(=O)c2cc(ccc2Cl)C(=O)NCc3ccc(cc3)S(=O)(=O)N,C09634918,0,483.9550000000002,1.9889000000000001,0
4303,c1ccc(c(c1)C(=O)NNC(=S)NCc2ccco2)NS(=O)(=O)c3cccs3,C02616723,0,436.5400000000001,2.4510000000000005,0
4304,C1Cc2c(sc(c2C(=O)N)NC(=O)CSc3nnc(s3)NC[C@H]4CCCO4)C1,C09789046,0,439.58800000000025,2.5089000000000006,0
4305,c1ccc(cc1)Oc2ccc(cc2)C(=O)NCC(=O)OCC(=O)Nc3c(c4c(s3)CCC4)C(=O)N,C11517341,0,493.54100000000034,3.0397000000000007,0
4306,c1ccc(cc1)NC(=O)c2ccccc2NC(=O)CSc3nnc(n3N)c4ccco4,C12252921,0,434.4810000000001,3.2349999999999994,0
4307,CC(C)[C@@H](C(=O)NC(=O)N)OC(=O)C[C@H]1C(=O)Nc2cc(ccc2S1)C(F)(F)F,C12426430,0,433.408,2.271000000000001,0
4308,c1ccc(cc1)NC(=O)CCC(=O)NNC(=S)NC(=O)COc2ccc(cc2)Cl,C12502870,0,434.9050000000001,2.1595999999999993,0
4309,c1ccc(c(c1)C(=O)OCC(=O)Nc2c(c3c(s2)CCC3)C(=O)N)NCc4ccco4,C09120785,0,439.4930000000002,3.3363000000000005,0
4310,c1ccc(cc1)[C@@H](C(=O)N)Sc2nc3ccccc3c(=O)n2CCc4ccc(cc4)S(=O)(=O)N,C14902735,0,494.5980000000003,2.6052999999999997,0
4311,CC(C)NS(=O)(=O)c1ccc(cc1)C(=O)NNC(=S)NCc2ccc3c(c2)OCO3,C15912856,0,450.54200000000026,1.4111,0
4312,CC(C)NC(=O)NC(=O)COC(=O)[C@H](Cc1c[nH]c2c1cccc2)NC(=O)c3ccc(cc3)F,C18248463,0,468.4850000000001,2.4254999999999995,0
4313,c1ccc(cc1)NS(=O)(=O)c2ccc(cc2)NS(=O)(=O)c3ccc(cc3)S(=O)(=O)N,C18995526,0,467.5500000000002,1.9355999999999995,0
4314,CCOc1ccc(cc1)NC(=O)CSC2=C([C@H](C(=C(N2)C)C(=O)N)c3ccco3)C#N,C19882815,0,438.5090000000002,3.2314800000000012,0
4315,COc1ccc(cc1)[C@H]2C[C@@H](n3c(c(cn3)C(=O)NNC(=S)NCc4ccco4)N2)C(F)(F)F,C02794161,0,494.4990000000001,3.4541000000000004,0
4316,c1ccc(cc1)[C@H]2C[C@@H](n3c(c(cn3)C(=O)NNC(=S)NCCCN4CCOCC4)N2)C(F)F,C20613844,0,493.5840000000003,2.0774,0
4317,c1cc(ccc1NC(=O)CSc2nnc(n2N)C(F)(F)F)S(=O)(=O)NC3CCCCC3,C20841576,0,478.5220000000002,2.3525,0
4318,c1ccc(cc1)NS(=O)(=O)c2ccc(cc2)NC(=O)CCSc3nnc(n3N)C(F)(F)F,C20841619,0,486.5010000000002,2.9323999999999995,0
4319,c1ccc(cc1)C[C@@H](C(=O)NCc2ccc(s2)S(=O)(=O)N)NS(=O)(=O)c3ccccc3F,C25406571,0,497.59500000000014,1.7405999999999993,0
4320,c1cc(cc(c1)C(F)(F)F)C#CCNC(=O)CCNc2ccc(cc2[N+](=O)[O-])S(=O)(=O)N,C25671812,0,470.42900000000014,2.2308999999999997,0
4321,C[C@H](C(=O)NCC(=O)Nc1ccc(c(c1F)F)F)Sc2nnc(s2)SCC(=O)N,C26109371,0,465.5040000000002,1.7682999999999993,0
4322,c1cc(ccc1OCCOC(=O)CCNC(=O)NC23CC4CC(C2)CC(C4)C3)S(=O)(=O)N,C27491802,0,465.57200000000034,1.9141000000000001,0
4323,Cc1ccc(cc1C(=O)NNC(=O)Cc2c[nH]c3c2cccc3)S(=O)(=O)NCCOC,C32750923,0,444.5130000000002,1.4047199999999995,0
4324,c1ccc2c(c1)c(cc(n2)c3ccc(cc3)Cl)C(=O)NNC(=O)CCSCC(=O)N,C32776829,0,442.9280000000002,2.9248000000000003,0
4325,CCOc1ccccc1NC(=O)/C(=N/NC(=S)N)/[C@H]2C(=NN(C2=O)c3ccccc3)C,C33590982,0,438.51300000000015,2.2519,0
4326,Cc1ccc(cc1)S(=O)(=O)CNC(=O)[C@H](c2ccccc2O)N(C)C(=O)c3cccc(c3O)O,C36531319,0,484.5300000000002,2.4727200000000016,0
4327,Cc1cccc(c1NC(=O)C2(CCCCC2)N(Cc3ccco3)C(=O)Cc4nc([nH]n4)N)C,C03672559,0,450.5430000000001,3.509640000000001,0
4328,c1cc(ccc1NC(=O)CSC2=NN[C@H](N2c3ccc(cc3)F)Cc4cc(=O)[nH]c(=O)[nH]4)F,C39362774,0,472.47700000000015,1.9627,0
4329,c1ccc2c(c1)nc(n2CC(=O)NCC(=O)Nc3ccc4c(c3)[nH]c(=O)[nH]4)SC(F)F,C39558909,0,446.439,2.275499999999999,0
4330,c1ccc2c(c1)c(c[nH]2)C[C@@H](C(=O)OCC(=O)N3CCC(CC3)C(=O)N)NC(=O)c4ccc(cc4)F,C39616156,0,494.52300000000025,1.9152000000000002,0
4331,Cc1ccc(cc1)OCCCn2c3ccccc3nc2S[C@@H]4[C@H]([C@@H]([C@@H]([C@@H](O4)CO)O)O)O,C39916018,0,460.55200000000013,1.7058200000000001,0
4332,c1ccc2c(c1)nc(n2CCCOc3ccc(cc3)Cl)S[C@@H]4[C@H]([C@@H]([C@@H]([C@@H](O4)CO)O)O)O,C39916034,0,480.9700000000001,2.0508000000000024,0
4333,C=CCN1[C@H](NN[C@@H]1SCc2[nH]c(=O)c3ccccc3n2)CC(=O)Nc4ccccc4F,C39969672,0,454.5310000000001,2.5297,0
4334,Cc1c(cccc1Cl)NC(=S)NNc2ccc(cn2)S(=O)(=O)NCc3ccco3,C40073260,0,451.9610000000002,3.42842,0
4335,c1ccc(cc1)n2c(c(c(n2)CCCNC(=O)CCCNC(=O)c3ccsc3)C#N)N,C40087162,0,436.54100000000005,2.64668,0
4336,Cc1cc(ccc1NC(=O)CNC(=O)CCc2c(nc3c(cnn3c2C)C(=O)N)C)Br,C40119400,0,487.3580000000001,2.2034599999999998,0
4337,CCOc1cc(cc(c1O)Br)/C=N/NC(=O)CSc2nnc(s2)N,C40947164,0,432.32500000000016,2.2295000000000003,0
4338,CS(=O)(=O)Cc1ccc(cc1)Nc2ncc(c(n2)Nc3cccnc3C(=O)N)Cl,C45192178,0,432.89300000000014,2.6557000000000004,0
4339,CCCNc1ccc(cn1)c2cc3c(c[nH]c3c(c2)C(=O)N)C4CCN(CC4)S(=O)(=O)CC,C45227357,0,469.61100000000033,3.679800000000003,0
4340,c1cc(cc(c1)O)C(=O)NC[C@@H]2[C@@H]([C@@H]([C@@H](O2)CO)O)N3CCN(CC3)c4cccc(c4)C(F)(F)F,C49597231,0,495.4980000000002,1.4522000000000002,0
4341,c1cc2c(c(c1)OCCc3ccncc3)/C(=N/Nc4ccc(cc4)S(=O)(=O)N)/C(=O)N2,C29134077,0,437.48100000000017,2.1187999999999994,0
4342,c1ccc(c(c1)C(=O)NNC(=O)CCNS(=O)(=O)c2cccc(c2)Br)O,C17576332,0,442.29100000000005,1.2842999999999993,0
4343,COc1cccc(c1O)/C=N/Nc2[nH]nc(n2)SCC(=O)Nc3c(cccc3F)F,C59016856,0,434.42800000000017,2.9739000000000004,0
4344,c1cc(ccc1C(=O)NCCNC(=O)C[C@@H]2C(=O)Nc3cc(ccc3S2)C(F)(F)F)O,C59024290,0,453.442,2.7601,0
4345,c1cc(cc(c1)Br)/C=N/Nc2nnc(n2N)SCC(=O)NCc3ccc(cc3)F,C20292216,0,478.3510000000002,2.748000000000001,0
4346,CC(C)CNC(=O)c1ccc(cc1Cl)NCC(=O)NN2C(=O)C3(CCCCC3)NC2=O,C59806449,0,449.9390000000003,2.4235999999999995,0
4347,Cn1c2ccccc2nc1C[C@H](c3ccccc3)NC(=O)CCC(=O)Nc4c(ccs4)C(=O)N,C10116377,0,475.5740000000003,3.552600000000001,0
4348,Cc1ccc(cc1S(=O)(=O)N2CCCCC2)NC(=O)CN[C@H](C)c3ccc(cc3)S(=O)(=O)N,C62736073,0,494.6390000000002,2.1063200000000006,0
4349,CCN1[C@H](NN[C@@H]1SCc2[nH]c(=O)c3ccccc3n2)CC(=O)Nc4ccccc4C,C39561970,0,438.5570000000002,2.5329200000000007,0
4350,c1ccc(c(c1)C(=O)OCC(=O)NC(=O)N)NS(=O)(=O)c2ccc(s2)Br,C03601932,0,462.30300000000005,1.6631,0
4351,Cc1ccccc1Nc2nc(nc(n2)N)COC(=O)C[C@H]3C(=O)Nc4ccccc4S3,C09442038,0,436.4970000000001,3.0521200000000004,0
4352,CC(C)[C@@H](C(=O)N/N=C\c1ccccc1OCC(=O)N)NC(=O)c2cccc(c2)Cl,C10000200,0,430.89200000000017,2.1088000000000005,0
4353,c1cc(ccc1NS(=O)(=O)c2ccc(c(c2)C(=O)OCC(=O)NC(=O)N)Cl)Br,C11344205,0,490.71900000000016,2.2550000000000003,0
4354,CCCCn1c2ccc(cc2nc1SCC(=O)Nc3c([nH]nc3C)C)S(=O)(=O)N,C06147753,0,436.5630000000001,2.5545400000000003,0
4355,CC[C@]1(CCC(=O)NC1=O)c2ccc(cc2)NC(=O)C(=O)NCCc3c[nH]c4c3cccc4,C13683402,0,446.50700000000023,2.5497000000000005,0
4356,c1ccc(cc1)/C=C/C(=O)Nc2nc(cs2)CC(=O)Nc3ccc(cc3)S(=O)(=O)N,C13959605,0,442.5220000000001,2.6235999999999997,0
4357,C[C@@H]1C[C@@H](n2c(c(cn2)C(=O)NNC(=S)Nc3ccc(cc3OC)OC)N1)C(F)(F)F,C02793725,0,458.4660000000002,2.839200000000001,0
4358,c1ccc(c(c1)Cc2nnc(n2N)SCc3nc4ccccc4c(=O)n3CC(=O)N)F,C14074851,0,439.47600000000017,1.2093,0
4359,Cc1cc(nc2c1c(c(s2)C(=O)OCC(=O)N(CCC(=O)N)c3ccc(cc3)F)N)C,C14152325,0,444.4880000000002,2.69984,0
4360,Cc1cc(nc(n1)N/C(=N/C(=S)Nc2ccc(c(c2)Cl)F)/N3CCC(CC3)C(=O)N)C,C14161085,0,463.97000000000025,3.248140000000001,0
4361,c1ccc(cc1)OCCNS(=O)(=O)c2ccc(c(c2)C(=O)Nc3nc(cs3)CC(=O)N)Cl,C14332718,0,494.9820000000002,2.4338999999999995,0
4362,CSCC[C@@H](C(=O)Nc1ccc2c(c1)[nH]c(=O)[nH]2)NS(=O)(=O)c3ccc(cc3)Cl,C15545205,0,454.9610000000001,2.5483000000000002,0
4363,CSCC[C@H](C(=O)Nc1ccc2c(c1)[nH]c(=O)[nH]2)NC(=O)c3ccccc3Br,C15579067,0,463.3570000000001,3.1089,0
4364,C[C@H](C(=O)Nc1c(ccs1)C(=O)N)OC(=O)CNC(=O)c2c(c3ccccc3s2)Cl,C15848433,0,465.94000000000005,3.0153000000000008,0
4365,c1ccc(cc1)/C=C/S(=O)(=O)Nc2ccc(cc2)C(=O)NNC(=S)NC[C@H]3CCCO3,C15898751,0,460.5810000000002,2.3871,0
4366,c1cc(ccc1C(=O)NCCC(=O)NNC(=S)NCc2ccc3c(c2)OCO3)Cl,C15913477,0,434.9050000000002,1.8840999999999994,0
4367,c1cc(oc1)C(=O)NC(=S)Nc2ccc3c(c2)sc(n3)NC(=S)NC(=O)c4ccco4,C16430153,0,471.54500000000013,3.735900000000001,0
4368,c1ccc(c(c1)C(=O)NNC(=O)CNC(=O)c2ccccc2Cl)NS(=O)(=O)c3cccs3,C17577055,0,492.96600000000007,2.3933,0
4369,c1cc(cc(c1)CSc2nnc(n2N)C(F)(F)F)CSc3nnc(n3N)C(F)(F)F,C18287601,0,470.4280000000001,2.9193999999999996,0
4370,C=CCn1c(nnc1SCCC(=O)Nc2ccc(cc2)S(=O)(=O)N)CNc3ccccc3,C20831140,0,472.5960000000002,2.844500000000001,0
4371,Cn1c2ccc(cc2n(c1=O)C)[C@H](COc3ccc(cc3)CNc4ccc5c(c4)[nH]c(=O)[nH]5)O,C20877787,0,459.5060000000001,2.7711,0
4372,c1ccc(c(c1)[C@H](CC(=O)OCC(=O)Nc2ccc(cc2)OC(F)(F)F)NC(=O)N)Cl,C21136844,0,459.808,3.5199999999999996,0
4373,Cc1c(c(=O)[nH]c(=O)[nH]1)CCC(=O)NC[C@@H](c2ccc(cc2)N(C)C)c3c[nH]c4c3cccc4,C21621673,0,459.5500000000001,2.7998200000000013,0
4374,c1ccc2c(c1)c(c[nH]2)CC(=O)NNC(=O)c3cccc(c3)S(=O)(=O)NC[C@H]4CCCO4,C22698590,0,456.5240000000002,1.6288999999999996,0
4375,C[C@@H]1CCc2c(sc(c2C(=O)N)NC(=O)CSc3nnc(s3)NC[C@@H]4CCCO4)C1,C24506965,0,467.6420000000003,3.1450000000000014,0
4376,C[C@@H]1CCc2c(sc(c2C(=O)N)NC(=O)CSc3nnc(s3)NC[C@H]4CCCO4)C1,C24506975,0,467.6420000000003,3.1450000000000014,0
4377,Cc1ccccc1C(=O)NCCC(=O)NCCCc2c(c(n(n2)c3ccc(cc3)F)N)C#N,C25162816,0,448.5020000000001,2.6426,0
4378,CC(C)[C@H](C(=O)Nc1nc(cs1)CC(=O)N)NS(=O)(=O)c2ccc3ccccc3c2,C25407238,0,446.55400000000014,2.2657,0
4379,c1ccnc(c1)C(CNc2ccc(c(c2F)CC(=O)NCc3ccc4c(c3)onc4N)C#N)(F)F,C29043378,0,480.45000000000016,3.8785800000000012,0
4380,c1cc(cc(c1)NC(=O)[C@H]2CCCO2)C(=O)NCCCc3c(c(n(n3)c4ccc(cc4)F)N)C#N,C31118378,0,476.5120000000002,2.94538,0
4381,Cc1ccc(cc1)n2c(cc(c2C)/C=C/C(=O)NCc3cccc(c3)NS(=O)(=O)N)C,C32754839,0,438.55300000000017,3.3475600000000005,0
4382,c1ccc(c(c1)C(=O)OCC(=O)Nc2c(c3c(s2)CCC3)C(=O)N)NC(=O)c4ccco4,C33371157,0,453.4760000000002,2.9764999999999997,0
4383,CCOc1ccc(NC(=O)CSC2=N[C@H]3SC4=C(C[C@](C)(CC)OC4)C3=C(N)N2)cc1,C34789338,0,460.62500000000034,3.802500000000002,0
4384,Cc1ccc(cc1)SCC2=C3[C@H](C(=C(O[C@@H]3N=N2)N)C#N)c4ccc(c(c4)OC)OCC(=O)N,C38915308,0,477.5460000000003,3.513700000000002,0
4385,c1ccc(cc1)N2[C@H](NN=C2SCC(=O)Nc3ccc(cc3)F)Cc4cc(=O)[nH]c(=O)[nH]4,C39361538,0,454.48700000000014,1.8235999999999997,0
4386,c1cc(ccc1N2[C@@H](NN=C2SCC(=O)Nc3ccc(cc3F)F)Cc4cc(=O)[nH]c(=O)[nH]4)F,C39362784,0,490.46700000000016,2.1018,0
4387,c1ccc(cc1)CNC(=O)CSC2=NN[C@H](N2c3ccc(cc3)Cl)Cc4cc(=O)[nH]c(=O)[nH]4,C39363104,0,484.9690000000002,2.0155999999999996,0
4388,c1cc2cccnc2c(c1)CCNC(=O)c3ccc(cc3)NS(=O)(=O)c4ccc5c(c4)[nH]c(=O)[nH]5,C39547920,0,487.5410000000001,3.1777000000000006,0
4389,c1ccc2c(c1)nc(n2CCCOc3ccc(cc3)Cl)S[C@@H]4[C@@H]([C@@H]([C@@H]([C@@H](O4)CO)O)O)O,C39916032,0,480.9700000000001,2.0508000000000024,0
4390,CCN1[C@H](NN[C@@H]1SCc2[nH]c(=O)c3ccccc3n2)CC(=O)Nc4ccccc4F,C39969670,0,442.52000000000015,2.3636,0
4391,C[C@]12CC[C@H]([C@@]([C@H]1Cc3c(nc(s3)NC(=O)OCC=C)[C@H]2CC(=O)NC4CC4)(C)CO)O,C43554227,0,463.6000000000003,2.961800000000001,0
4392,COc1ccc(cc1OC)Nc2nc(cs2)C(=O)NCc3ccc(cc3)S(=O)(=O)N,C44248743,0,448.5260000000002,2.4813,0
4393,c1ccc2c(c1)c(c[nH]2)C[C@H](C(=O)NNc3ncccn3)NC(=O)c4ccc(cc4)Cl,C45520781,0,434.88700000000006,3.095700000000001,0
4394,C[C@H](C(=O)Nc1ccc2c(c1)[nH]c(=O)[nH]2)N3CCN(CC3)CC(=O)Nc4ccccc4C(F)(F)F,C23357540,0,490.4860000000002,2.4583000000000013,0
4395,COc1ccccc1NC(=S)NNC(=O)c2cnn3c2N[C@@H](C[C@@H]3C(F)F)c4ccccc4,C02794084,0,472.52100000000013,3.8862000000000023,0
4396,c1cc(ccc1C(=O)NCCNC(=O)C[C@H]2C(=O)Nc3cc(ccc3S2)C(F)(F)F)O,C59024295,0,453.442,2.7601,0
4397,CCOc1cc(ccc1O)/C=N/Nc2[nH]nc(n2)SCC(=O)NCc3ccc(cc3)F,C59039826,0,444.4920000000002,2.9026000000000005,0
4398,c1cc(cc(c1)F)CNS(=O)(=O)c2cccc(c2)CNC(=O)c3ccc(c(c3)[N+](=O)[O-])N,C59886360,0,458.47100000000023,2.7246000000000006,0
4399,c1cc(cc(c1)NC(=O)CNc2cccc(c2)NC(=O)c3ccco3)C(=O)NC[C@@H]4CCCO4,C66107482,0,462.5060000000003,3.4913000000000016,0
4400,C[C@@]12CC[C@H]([C@@]([C@H]1Cc3c(nc(s3)NC(=O)C4CCC4)[C@H]2CC(=O)NCCOC)(C)CO)O,C04222460,0,479.6430000000004,2.4499000000000013,0
4401,COc1ccc(cc1OC)/C=C/c2cc(cc(c2)O[C@@H]3[C@H]([C@@H]([C@@H]([C@@H](O3)CO)O)O)O)OC,C05811546,0,448.46800000000013,1.0614999999999999,0
4402,COc1cc(cc(c1O)OC)[C@@](C(=O)OC)(C(F)(F)F)Nc2ccc(cc2)S(=O)(=O)N,C03626486,0,464.41800000000006,2.0994999999999995,0
4403,Cc1ccc(cc1)NS(=O)(=O)c2ccc(c(c2)C(=O)NCc3ccc(cc3)CS(=O)(=O)N)C,C10164449,0,487.6030000000003,2.8227400000000005,0
4404,COCCNC(=O)c1c2c(sc1NC(=O)COc3ccc(cc3C(=O)N)Cl)CCCC2,C11115575,0,465.9590000000003,2.7729000000000017,0
4405,c1ccc(cc1)C(=O)Nc2nc(cs2)CC(=O)NNC(=O)CNc3cccc(c3)C(F)(F)F,C11657344,0,477.4680000000001,3.2162000000000006,0
4406,COCCCNC(=S)NNC(=O)c1ccc(cc1)CNS(=O)(=O)c2ccc(c(c2)Cl)F,C13138246,0,488.9940000000002,2.103,0
4407,C[C@@H]1C[C@H](n2c(c(cn2)C(=O)NNC(=S)Nc3ccc(cc3OC)OC)N1)C(F)(F)F,C02793723,0,458.4660000000002,2.839200000000001,0
4408,CNS(=O)(=O)c1cc(cc(c1)NCc2ccc(c(c2)OC)O)C(=O)Nc3ccc4c(c3)CCC4,C14748140,0,481.5740000000003,3.6620000000000026,0
4409,c1cc(ccc1F)S(=O)(=O)NCCCC(=O)NNC(=S)NCc2ccc3c(c2)OCO3,C15912842,0,468.53200000000015,1.3084000000000002,0
4410,COCCNC(=O)c1c2c(sc1NC(=O)CSc3nc(cn3N)c4ccccc4)CCCC2,C18471576,0,485.6350000000003,3.311200000000002,0
4411,CN(C)c1ccc(cc1)/C=N/Nc2nnc(n2N)SCC(=O)Nc3c(cccc3F)F,C20527639,0,446.48700000000014,2.5129,0
4412,COc1ccc(cc1O)/C=N/Nc2[nH]nc(n2)SCCC(=O)Nc3cccc(c3)Cl,C21078690,0,446.9200000000002,3.739200000000001,0
4413,c1ccc2c(c1)c(=O)n(c(n2)SCC(=O)Nc3c(c4c(s3)CCCC4)C(=O)N)CCCO,C21276512,0,472.59200000000044,2.5489,0
4414,CS(=O)(=O)c1ccc(cc1)Nc2nc(cs2)CC(=O)NCc3ccc(cc3)S(=O)(=O)N,C23236857,0,480.5930000000003,1.7965,0
4415,C[C@H](C(=O)NCC(=O)Nc1ccc(c(c1F)F)F)Sc2nnc(n2N)c3ccc(cc3)OC,C23867659,0,480.4720000000002,2.3202999999999996,0
4416,c1ccc2c(c1)[nH]c(n2)SCc3ccc(cc3)C(=O)NNC(=O)CNC(=O)c4cccs4,C25444559,0,465.5600000000001,3.1077000000000004,0
4417,c1ccc(c(c1)C(=O)OCC(=O)Nc2c(ccs2)C(=O)N)OCC(=O)Nc3ccccc3F,C28624370,0,471.4660000000002,2.799100000000001,0
4418,Cc1cccc(c1)[C@@H](CC(=O)Nc2ccc(c(c2)S(=O)(=O)N3CCCCC3)OC)NC(=O)N,C32796076,0,474.58300000000037,2.9164199999999996,0
4419,Cc1ccc(cc1)S(=O)(=O)CNC(=O)[C@H](c2c(cc(cc2O)O)O)N(C)C(=O)Cc3ccccc3C,C36525276,0,512.5840000000002,2.710040000000001,0
4420,Cc1ccc(cc1)S(=O)(=O)CNC(=O)[C@H](c2c(cc(cc2O)O)O)N(C(=O)CCS)C(C)(C)C,C36587642,0,510.63400000000024,2.647520000000001,0
4421,Cc1ccc(cc1)S(=O)(=O)CNC(=O)[C@H](c2c(cc(cc2O)O)O)N(C(=O)CCl)C(C)(C)C,C36590029,0,498.98500000000024,2.566420000000001,0
4422,CCn1cc(cn1)/C=C/C(=O)NC(=S)Nc2c3c(cc(nc3sc2C(=O)N)C(F)F)C4CC4,C36611787,0,490.56100000000026,3.953000000000001,0
4423,c1ccc2c(c1)c(c[nH]2)c3nnc(n3C[C@H]4CCCO4)SCC(=O)Nc5c(ccs5)C(=O)N,C36788211,0,482.5910000000002,3.496600000000001,0
4424,C[C@H](c1ccc(cc1)S(=O)(=O)N)NC(=O)[C@H](C(C)C)NS(=O)(=O)c2cccs2,C09466933,0,445.5880000000001,1.5758,0
4425,Cc1cccc(c1)C(=O)NC[C@H]2NN[C@@H](N2C)SCC(=O)Nc3nc(cs3)c4ccccc4,C38959509,0,482.6350000000002,2.8695200000000005,0
4426,c1ccc(cc1)N2[C@H](NN=C2SCC(=O)NCc3ccc(cc3)F)Cc4cc(=O)[nH]c(=O)[nH]4,C39361580,0,468.5140000000001,1.5012999999999996,0
4427,Cc1ccc(c(c1)N2[C@@H](NN=C2SCC(=O)NCc3ccc(cc3)F)Cc4cc(=O)[nH]c(=O)[nH]4)C,C39361887,0,496.56800000000027,2.1181399999999995,0
4428,c1ccc(c(c1)CNC(=O)CSC2=NN[C@@H](N2c3ccc(cc3)F)Cc4cc(=O)[nH]c(=O)[nH]4)Cl,C39362850,0,502.9590000000002,2.1547,0
4429,c1ccc2c(c1)c(c[nH]2)C[C@H](C(=O)NCC(=O)NCc3ccco3)NC(=O)c4cccs4,C39527384,0,450.5200000000001,2.5961,0
4430,CC(C)NC(=O)NC(=O)COC(=O)[C@@H](Cc1c[nH]c2c1cccc2)NC(=O)c3ccccc3Cl,C39612094,0,484.94000000000017,2.9398,0
4431,CCOc1ccc(cc1OC)Cn2c3ccccc3nc2S[C@@H]4[C@@H]([C@@H]([C@@H]([C@@H](O4)CO)O)O)O,C39915924,0,476.5510000000001,1.3838999999999997,0
4432,CCCCOc1ccc(cc1OC)Cn2c3ccccc3nc2S[C@H]4[C@@H]([C@@H]([C@@H]([C@@H](O4)CO)O)O)O,C39915937,0,504.60500000000013,2.1641000000000012,0
4433,COc1ccccc1OCCCn2c3ccccc3nc2S[C@H]4[C@H]([C@@H]([C@@H]([C@@H](O4)CO)O)O)O,C39916027,0,476.5510000000001,1.4059999999999997,0
4434,CCN1[C@@H](NN[C@@H]1SCc2[nH]c(=O)c3ccccc3n2)CC(=O)Nc4ccc(cc4)OCC,C39969699,0,468.58300000000025,2.6232000000000006,0
4435,C[C@]12CC[C@H]([C@@]([C@H]1Cc3c(nc(s3)NC(=O)C(C)(C)C)[C@H]2CC(=O)NCCOC)(C)CO)O,C43553449,0,481.65900000000033,2.6959000000000017,0
4436,CCCNC(=O)O[C@@H]1CC[C@]2([C@H]([C@]1(C)CO)CC[C@H]([C@H]2CC(=O)NCc3ccc4c(c3)OCO4)O)C,C43553872,0,504.62400000000025,3.1122000000000005,0
4437,C[C@]12CC[C@H]([C@@]([C@H]1Cc3c(nc(s3)NC(=O)OCC=C)[C@H]2CC(=O)NCc4ccco4)(C)CO)O,C43554235,0,503.6210000000003,3.5926000000000027,0
4438,CS(=O)(=O)Nc1ccc(cc1)/C=C/C(=O)Nc2ccc(cc2)NC(=O)NCc3ccco3,C45824105,0,454.5080000000002,3.6247000000000016,0
4439,Cc1ccc(cc1)NC(=O)CSCC(=O)Nc2ccc(cc2)NC(=O)NC[C@@H]3CCCO3,C45873302,0,456.5680000000002,3.605920000000001,0
4440,c1cc(ccc1/C=C/C(=O)Nc2ccc(cc2)NC(=O)NC[C@@H]3CCCO3)C(=O)NC4CC4,C28513012,0,448.5230000000003,3.531200000000002,0
4441,NC(=O)C1CCN(CCCNC(=O)c2cccc(S(=O)(=O)Nc3ccccc3F)c2)CC1,C46919363,0,462.5470000000002,1.9437,0
4442,Cc1ccc(cc1)c2csc3c2c(=O)n(cn3)CC(=O)NCCCCCc4c(c(n[nH]4)N)C#N,C09377084,0,475.5780000000003,3.1395999999999997,0
4443,C[C@H]1CCCC[C@H]1NC(=S)NNC(=O)CCNS(=O)(=O)c2ccc(c(c2)OC)OC,C57531452,0,458.6060000000002,1.4462000000000008,0
4444,Cc1ccc(cc1)NC(=O)CNc2ccc(cc2)S(=O)(=O)/N=c\3/n(ccs3)CC(=O)N,C12486577,0,459.5530000000002,1.6835200000000001,0
4445,COc1cc(ccc1O)/C=N/Nc2[nH]nc(n2)SCC(=O)Nc3ccc(cc3)Br,C58994814,0,477.34400000000016,3.4582000000000006,0
4446,COc1cc(ccc1O)/C=N/Nc2[nH]nc(n2)SCC(=O)Nc3ccc(cc3)C(F)(F)F,C58995049,0,466.44500000000016,3.714500000000001,0
4447,C[C@]1(C(=O)NC(=O)N1)c2cccc(c2)NC(=O)[C@@H](CCSC)NC(=O)COc3ccccc3,C59017713,0,470.5510000000003,1.9965999999999993,0
4448,CCCc1c(c([nH]c1C(=O)NCCCc2c(c(n(n2)c3ccc(cc3)F)N)C#N)C)C(=O)OC,C59403087,0,466.51700000000017,3.203500000000001,0
4449,C[C@H](C(=O)NNC(=O)C1CCC1)Sc2nc([nH]n2)N/N=C/c3cccc(c3Cl)Cl,C59879250,0,456.35900000000004,2.9856,0
4450,c1cc(ccc1CNc2c3c(ncn2)n(cn3)Cc4ccc(cc4)S(=O)(=O)N)S(=O)(=O)N,C01703638,0,473.5400000000002,0.7815000000000001,0
4451,c1cc-2c(cc1S(=O)(=O)NCCCO)C(=NO)c3c2ccc(c3)S(=O)(=O)NCCCO,C03078222,0,469.5410000000002,0.21499999999999997,0
4452,COCCNC(=O)[C@@H](c1ccc(cc1)F)N(Cc2ccco2)C(=O)c3c(c(ns3)C(=O)N)N,C06904942,0,475.50200000000024,1.7025999999999994,0
4453,Cc1c(oc2c1cc3c(c(c(=O)oc3c2C)CC(=O)N(C)C[C@@H]([C@@H]([C@@H]([C@@H](CO)O)O)O)O)C)C,C08764209,0,477.51000000000016,0.2096800000000003,0
4454,CC(C)[C@@H](C(=O)NC(=O)N)Sc1nnc(n1N)COc2ccccc2F,C08771044,0,382.4210000000001,1.0216,0
4455,CCc1cc(=O)[nH]c(n1)n2c(cc(n2)C)NC(=O)C(=O)NCCc3ccc(cc3)S(=O)(=O)N,C09037820,0,473.51500000000027,-0.22877999999999854,0
4456,CCOc1cccc(c1)/C=N/Nc2nc3c(ncnc3n2[C@H]4[C@@H]([C@@H]([C@H](O4)CO)O)O)N,C09113121,0,429.4370000000001,-0.1353000000000003,0
4457,Cc1cccc(c1)NC(=O)c2c(c3ccccc3o2)NC(=O)C(=O)NC(C)(CO)CO,C09705918,0,425.4410000000002,1.791519999999999,0
4458,Cc1ccc(o1)[C@@H](C(=O)NCCOC)N(c2ccccc2F)C(=O)c3c(c(ns3)C(=O)N)N,C12467565,0,475.50200000000024,2.0154199999999998,0
4459,c1cc(cc(c1)S(=O)(=O)N)NC(=O)COC(=O)C[C@H](c2ccc(cc2)Cl)NC(=O)N,C12550784,0,454.8920000000001,1.2687999999999997,0
4460,Cc1ccc(cc1)N([C@H](C)C(=O)NC[C@@H]2CCCO2)C(=O)c3c(c(ns3)C(=O)N)N,C12715169,0,431.5180000000002,1.46312,0
4461,Cc1ccc(cc1)N([C@@H](C)C(=O)NC[C@H]2CCCO2)C(=O)c3c(c(ns3)C(=O)N)N,C12715181,0,431.5180000000002,1.46312,0
4462,C[C@H](C(=O)NC[C@@H]1CCCO1)N(c2ccc3c(c2)OCCO3)C(=O)c4c(c(ns4)C(=O)N)N,C12715204,0,475.5270000000003,0.9259000000000006,0
4463,C[C@@H](C(=O)NC[C@@H]1CCCO1)N(c2ccc3c(c2)OCCO3)C(=O)c4c(c(ns4)C(=O)N)N,C12715208,0,475.5270000000003,0.9259000000000006,0
4464,Cc1c(oc2c1cc3c(c(c(=O)oc3c2C)CC(=O)N(C)C[C@H]([C@H]([C@H]([C@H](CO)O)O)O)O)C)C,C12896772,0,477.51000000000016,0.2096800000000003,0
4465,Cc1c(oc2c1cc3c(c(c(=O)oc3c2C)CC(=O)N(C)C[C@@H]([C@H]([C@H]([C@H](CO)O)O)O)O)C)C,C12896777,0,477.51000000000016,0.2096800000000003,0
4466,Cc1c(oc2c1cc3c(c(c(=O)oc3c2C)CC(=O)N(C)C[C@H]([C@@H]([C@H]([C@H](CO)O)O)O)O)C)C,C12896782,0,477.51000000000016,0.2096800000000003,0
4467,c1cc(ccc1C(=O)O[C@H]2C=C([C@@H]3[C@@H]2C=CO[C@H]3O[C@@H]4[C@H]([C@H]([C@@H]([C@H](O4)CO)O)O)O)CO)O,C14858117,0,466.43900000000014,-1.2312000000000005,0
4468,c1cc(ccc1CNC(=O)Cn2c(cnc2SCC(=O)Nc3ccc(cc3)C(=O)N)CO)F,C17155865,0,471.51400000000024,1.6605999999999999,0
4469,c1ccc(c(c1)/C=N/Nc2[nH]nc(n2)SCC(=O)Nc3nnc(s3)SCC(=O)N)F,C20833364,0,467.53700000000015,1.5494999999999994,0
4470,c1cc(cc(c1)O)/C=N/Nc2[nH]nc(n2)SCC(=O)Nc3ccc(cc3)S(=O)(=O)N,C20906803,0,447.5020000000002,1.3344999999999998,0
4471,c1cc(cc(c1)O)/C=N/Nc2nnc(n2N)SCCC(=O)Nc3ccc(cc3)S(=O)(=O)N,C20915795,0,476.54400000000027,0.9117999999999995,0
4472,c1cc(ccc1[C@@H](CC(=O)OCC(=O)Nc2c(c3c(s2)CCCC3)C(=O)N)NC(=O)N)Cl,C20973366,0,478.9580000000002,2.660599999999999,0
4473,c1cc(ccc1/C=N/Nc2nnc(n2N)SCC(=O)Nc3ccc4c(c3)OCCO4)O,C21315613,0,441.47300000000024,1.6454999999999993,0
4474,COc1cccc(c1O)/C=N/Nc2nnc(n2N)SCC(=O)Nc3ccc4c(c3)OCCO4,C21319001,0,471.4990000000003,1.6540999999999997,0
4475,Cc1cc(c(c(c1)C)NC(=O)CNC(=O)COC(=O)C[C@H](c2ccc(cc2)Cl)NC(=O)N)C,C21327376,0,474.94500000000016,2.6628600000000002,0
4476,Cc1ccc(cc1)S(=O)(=O)NCC(=O)NCC(=O)NNC(=O)Cc2c[nH]c3c2cccc3,C24704794,0,457.5120000000001,0.26092000000000254,0
4477,c1ccc2c(c1)c(=O)n(c(n2)SCCC(=O)NC(=O)N)CCc3ccc(cc3)S(=O)(=O)N,C25243327,0,475.55200000000025,0.9636999999999993,0
4478,c1cc(cc(c1)Br)[C@@H](CC(=O)NNC(=O)COc2ccc(cc2)F)NC(=O)N,C25257386,0,453.2680000000002,1.9141,0
4479,CC(C)([C@@H](Cc1c(cc2c(c1OC)ccc(=O)o2)OC)O)O[C@H]3[C@@H]([C@H]([C@@H]([C@H](O3)CO)O)O)O,C31166206,0,470.4710000000002,-0.6912999999999998,0
4480,Cc1c(c(=O)nc([nH]1)N)CCCNS(=O)(=O)c2ccc(cc2)CNC(=O)CBr,C17039748,0,472.3650000000002,0.5827200000000006,0
4481,C[C@@H]([C@H]([C@@H]([C@@H](OCCO)Oc1ccc(c(c1)O)C(=O)/C=C/c2ccc3c(c2)OCCO3)O)O)O,C34898297,0,476.47800000000024,0.8758999999999999,0
4482,c1cc(ccc1C(=O)O[C@@H]2C=C([C@H]3[C@@H]2C=CO[C@@H]3O[C@@H]4[C@@H]([C@@H]([C@@H]([C@@H](O4)CO)O)O)O)CO)O,C35455270,0,466.43900000000014,-1.2312000000000005,0
4483,c1cc(ccc1/C=C/C(=O)OC[C@@H]2[C@H]([C@@H]([C@@H]([C@@H](O2)OC(=O)c3cc(c(c(c3)O)O)O)O)O)O)O,C35458216,0,478.4060000000002,-0.2700000000000012,0
4484,Cc1ccc(cc1)S(=O)(=O)CNC(=O)[C@H](c2c(cc(cc2O)O)O)N(C(=O)CO)C(C)(C)C,C36590534,0,480.5390000000002,1.3199199999999998,0
4485,Cc1cccc(c1)N([C@H](C)C(=O)NC[C@@H]2CCCO2)C(=O)c3c(c(ns3)C(=O)N)N,C12715882,0,431.5180000000002,1.46312,0
4486,CC(C)([C@H](COc1c2ccc(=O)oc2cc3c1cco3)O)O[C@H]4[C@@H]([C@H]([C@@H]([C@H](O4)CO)O)O)O,C31160178,0,466.43900000000014,-0.1260000000000004,0
4487,c1cc(ccc1/C=C(\C#N)/c2c(c(n(n2)CCO)N)C#N)/C=C(/C#N)\c3c(c(n(n3)CCO)N)C#N,C13124297,0,480.49200000000025,1.1003200000000002,0
4488,c1ccc(cc1)C2=C[C@@H](N=N2)[C@@H]3NN[C@@H](N3N)SCC(=O)Nc4ccc(cc4)C(=O)N,C39575962,0,438.5170000000002,1.2258999999999998,0
4489,O=C(CS[C@H]1NN[C@H](NCc2ccco2)S1)N[C@@H](Cc1c[nH]c2ccccc12)C(=O)O,C39692868,0,461.5690000000002,1.804,0
4490,c1cc(c(cc1NC(=S)N[C@@H]2CS(=O)(=O)C=C2)NC(=S)N[C@H]3CS(=O)(=O)C=C3)O,C40166878,0,474.6110000000001,0.5863999999999998,0
4491,C1CCC(CC1)CCCCO[C@@H]2[C@@H]([C@@H]([C@@H]([C@@H](O2)CO)O[C@@H]3[C@@H]([C@@H]([C@@H]([C@@H](O3)CO)O)O)O)O)O,C43193641,0,480.55100000000016,-1.6222999999999965,0
4492,C1CCC(CC1)CCCCO[C@H]2[C@@H]([C@@H]([C@@H]([C@@H](O2)CO)O[C@@H]3[C@@H]([C@@H]([C@@H]([C@@H](O3)CO)O)O)O)O)O,C43193642,0,480.55100000000016,-1.6222999999999965,0
4493,CC(C)CC(CC(C)C)O[C@H]1[C@@H]([C@H]([C@H]([C@@H](O1)CO)O[C@H]2[C@@H]([C@H]([C@H]([C@@H](O2)CO)O)O)O)O)O,C44168291,0,468.54000000000013,-1.9120999999999966,0
4494,CC(C)[C@@H](C(=O)NCc1ccc(cc1)C(=O)NCC(=O)N)NC2=NS(=O)(=O)c3c2cccc3,C46920963,0,471.5390000000002,0.2812000000000029,0
4495,c1cc(c(cc1O)O)/C=N/Nc2[nH]nc(n2)SCC(=O)Nc3nccs3,C58994240,0,391.4380000000001,1.8491999999999995,0
4496,C=CCn1cc(cn1)/C=N/Nc2[nH]nc(n2)SCCC(=O)Nc3ccc(cc3)S(=O)(=O)N,C59832406,0,475.5600000000003,1.4014999999999997,0
4497,Cc1ccc(c(c1)NC(=O)CSc2nnc(n2N)N/N=C/c3c(nn(c3C)CCO)C)C,C59914587,0,457.56400000000025,1.5911799999999998,0
4498,NS(=O)(=O)c1ccc(CCN=C(S)Nc2ccc(S(N)(=O)=O)cc2)cc1,C08682382,0,414.5340000000001,0.9218,0
4499,c1cc(ccc1C[C@@H](CNC(=O)Nc2ccc(cc2)S(=O)(=O)N)C(=O)N)F,C66456658,0,394.4280000000001,0.9388000000000001,0
4500,Cc1cc(=O)oc2c1ccc(c2)O[C@@H]3[C@H]([C@@H]([C@@H]([C@@H](O3)CO)O[C@@H]4[C@@H]([C@@H]([C@@H]([C@@H](O4)CO)O)O)O)O)O,C04556905,0,500.4530000000002,-2.8956799999999974,0
4501,COc1ccc(cc1)Nc2c3c(nc(n2)N)n(cn3)[C@@H]4[C@H]([C@@H]([C@@H](O4)CO)O)O,C05392857,0,388.38400000000007,-0.2278000000000004,0
4502,C[C@]12CC[C@H]3C(=CC(=O)[C@H]4[C@]3(C[C@@H]([C@@H](C4)O)O)C)[C@@]1(CC[C@@H]2[C@](C)([C@@H](CCC(C)(C)O)O)O)O,C09065225,0,480.64200000000034,1.854000000000001,0
4503,CCCCNC(=O)NS(=O)(=O)c1ccc(cc1)NC(=O)[C@H]([C@@H](C)CC)NC(=O)N,C09612567,0,427.52700000000016,1.4961000000000007,0
4504,CCO[C@]1([C@]([C@]([C@]([C@@](O1)(C)CO)(C)O[C@@]2([C@]([C@]([C@]([C@](O2)(C)CO)(C)O)(C)O)(C)O)C)(C)O)(C)O)C,C09915710,0,510.62100000000027,-0.4519999999999986,0
4505,Cc1cc(c(cc1C)N[C@H]2[C@H]([C@@H]([C@@H]([C@@H](O2)CO)O)O)O)N[C@@H]3[C@H]([C@@H]([C@@H]([C@H](O3)CO)O)O)O,C12653065,0,460.48000000000013,-3.272959999999995,0
4506,c1ccc2c(c1)c(ccn2)/C=N/Nc3nc4c(ncnc4n3[C@H]5[C@@H]([C@@H]([C@H](O5)CO)O)O)N,C08918577,0,436.43200000000013,0.01419999999999877,0
4507,CN(C)c1ccc(cc1)/C=N/Nc2nc3c(=O)[nH]c(nc3n2[C@@H]4[C@H]([C@@H]([C@H](O4)CO)O)O)N,C13425182,0,444.4520000000001,-1.174699999999998,0
4508,COc1cc(ccc1O[C@H]2[C@H]([C@@H]([C@@H]([C@@H](O2)CO)O)O)O)[C@H]3[C@H](c4cc(cc(c4O3)O)CCCO)CO,C15169007,0,508.5200000000003,-0.2859999999999999,0
4509,c1cc(c(cc1C(F)(F)F)[N+](=O)[O-])NCCCNC(=O)CSc2[nH]c3c(n2)c(=O)[nH]c(n3)N,C20435728,0,486.4360000000002,1.8658999999999992,0
4510,c1ccc(cc1)c2cc(c3ccccc3n2)C(=O)NC(=S)Nc4ccc(cc4)S(=O)(=O)N=C(N)N,C13881919,0,504.5970000000002,2.9907000000000004,0
4511,OCCN(CCO)C1=NC2=C(N3CCCCC3)NC(N(CCO)CCO)=N[C@@H]2C(N2CCCCC2)=N1,C20790998,0,506.6520000000004,-1.2035999999999925,0
4512,c1cc(ccc1NC(=O)CCSc2nc([nH]n2)N/N=C/c3cc(ccc3O)Cl)S(=O)(=O)N,C20834789,0,495.97400000000016,2.3779999999999997,0
4513,c1ccc2c(c1)CCN(C2)S(=O)(=O)c3ccc(cc3)NC(=O)CCSc4nnc(n4N)NN,C20922598,0,488.5990000000002,1.1454000000000006,0
4514,C=CCSc1nc2ccc(cc2s1)NC(=O)CSc3nnc(n3N)NN,C21036297,0,408.5380000000001,1.896099999999999,0
4515,Cc1cc(=O)oc2c1ccc(c2)O[C@H]3[C@@H]([C@@H]([C@H]([C@H](O3)CO)O)O[C@H]4[C@H]([C@H]([C@@H]([C@H](O4)C)O)O)O)O,C22064058,0,484.4540000000002,-1.8680799999999989,0
4516,CCc1ccccc1Nc2nc(nc(n2)N)C[N+]3(CCCC3)Cc4nc(nc(n4)Nc5ccccc5CC)N,C12585963,0,526.6730000000003,4.1438000000000015,1
4517,Cc1ccc(S(=O)(=O)NCC(=O)N/N=C/c2cn(C[C@@H](O)CNCCCO)c3ccccc23)cc1,C28295693,0,501.6090000000003,0.7112200000000014,0
4518,COc1cc(ccc1O[C@@H]2[C@H]([C@@H]([C@@H]([C@H](O2)CO)O)O)O)[C@@H]3[C@@H](c4cc(cc(c4O3)OC)/C=C/CO)CO,C31159891,0,520.5310000000003,0.0975999999999998,0
4519,CN(C)c1ccc(cc1)/C=N\Nc2nc3c(=O)[nH]c(nc3n2[C@@H]4[C@@H]([C@@H]([C@@H](O4)CO)O)O)N,C33764918,0,444.4520000000001,-1.174699999999998,0
4520,c1cc(ccc1/C=N/Nc2nc3c(=O)[nH]c(nc3n2[C@@H]4[C@@H]([C@@H]([C@@H](O4)CO)O)O)N)Cl,C35183226,0,435.8280000000001,-0.5873000000000006,0
4521,CC(=CCc1c(cc2c(c1O)C(=O)[C@@H]([C@H](O2)c3ccc(cc3)O)O)O[C@@H]4[C@@H]([C@@H]([C@@H]([C@@H](O4)CO)O)O)O)C,C35464237,0,518.5150000000002,0.4624999999999996,0
4522,COc1cc(ccc1O)C[C@H](CO[C@H]2[C@@H]([C@@H]([C@@H]([C@@H](O2)CO)O)O)O)c3cc(cc(c3O)OC)/C=C/CO,C35464812,0,522.5470000000003,0.26330000000000015,0
4523,Cc1cc(=O)oc2c1ccc(c2)O[C@H]3[C@@H]([C@@H]([C@@H]([C@@H](O3)CO)O)O)O[C@@H]4[C@@H]([C@@H]([C@@H]([C@@H](O4)C)O)O)O,C35645384,0,484.4540000000002,-1.8680799999999986,0
4524,Cc1cc(=O)oc2c1ccc(c2)O[C@H]3[C@@H]([C@@H]([C@@H]([C@@H](O3)CO)O[C@@H]4[C@@H]([C@@H]([C@@H]([C@@H](O4)C)O)O)O)O)O,C35645439,0,484.4540000000002,-1.8680799999999989,0
4525,[H]/N=C1\NC(=N)N[C@@](C)(CCCOc2ccc(N)cc2)N1c1ccccc1,C17020676,0,352.442,2.7129400000000006,0
4526,c1cc(ccc1/C=N/Nc2nc3c(ncnc3n2[C@@H]4[C@@H]([C@@H]([C@@H](O4)CO)O)O)N)O,C08740504,0,401.3830000000001,-0.8284000000000014,0
4527,c1ccc2c(c1)c(c[nH]2)CC(=O)OC[C@@H]3[C@H]([C@@H]([C@@H]([C@@H](O3)O[C@]4([C@@H]([C@@H]([C@@H](O4)CO)O)O)CO)O)O)O,C37009784,0,499.46900000000016,-3.1206999999999976,0
4528,COc1cc(ccc1O)C[C@@H]2CO[C@@H]([C@@H]2CO[C@@H]3[C@@H]([C@@H]([C@@H]([C@@H](O3)CO)O)O)O)c4ccc(c(c4)OC)O,C35456835,0,522.5470000000003,0.4778999999999997,0
4529,COc1cc(ccc1O[C@@H]2[C@@H]([C@@H]([C@@H]([C@@H](O2)CO)O)O)O)[C@@H]3[C@@H](c4cc(cc(c4O3)OC)/C=C/CO)CO,C35456714,0,520.5310000000003,0.0975999999999998,0
4530,C[C@@]12CC[C@H]3C(=CC(=O)[C@@H]4[C@@]3(C[C@@H]([C@@H](C4)O)O)C)[C@@]1(CC[C@@H]2[C@@](C)(C[C@@H](CC(C)(C)O)O)O)O,C35456686,0,480.64200000000034,1.854000000000001,0
4531,COc1c(cc2c(c1O)c(=O)c(c(o2)c3ccc(c(c3)O)O)O)O[C@H]4[C@@H]([C@H]([C@@H]([C@H](O4)CO)O)O)O,C33833251,0,494.4050000000001,-0.5303000000000004,0
4532,c1cc(ccc1C[C@@]2(C(=O)c3c(cc(cc3O[C@H]4[C@@H]([C@H]([C@@H]([C@H](O4)CO)O)O)O)O)O2)O)O,C31154833,0,450.39600000000013,-1.2171000000000012,0
4533,COc1cc(c2c(=O)cc(oc2c1)c3cccc(c3O)O[C@H]4[C@@H]([C@@H]([C@@H]([C@@H](O4)CO)O)O)O)O,C39560136,0,462.4070000000001,0.058499999999999885,0
4534,COc1cc(ccc1O)[C@@H]([C@H]2[C@@H](CNC2=O)c3ccc(cc3)O)O[C@H]4[C@@H]([C@H]([C@@H]([C@H](O4)CO)O)O)O,C39560217,0,491.49300000000017,-0.5062,0
4535,c1ccc(cc1)C(=O)NNc2c(c(ncn2)NNc3ccccc3)N,C40757501,0,335.37100000000004,2.2546999999999997,0
4536,c1c(c(=O)[nH]c(=O)n1[C@H]2[C@@H]([C@@H]([C@H](O2)CO)O)O)/C=C/C(=O)NCCCCCCNC(=O)C(F)(F)F,C43771817,0,508.45000000000033,-1.4835999999999954,0
4537,C[C@@]12CC[C@H]3C(=CC(=O)[C@@H]4[C@@]3(C[C@@H]([C@@H](C4)O)O)C)[C@]1(CC[C@@H]2[C@@](C)([C@@H](CCC(C)(C)O)O)O)O,C09214623,0,480.64200000000034,1.854000000000001,0
4538,c1cc(ccc1N)O[C@@H]2[C@@H]([C@H]([C@@H]([C@@H](O2)CO)O[C@@H]3[C@@H]([C@H]([C@H]([C@H](O3)CO)O)O)O)O)O,C44019181,0,433.4100000000001,-3.7282999999999964,0
4539,c1cc(ccc1N)S[C@H]2[C@@H]([C@H]([C@@H]([C@@H](O2)CO)O[C@H]3[C@@H]([C@H]([C@@H]([C@@H](O3)CO)O)O)O)O)O,C44960171,0,449.4780000000001,-3.014999999999998,0
4540,c1cc(ccc1N)S[C@H]2[C@H]([C@H]([C@@H]([C@@H](O2)CO)O[C@H]3[C@@H]([C@H]([C@@H]([C@@H](O3)CO)O)O)O)O)O,C44960172,0,449.4780000000001,-3.014999999999998,0
4541,N[C@@H](CCCCNC(=O)c1cccnc1)C(=O)NNc1cccc(Cl)c1,C39231368,0,375.8600000000001,2.105699999999999,0
4542,Cc1cccc(N2CCN(CCCNC(=O)NNC(N)=O)CC2)c1,C46867381,0,334.42400000000015,0.38962000000000196,0
4543,Cc1cccc(N2CCN(CCCCNC(=O)NNC(N)=O)CC2)c1,C46867972,0,348.45100000000014,0.7797200000000017,0
4544,CCc1cc(c(cc1O[C@H]2[C@@H]([C@@H]([C@@H]([C@@H](O2)CO)O)O)O)O)c3c(c[nH]n3)c4ccc5c(c4)OCO5,C08740074,0,486.4770000000002,0.9190999999999996,0
4545,Cc1ccc(NCS(=O)(=O)c2ccccc2)c(O)c1CC(=O)NCc1ccc(N)nc1C,C28570197,0,454.5520000000003,2.68844,0
4546,c1ccc(c(c1)NC(=O)CSc2nnc(n2N)N/N=C/c3ccc(cc3O)O)Br,C20292266,0,478.33200000000005,2.3424000000000005,0
4547,NC1=NC(=S)N=C(O)[C@H]1C(c1cn(-c2ccccc2)nc1-c1ccccc1)[C@H]1C(N)=NC(=S)N=C1O,C63598727,0,516.6120000000003,3.0797,0
4548,Cc1cc(=O)oc2c1ccc(c2)O[C@H]3[C@H]([C@H]([C@H]([C@H](O3)CO)O)O[C@H]4[C@@H]([C@H]([C@@H]([C@@H](O4)C)O)O)O)O,C65747714,0,484.4540000000002,-1.8680799999999989,0
4549,c1cc(ccc1c2cc(n[nH]2)c3nnc(n3N)SCC(=O)Nc4ccc(cc4)S(=O)(=O)N)F,C09453031,0,488.5300000000002,1.5662999999999996,0
4550,c1ccc(cc1)n2c3c(cn2)c(nc(n3)SCC(=O)N)SCC(=O)N,C02180971,0,374.45100000000014,0.9702999999999997,0
4551,c1csc(c1C(=O)N)NC(=O)CSc2nnc(s2)NC3CC3,C08073903,0,355.4700000000001,2.0035999999999996,0
4552,c1cc(oc1)c2nnc(n2N)SCC(=O)NNC(=O)c3cccs3,C09253210,0,364.4120000000001,0.8666999999999999,0
4553,c1ccc(cc1)CNS(=O)(=O)c2ccc(cc2)NC=C3C(=O)NC(=S)NC3=O,C03067180,0,416.4840000000001,0.9917999999999998,0
4554,CCCCNc1nnc(s1)SCC(=O)c2c(n(c(=O)[nH]c2=O)C)N,C14112568,0,370.4600000000001,0.6942999999999999,0
4555,c1ccc(cc1)NC(=S)NNC(=O)Cn2c(=O)c3ccccc3c(=O)[nH]2,C15871360,0,369.40600000000006,0.7075999999999996,0
4556,CC(C)NC(=O)NC[C@@H]1[C@@H]([C@@H]([C@@H](O1)CO)O)N2CCN(CC2)c3ccc(cc3)F,C20465385,0,410.49000000000024,0.14450000000000074,0
4557,c1ccc2c(c1)C[C@H](C(=O)N2)CCC(=O)Nc3nc(cs3)CC(=O)N,C25008135,0,358.42300000000006,1.7005999999999997,0
4558,c1ccc2c(c1)C[C@@H](C(=O)N2)CCC(=O)Nc3nc(cs3)CC(=O)N,C25008140,0,358.42300000000006,1.7005999999999997,0
4559,c1cc(c(cc1S(=O)(=O)NCCC(=O)NNC(=S)NC2CC2)F)F,C26845244,0,378.42600000000004,0.29089999999999977,0
4560,c1ccc(cc1)c2c[nH]c(n2)SCC(=O)c3c(n(c(=O)[nH]c3=O)C4CC4)N,C27660618,0,383.43300000000016,1.8187999999999998,0
4561,c1cc(sc1)C(=O)NCCCC(=O)NNC(=S)NC[C@@H]2CCCO2,C29574669,0,370.5000000000001,0.9323999999999993,0
4562,Cc1ccccc1[C@H](CC(=O)N[C@H](CC(=O)OC)c2ccc(cc2)Cl)NC(=O)N,C29977437,0,417.8930000000001,3.168520000000001,0
4563,c1cc(sc1)CCNC(=O)NC(=O)CSc2nnc(n2C3CC3)N,C31454913,0,366.4720000000001,1.4172999999999998,0
4564,COc1ccc(cc1OC)CCNC(=O)CSc2cc(=O)[nH]c(n2)N,C18211745,0,364.4270000000001,0.8202999999999998,0
4565,c1cnn(c1)c2ccc(cc2)CNC(=O)C(=O)Nc3ccc(c(c3)C(=O)N)F,C41852449,0,381.3670000000001,1.3651999999999997,0
4566,C[C@@H](c1ccccn1)NC(=O)NNc2ccc(cn2)S(=O)(=O)NC(C)C,C43181048,0,378.4580000000001,1.5505999999999995,0
4567,CNC(=O)Nc1ccc(cc1)NC(=O)CCNC2=NS(=O)(=O)c3c2cccc3,C45800072,0,401.4480000000001,1.5051999999999994,0
4568,c1ccc(c(c1)C(=O)NCC(=O)NCc2ccc(cc2)S(=O)(=O)N)F,C46554929,0,365.386,0.5193,0
4569,Cc1ccccc1[C@@H](CC(=O)Nc2cccc(c2)c3nnnn3C)NC(=O)N,C46673249,0,379.4240000000001,1.923719999999999,0
4570,c1cc(sc1)C(=O)NCCCC(=O)NCCNC(=O)c2ccc(cc2)O,C47552969,0,375.45000000000005,1.5098999999999991,0
4571,Cc1ccc(cc1F)NC(=O)C(=O)N[C@@H](CO)[C@@H](c2ccc(cc2)[N+](=O)[O-])O,C48591646,0,391.35500000000013,1.1915199999999992,0
4572,Cc1ccc(cc1NC(=O)C(=O)N[C@@H](CO)[C@H](c2ccc(cc2)[N+](=O)[O-])O)F,C48591652,0,391.3550000000001,1.1915199999999997,0
4573,CNC(=O)Cc1csc(n1)NC(=O)CNC(=O)c2c[nH]c3c2cccc3,C49413647,0,371.4220000000001,1.2813999999999997,0
4574,CNc1nc(cs1)CC(=O)NCCc2ccc(cc2)S(=O)(=O)N,C49664186,0,354.45700000000005,0.7335999999999998,0
4575,CC(C)CNC(=O)c1ccc(cc1Cl)NC(=O)C(=O)NCC(=O)NCC#C,C51808618,0,392.84300000000013,0.5299000000000001,0
4576,CCOC(=O)Nc1cccc(c1C)NC(=O)C(=O)NCC(=O)NCC#C,C51808658,0,360.3700000000001,0.36751999999999974,0
4577,c1c(cnc(c1S(=O)(=O)N2CCC[C@@H]2CCCO)NN)Br,C52763899,0,379.2799999999999,1.0553000000000003,0
4578,C[C@@H](c1ccc(c(c1)OC)OCc2ccncc2)N[C@@H](C)C(=O)NC(=O)N,C56188506,0,372.42500000000007,1.9031999999999993,0
4579,c1ccc2c(c1)nc(n2CC(=O)OCc3nc(nc(n3)N)N)C(F)(F)F,C07177623,0,367.291,1.1478999999999997,0
4580,C=CCNC(=O)c1ccc(cc1)NC(=O)C(=O)NC[C@@H](c2ccccc2F)O,C57941617,0,385.3950000000001,1.5297999999999996,0
4581,C1CCC2(CC1)C(=O)N(C(=O)N2)CCC(=O)NNC(=O)NCC(F)(F)F,C60411708,0,379.33900000000006,0.5239,0
4582,c1cc(ccc1NC(=O)CN2CCN(CC2)C(=O)CCCCNC(=O)N)F,C23649119,0,379.43600000000015,0.7469999999999997,0
4583,CCNC(=O)CNC(=O)NCc1ccccc1CS(=O)(=O)NC(C)C,C61376744,0,370.4750000000001,0.44970000000000115,0
4584,C[C@H](C(=O)NCc1ccco1)NC(=O)NNC(=O)Cc2ccc(cc2)F,C62521068,0,362.3610000000001,0.9965000000000002,0
4585,Cc1csc(n1)CCNS(=O)(=O)c2cc(cnc2NN)Br,C63136095,0,392.30400000000003,1.41562,0
4586,c1nc(c2c(n1)n(cn2)CCCSc3nnc(n3N)C(F)(F)F)N,C63436577,0,359.341,0.9149999999999998,0
4587,c1cc(cc(c1)Br)C(=O)NCC(=O)NCC(=O)Nc2c[nH]nc2,C63532933,0,380.20200000000006,0.6568999999999998,0
4588,CC(C)(C)NC(=O)COc1ccc(cc1)[C@H]2CC(=O)NC3=NN=C([C@H]23)C(=O)N,C65384914,0,385.42400000000015,0.45320000000000155,0
4589,C[C@H](c1ccc(cc1)S(=O)(=O)NC)NC(=O)NCCNC(=O)C(C)C,C54580744,0,370.47500000000014,0.7271000000000001,0
4590,CCc1nc(cs1)CC(=O)Nc2nc(cs2)c3cc([nH]c3)C(=O)N,C55188751,0,361.4520000000001,2.4372,0
4591,C[C@@H](c1cccc(c1)S(=O)(=O)N)NC(=O)C(=O)Nc2ccc(nc2)SC,C66207309,0,394.478,1.2667999999999997,0
4592,CC(C)C(=O)N[C@H](Cc1c[nH]c2c1cccc2)C(=O)Nc3cnn(c3)CCO,C66672237,0,383.45200000000017,1.6786999999999996,0
4593,c1cc(ccc1CNC(=O)NCc2ccc(cc2)S(=O)(=O)N)n3ccnc3,C66891211,0,385.44900000000007,1.5190999999999997,0
4594,c1cc(cc(c1)S(=O)(=O)N)NC(=O)NCCCc2nnc3n2CCCCC3,C67013372,0,392.48500000000024,1.4061999999999992,0
4595,CCCNC(=O)Nc1ccc(cc1)CC(=O)NCCc2n[nH]c(=S)n2C,C67051337,0,376.4860000000001,1.9105899999999998,0
4596,c1cc(oc1)C(=O)NCCNC(=O)CCCC[C@@H]2[C@@H]3[C@@H](CS2)NC(=O)N3,C67143774,0,380.47,0.8513999999999997,0
4597,CCn1c(c(c(n1)C)CNC(=O)N[C@@H](C)c2cccc(c2)S(=O)(=O)N)C,C67385880,0,379.48600000000016,1.7276400000000003,0
4598,c1ccc(c(c1)CNC(=O)C(=O)Nc2ccc(c(c2)Cl)C(=O)N)n3ccnc3,C67426164,0,397.82200000000006,1.8795,0
4599,c1cc(ccc1C(=O)NCCC(=O)NNC(=S)NC[C@@H]2CCCO2)F,C67463079,0,368.43400000000014,0.6199000000000006,0
4600,c1ccc2c(c1)c3c(cc(cc3OCC(=O)N)OCC(=O)N)oc2=O,C00134008,0,342.3070000000001,0.6744000000000001,0
4601,COCCNC(=O)c1c2c(nc3ccccc3n2)n(c1N)CCCO,C02349832,0,343.38700000000017,0.9253,0
4602,Cc1c(cn(n1)C)[C@@H](C)NC(=S)Nc2ccc(cc2)S(=O)(=O)N,C02858051,0,353.47300000000007,1.42352,0
4603,c1ccc(c(c1)CN2C(=O)CNC2=O)C(=O)NNC(=O)Cc3c[nH]c4c3cccc4,C10415340,0,405.41400000000016,1.2234000000000003,0
4604,Cc1c(c(sn1)NC)C(=O)O[C@H](C)C(=O)Nc2c(ccs2)C(=O)N,C16553866,0,368.4400000000001,1.8376199999999998,0
4605,Cc1ccc(cc1)S(=O)(=O)NCC(=O)O[C@@H](C)C(=O)NC(=O)N,C32910200,0,343.36100000000005,-0.6000799999999988,0
4606,c1ccc2c(c1)c(c[nH]2)CC(=O)NNC(=O)CNC(=O)[C@@H]3CC=CO3,C39440512,0,342.3550000000001,0.27660000000000023,0
4607,c1ccc2c(c1)c(c[nH]2)CC(=O)NNC(=O)CNC(=O)[C@H]3CC=CO3,C39440514,0,342.3550000000001,0.27660000000000023,0
4608,c1ccc2c(c1)CCN2S(=O)(=O)CCNC(=O)CCCCNC(=O)N,C41468882,0,368.4590000000002,0.33370000000000116,0
4609,c1ccc(cc1)[C@H](C(=O)N)NC(=O)CNS(=O)(=O)c2cccs2,C42028414,0,353.425,0.3692000000000001,0
4610,CN(C[C@@H](COC)O)S(=O)(=O)c1cc(cnc1NN)Br,C42526599,0,369.241,-0.24250000000000005,0
4611,Cn1c([C@H](N)CC(=O)N[C@H](CC(=O)O)c2csc3ccccc23)cc2ccccc21,C44544939,0,421.5220000000001,4.115100000000003,0
4612,COCCCCNS(=O)(=O)c1cc(cnc1NN)Br,C44677528,0,353.242,0.8346,0
4613,C[C@H](C(=O)NCc1ccc(c(c1)OC)OC[C@H]2CCCO2)NC(=O)N,C46630871,0,351.4030000000001,0.926000000000001,0
4614,C[C@H]1CCCC[C@@H]1OCCNC(=O)C(=O)Nc2c(ccs2)C(=O)N,C48000117,0,353.4440000000001,1.4969999999999997,0
4615,c1cc(ccc1[C@@H]([C@@H](CO)NC(=O)C(=O)Nc2ccc(cc2)F)O)[N+](=O)[O-],C48591486,0,377.3280000000001,0.8831,0
4616,c1cc(cc(c1)NC(=O)C(=O)NCCCO)NC(=O)c2cccs2,C48601926,0,347.396,1.4374999999999993,0
4617,Cc1ncc(CSSCc2cnc(C)c(O)c2CO)c(CO)c1O,C37866091,0,368.48000000000013,2.5708400000000013,0
4618,O=C(NCCCCCCNC(=O)c1cncc(O)c1)c1cncc(O)c1,C04765473,0,358.3980000000001,1.6079999999999994,0
4619,Cc1ccc(cc1)SCC(=O)NNC(=O)NCCC(=O)NCC#C,C50136652,0,348.4280000000001,0.5570200000000001,0
4620,CC[C@@H](C)NC(=O)CCNC(=O)C(=O)Nc1ccc(c(c1)C(=O)NC)F,C50172029,0,366.3930000000001,0.544800000000001,0
4621,CCn1c(c(cn1)NC(=S)NNC(=O)c2c(c[nH]n2)I)C,C13960031,0,419.252,1.17052,0
4622,c1cc(oc1)CNC(=O)NC(=O)CCSc2nnc(n2N)C(F)(F)F,C54430565,0,378.336,1.1118999999999999,0
4623,CCCCN/C(S)=C(/C(=O)c1ccc(O)c(C(N)=O)c1)[n+]1ccccc1CC,C27323560,0,400.5240000000001,2.669500000000001,1
4624,c1cc(c(nc1)NCCNC(=O)c2cc(cc(c2N)[N+](=O)[O-])F)C#N,C58275771,0,344.30600000000004,1.4246799999999997,0
4625,c1cc(ccc1CNC(=O)CCc2ccsc2)C(=O)NCC(=O)N,C59019799,0,345.4240000000001,1.2121999999999997,0
4626,c1cc(cc(c1)Br)[C@@H](CC(=O)NCc2ccco2)NC(=O)N,C22404747,0,366.21500000000003,2.4579999999999997,0
4627,c1cc(oc1)/C=C/C(=O)NCCC(=O)NNC(=O)NCC(F)(F)F,C60411453,0,348.28099999999995,0.6917999999999997,0
4628,c1cc2c(cc1NC(=O)CNC(=O)COCC(F)(F)F)[nH]c(=O)[nH]2,C60615389,0,346.26499999999993,0.48979999999999974,0
4629,c1cc(cc(c1)C(=O)N)CNC(=O)C(=O)Nc2cccc(c2)n3cccn3,C62149092,0,363.37700000000007,1.226099999999999,0
4630,C[C@@H](C(=O)NCc1ccco1)NC(=O)Nc2cccc(c2)C(=O)NC,C62378665,0,344.3710000000001,1.4656,0
4631,CCCn1c(=O)[nH]nc1SCC(=O)NC2=C(CCS2)C(=O)N,C38719986,0,343.4340000000001,0.023499999999999965,0
4632,c1cc(cc(c1)N2CCNC2=O)NC(=O)NCCCC(=O)NC3CC3,C58367222,0,345.40300000000013,1.3964999999999996,0
4633,COc1cc(ccc1OCCO)CNC(=O)NCCC(=O)NCC#C,C64643507,0,349.3870000000001,0.005000000000000837,0
4634,CC(C)[C@H](C(=O)NNC(=O)NCCOC)NC(=O)c1ccccc1F,C64886984,0,354.38200000000006,0.5569000000000002,0
4635,COCCNC(=O)NNC(=O)C[C@@H]1C(=O)Nc2cc(ccc2S1)Cl,C64899559,0,372.83400000000006,1.1196999999999997,0
4636,C1CCC2(C1)C(=O)N(C(=O)N2)CCCC(=O)NNC(=O)NCC3CC3,C65193279,0,351.40700000000015,0.37160000000000154,0
4637,C[C@H](CNC(=O)Nc1cnn(c1)CC(=O)N)N2CCc3c2cccc3,C65440918,0,342.4030000000001,0.9410999999999995,0
4638,c1ccc(cc1)N2CC[C@H](C2)CNC(=O)Nc3cnn(c3)CC(=O)N,C65491155,0,342.40300000000013,1.0163999999999997,0
4639,COCCNC(=O)CCNC(=O)NCCNc1cccc(c1C#N)F,C54737896,0,351.38200000000006,0.5611800000000016,0
4640,c1ccc(cc1)N2[C@H](CC(=N2)C(=O)NCCC(=O)Nc3cccnc3)C(=O)N,C66098628,0,380.4080000000001,0.6465999999999998,0
4641,Cc1ccc(c(n1)OC)CNC(=O)NCc2ccc(cc2)[C@]3(C(=O)NC(=O)N3)C,C66195027,0,397.4350000000002,1.4526199999999996,0
4642,CS(=O)(=O)NCCNC(=O)c1ccc(cc1)n2c(c(cn2)C#N)N,C66240111,0,348.38800000000015,-0.3948199999999992,0
4643,c1cc(cc(c1)Br)C(=O)NCC(=O)N[C@H]2CCCN(C2)CC(=O)N,C66451528,0,397.27300000000025,0.24480000000000046,0
4644,CN(C)S(=O)(=O)c1ccccc1CNC(=O)CCCCNC(=O)N,C25877963,0,356.44800000000015,0.391700000000001,0
4645,COc1ccc(cc1O)CNC(=O)C(=O)Nc2ccc(nc2)NC(=O)C3CC3,C66996479,0,384.3920000000001,1.3991999999999993,0
4646,C1CC1C(=O)NCCNC(=O)CCCC[C@H]2[C@H]3[C@@H](CS2)NC(=O)N3,C67130761,0,354.476,0.354600000000001,0
4647,CC(C)(C)OC(=O)NC(C)(C)C(=O)NNC(=O)NC[C@@H]1CCCO1,C67236673,0,344.41200000000015,0.799100000000001,0
4648,CCOCCCNC(=O)NNC(=O)CCNC(=O)c1cccs1,C67313591,0,342.42100000000005,0.6250000000000003,0
4649,CCn1c(c(c(n1)C)CNC(=O)NCc2ccc(cc2)[C@]3(C(=O)NC(=O)N3)C)C,C67419862,0,398.46700000000016,1.57384,0
4650,c1cc(ccc1/C=C/C(=O)NC(=S)Nc2ccc(cc2)S(=O)(=O)N)[N+](=O)[O-],C01840680,0,406.4450000000001,1.7686,0
4651,c1ccc2c(c1)c(c[nH]2)CCNC(=O)CSc3nnc(s3)SCC(=O)N,C07334551,0,407.5460000000001,2.0477999999999996,0
4652,Cc1nc2cc(ccc2n1c3ccccc3)NC(=O)[C@@H](CCSC)NC(=O)N,C08229659,0,397.50400000000013,3.0624200000000004,0
4653,CCNC(=O)NC(=O)COC(=O)CCNC(=O)NC12CC3CC(C1)CC(C3)C2,C11440472,0,394.4720000000002,1.0334,0
4654,c1ccc(cc1)OCC(=O)NCC(=O)NNC(=S)NCCc2cccs2,C11509589,0,392.5060000000001,0.9810999999999999,0
4655,c1ccc(c(c1)OCC(=O)NC(=S)Nc2ccc(cc2)S(=O)(=O)N)Cl,C12500304,0,399.8810000000001,1.8793999999999997,0
4656,c1ccc(c(c1)C(=O)NNC(=O)CCNS(=O)(=O)c2ccc(cc2)F)O,C12763223,0,381.38500000000005,0.6608999999999994,0
4657,CC(CO)(CO)NC(=O)COc1cc(c2c(=O)cc(oc2c1)c3ccccc3)O,C08991673,0,399.3990000000001,1.4038999999999995,0
4658,c1ccc(c(c1)CN2C(=O)CNC2=O)C(=O)NNC(=S)NC3CCCCC3,C14314345,0,389.4810000000002,1.18,0
4659,CNS(=O)(=O)c1cc(cc(c1)NCc2[nH]ccn2)C(=O)Nc3ccc4c(c3)CCC4,C14743149,0,425.51400000000024,2.6709000000000014,0
4660,CCCNC(=S)NNC(=O)c1ccc(cc1)S(=O)(=O)NCc2ccco2,C15559620,0,396.49400000000014,1.2770000000000001,0
4661,Cc1cccc(c1)NC(=O)CSCC(=O)NNC(=S)NC[C@@H]2CCCO2,C15899100,0,396.5380000000002,1.3410199999999997,0
4662,C[C@@H](C(=O)Nc1cccc(c1)S(=O)(=O)N)Sc2nnc(s2)NC3CC3,C18467188,0,399.5230000000001,1.8790999999999998,0
4663,c1ccnc(c1)NC(=O)CCSc2nc([nH]n2)N/N=C/c3ccc(cc3)O,C21078195,0,383.437,2.4722000000000004,0
4664,C/C(=N\Nc1nnc(n1N)SCC(=O)Nc2nccs2)/c3ccccc3,C21322297,0,388.482,2.0153000000000003,0
4665,CN(C)c1cccc2c1cccc2[S@](=O)ONCCSSCCC(=O)NN,C22055418,0,428.60500000000025,2.211,0
4666,c1cc(sc1)c2nnc(n2CCC(=O)N)SCC(=O)c3ccc(cc3O)O,C23370509,0,404.4730000000001,2.2682,0
4667,c1ccc(cc1)n2c(nnc2SCC(=O)NN)CNc3cccc4c3cccc4,C34925104,0,404.4990000000001,3.1146000000000003,0
4668,c1ccc2c(c1)c(c[nH]2)C[C@@H](C(=O)OCC(=O)N)NC(=O)c3ccc(cc3)F,C03347202,0,383.379,1.676599999999999,0
4669,COc1cc(ccc1O)C[C@@H](CO)[C@@H]([C@@H](c2ccc(c(c2)OC)O)O)C(=O)OC,C35455760,0,406.43100000000015,1.7887999999999995,0
4670,c1ccc(cc1)n2cc(cn2)CCC(=O)NCC(=O)Nc3ccc4c(c3)[nH]c(=O)[nH]4,C39558951,0,404.43000000000006,1.7293999999999992,0
4671,COCCCNC(=S)NNC(=O)CNC(=O)Cc1cccc2c1cccc2,C42236037,0,388.49300000000017,1.0303000000000018,0
4672,CCNC(=O)O[C@@H]1CC[C@]2([C@H]([C@]1(C)CO)CC[C@H]([C@H]2CC(=O)NCc3ccco3)O)C,C43553730,0,436.54900000000015,2.5864000000000003,0
4673,CC(C)[C@@H](CNC(=O)NNC(=O)Cc1c[nH]c2c1cccc2)N3CCOCC3,C45487707,0,387.4840000000002,1.3976000000000004,0
4674,CNC(=O)Nc1ccc(cc1)NC(=O)c2ccc(s2)CCNS(=O)(=O)C,C45800071,0,396.49400000000014,1.8434,0
4675,CSCC[C@@H](C(=O)NCc1ccc(nc1)Oc2ccc(cc2)F)NC(=O)N,C46308623,0,392.4560000000001,2.4192,0
4676,CCOc1cc(ccc1OC(F)F)CNC(=O)[C@H](CCSC)NC(=O)N,C46609512,0,391.4400000000001,2.0928999999999993,0
4677,c1ccc(c(c1)[C@@H](CC(=O)Nc2cccc(c2)OC[C@H]3CCCO3)NC(=O)N)F,C46652577,0,401.43800000000016,3.1217000000000006,0
4678,c1cc(ccc1n2c(c(c(n2)CCCNC(=O)NCc3ccoc3)C#N)N)F,C47088438,0,382.39900000000006,2.4902799999999994,0
4679,Cc1cc(cc(c1)OCC(=O)NNC(=O)NCCNc2c(cccn2)C#N)C,C47115083,0,382.4240000000001,1.3914199999999994,0
4680,C#CCNC(=O)CCNC(=O)Nc1ccc(c(c1)Cl)NC(=O)c2ccco2,C50058490,0,388.81100000000015,2.4463,0
4681,Cc1c([nH]c(n1)SCC(=O)Nc2ccc(cc2)S(=O)(=O)N)CCSC,C04632331,0,400.5510000000002,2.00182,0
4682,CC[C@]1(C(=O)N(C(=O)N1)NC(=O)CNc2ccccc2C(=O)NCC(C)C)C,C53094834,0,389.4560000000002,1.2359999999999998,0
4683,c1cc(cc(c1)S(=O)(=O)NC2CC2)NC(=O)NCCC(=O)NC3CCCC3,C54386855,0,394.4970000000003,1.6977,0
4684,c1ccc(cc1)[C@H](CC(=O)NCc2cccnc2Oc3cccc(c3)F)NC(=O)N,C43050325,0,408.4330000000001,3.4289000000000005,0
4685,c1ccc(c(c1)CNC(=O)Nc2ccccc2SCC(=O)N)Cn3ccnc3,C58156590,0,395.48800000000017,2.8305000000000007,0
4686,c1ccc(cc1)NC(=O)CSCC(=O)N/N=C/c2ccc(cc2)OCC(=O)N,C59165383,0,400.46000000000015,1.3726999999999996,0
4687,C[C@H](c1ccccc1)NC(=O)CSc2nnc(n2N)N/N=C/c3cccnc3,C20292682,0,396.48,1.8023999999999998,0
4688,C[C@@H](C(=O)NNC(=O)C(C)C)Sc1nc([nH]n1)N/N=C/c2ccccc2F,C59879074,0,393.44800000000004,1.6738000000000002,0
4689,C[C@H](C(=O)NNC(=O)C1CCC1)Sc2nc([nH]n2)N/N=C/c3cccs3,C59879400,0,393.498,1.7402999999999993,0
4690,CCN(CCNC(=O)C(=O)Nc1ccc(c(c1)C(=O)N)F)c2cccc(c2)C,C61882065,0,386.42700000000013,1.8142200000000004,0
4691,CCC[C@H](C(=O)Nc1ncn(n1)Cc2ccc(cc2)Br)NC(=O)N,C64534381,0,395.2610000000001,1.8643999999999998,0
4692,Cc1ccc(cc1C(=O)NNC(=O)NCCOC)S(=O)(=O)NC(C)(C)C,C64900030,0,386.4740000000001,0.6622200000000005,0
4693,c1cc(ccc1C(=O)NCC(F)(F)F)S(=O)(=O)NNC(=O)NCC2CC2,C64940311,0,394.3750000000001,0.8812000000000002,0
4694,Cc1c(cco1)C(=O)Nc2nc(cs2)CC(=O)NNC(=O)NCCC(C)C,C65133597,0,393.4690000000001,2.21582,0
4695,Cc1ccc(cc1)[C@@]2(C(=O)N(C(=O)N2)CC(=O)NNC(=O)NCCC(C)C)C,C65135836,0,389.4560000000002,1.13852,0
4696,CNC(=O)c1cccc(c1)NC(=O)CNc2ccc(cc2)C(=O)NC[C@H]3CCCO3,C66089971,0,410.4740000000003,2.0056000000000003,0
4697,CCNC(=O)NC1(CCCC1)C(=O)N[C@@H](C)c2ccc(cc2)S(=O)(=O)NC,C66673883,0,396.5130000000001,1.4038000000000002,0
4698,CCCCNC(=O)NC1(CCCCC1)C(=O)NCc2n[nH]c(=S)n2C3CC3,C67070342,0,394.545,2.6939900000000003,0
4699,CCNC(=O)c1cccc(c1)NC(=O)CCCC[C@@H]2[C@H]3[C@@H](CS2)NC(=O)N3,C67139503,0,390.509,2.1006,0
4700,c1ccc(cc1)c2cc([nH]n2)C(=O)NNC(=O)CCNC(=O)c3ccccc3,C06510284,0,377.40400000000005,1.6577999999999993,0
4701,CC(C)[C@@H](C(=O)Nc1nc(cs1)CC(=O)N)NC(=O)c2ccccc2F,C14331176,0,378.4290000000001,1.7030999999999992,0
4702,CCc1c(sc(c1C(=O)N)NC(=S)NC(=O)/C=C/C(=O)OCC)C,C10149885,0,369.46800000000013,1.6501199999999998,0
4703,c1cc(ccc1CCNC(=O)N[C@H](CO)[C@H](c2ccc(cc2)[N+](=O)[O-])O)F,C24841197,0,377.37200000000007,1.6701,0
4704,c1cc(ccc1CCNC(=O)N[C@H](CO)[C@@H](c2ccc(cc2)[N+](=O)[O-])O)F,C24841207,0,377.37200000000007,1.6701,0
4705,C=CCNC(=O)NC(=O)CSc1nnc(n1N)SCc2ccccc2,C24981957,0,378.48300000000006,1.3880999999999997,0
4706,NC(=O)CN1CCC(NC(=O)c2ccc(NS(=O)(=O)c3cccs3)cc2)CC1,C25148557,0,422.5320000000002,1.2284,0
4707,COc1ccc(cn1)CNC(=O)C[C@@H](c2cccc(c2)Br)NC(=O)N,C25442203,0,407.26800000000003,2.2685999999999997,0
4708,Cc1cccc(c1)NC(=O)CSCC(=O)NNC(=O)c2cc(c[nH]2)Br,C28717595,0,425.30800000000005,2.21852,0
4709,COc1ccc2c(c1)[nH]cc2CCNC(=O)CCCN3[C@H](Nc4ccccc4C3=O)O,C39041124,0,422.48500000000007,2.4592000000000005,0
4710,Cc1cc(c(s1)C)C(=O)CCC(=O)NCC(=O)Nc2ccc3c(c2)[nH]c(=O)[nH]3,C39558972,0,400.46000000000004,2.2523399999999993,0
4711,Cc1ccc(c(c1)OC)OCC(=O)Nc2nc(cs2)c3cc([nH]c3)C(=O)N,C40051075,0,386.4330000000001,2.5716199999999994,0
4712,c1cc(ccc1CNc2c(c(ncn2)NCCCN3CCOCC3)N)Cl,C40756645,0,376.89200000000017,2.4584999999999995,0
4713,CCC(=O)Nc1ccc(cc1)[C@H](C)NC(=O)C(=O)Nc2cccc(c2)C(=O)NC,C41773548,0,396.44700000000006,2.2106000000000003,0
4714,CC(C)NS(=O)(=O)c1ccc(c(c1)C(=O)Nc2ccccc2CC(=O)N)F,C41832863,0,393.4400000000001,1.7925,0
4715,Cc1ccc(cc1C)S(=O)(=O)NCCC(=O)NNC(=S)NCC=C,C41962118,0,370.50000000000006,0.6531400000000009,0
4716,C1CCC(C1)NC(=S)NNC(=O)NC[C@H]([C@H]2CCOC2)N3CCOCC3,C45536876,0,385.53400000000033,0.3446000000000011,0
4717,c1ccc2c(c1)nc(s2)COCC(=O)NCc3ccc(cc3)NC(=O)N,C45776868,0,370.434,2.6198999999999995,0
4718,Cc1ccc(cc1)CNC(=O)c2cccc(c2)CNC(=O)NNc3ncccn3,C46805455,0,390.44700000000006,2.5413200000000007,0
4719,c1cc(ccc1CNC(=O)COc2ccc(cc2)Cl)C(=O)NCC(=O)N,C46920690,0,375.8120000000001,1.2503,0
4720,Cc1c(cccc1NC(=O)NCc2ccc(c(c2)OC)OCCO)C(=O)NC,C47499074,0,387.43600000000015,2.0560199999999997,0
4721,COc1ccc(cc1OCC(=O)N)NC(=O)C(=O)NCCC2=CCCCC2,C48661177,0,375.42500000000024,1.5044999999999993,0
4722,C#CCNC(=O)CCNC(=O)Nc1ccc(cc1)C(=O)NCc2ccccc2,C50059251,0,378.43200000000013,1.8775999999999993,0
4723,c1cc(ccc1CNc2cc(nc(n2)N)Cl)S(=O)(=O)NC[C@@H]3CCCO3,C52386958,0,397.8880000000002,1.7815999999999999,0
4724,c1cc(cc(c1)NC(=O)C2CC2)/C(=N/OCC(=O)NCc3cccs3)/N,C54288246,0,372.45000000000005,2.0499,0
4725,Cc1nc2ccccc2n1CCNC(=O)Nc3ccccc3SCC(=O)N,C58156291,0,383.4770000000001,2.7438200000000004,0
4726,Cc1nc(no1)CSc2ccccc2C(=O)NCc3cccc(c3)NC(=O)N,C58570285,0,397.46000000000015,3.0909200000000006,0
4727,c1ccc2cc(ccc2c1)CC(=O)NNC(=O)CNC(=O)NCc3ccco3,C58927359,0,380.4040000000001,1.6220999999999994,0
4728,c1cc(c(nc1)NCCNC(=O)NCC(=O)NCC(F)(F)F)C(F)(F)F,C50153030,0,387.28399999999993,1.4899999999999998,0
4729,c1ccc(cc1)[C@H](C(=O)NC(=O)N)Sc2nnc(s2)NCc3ccco3,C17983729,0,389.4620000000001,2.7715000000000005,0
4730,c1ccc2c(c1)c(c[nH]2)C(=O)NCCC(=O)NNC(=O)COc3ccccc3F,C47913899,0,398.3940000000001,1.6532999999999993,0
4731,CSCC(=O)Nc1ccc(cc1)OC(=O)C[C@H](c2cccs2)NC(=O)N,C62306668,0,393.49000000000007,2.7547,0
4732,C[C@@H](C(=O)NCc1ccco1)NC(=O)Nc2ccc(cc2)NC(=O)C(C)C,C62378509,0,372.4250000000001,2.700500000000001,0
4733,c1cc(cc(c1)S(=O)(=O)NC2CC2)C(=O)NNC(=S)NCC(F)(F)F,C64081260,0,396.41600000000005,0.7984999999999998,0
4734,COc1cc(ccc1OCCO)CNC(=O)NCC(=O)Nc2cccc(c2)F,C51718157,0,391.39900000000006,1.6432999999999993,0
4735,Cc1ccc(c(c1)C)S(=O)(=O)NCCC(=O)NNC(=O)NCC(C)C,C65623114,0,370.4750000000001,0.9582400000000005,0
4736,CC(C)CCNC(=O)NNC(=O)CCNS(=O)(=O)c1ccccc1F,C65623562,0,374.4380000000001,0.8706000000000004,0
4737,CNC(=O)c1cccc(c1)NCC(=O)Nc2cccc(c2)C(=O)NC[C@@H]3CCCO3,C66093522,0,410.4740000000003,2.0056000000000003,0
4738,c1cc(ccc1N2CCC(CC2)NC(=O)NCCC(=O)N)OC(F)(F)F,C66361750,0,374.36300000000006,1.7285999999999995,0
4739,c1cc(c(nc1)NCCNC(=O)CNC(=O)NCc2ccc(cc2)Cl)C#N,C66631401,0,386.8430000000001,1.6341799999999997,0
4740,c1ccc(c(c1)C(=O)N)OCc2cccc(c2)C(=O)Nc3cnn(c3)CCO,C66672137,0,380.4040000000001,1.8055999999999996,0
4741,Cc1cc(ccc1C(=O)NC(C)C)NC(=O)N[C@H](C)C(=O)NCc2ccco2,C66683012,0,386.45200000000017,2.55262,0
4742,CCOCC(=O)NNC(=O)NCCC(=O)Nc1ccc(cc1)Br,C66700956,0,387.23400000000004,1.1446000000000005,0
4743,Cc1ccc(cc1)CNC(=O)NCC(=O)NNC(=O)Cc2ccccc2F,C66840063,0,372.40000000000015,1.323420000000001,0
4744,Cc1cccc(c1)C(=O)NNC(=O)NCc2ccc(cc2)CS(=O)(=O)NC,C67036290,0,390.46500000000015,1.1884199999999998,0
4745,Cc1ccsc1C(=O)NNC(=O)NCCNC(=O)Cc2cccc(c2)F,C67102108,0,378.42900000000014,1.4985199999999996,0
4746,CCNC(=O)c1ccccc1NC(=O)CCCC[C@@H]2[C@@H]3[C@@H](CS2)NC(=O)N3,C67163299,0,390.509,2.1006,0
4747,Cc1cccc(c1)C(=O)NCC(=O)NNC(=S)Nc2ccc(c(c2)F)OC,C67195783,0,390.4400000000001,1.8903199999999998,0
4748,C[C@@H](c1cccc(c1)S(=O)(=O)NC)NC(=O)NNC(=O)CCC(C)C,C67469801,0,370.47500000000014,1.422299999999999,0
4749,Cc1ccc(cc1C(=O)N)NC(=O)C(=O)NCCCN2C[C@@H](O[C@H](C2)C)C,C67495083,0,376.45700000000016,0.6479200000000005,0
4750,C[C@H]1C[C@H]2[C@H]([C@@H](O)C[C@@]3(C)[C@@H]2CC[C@]3(O)C(=O)COC(=O)CCC(=O)O)[C@@]2(C)C=CC(=O)C=C12,C03977782,0,474.5500000000003,2.2193000000000005,0
4751,NC(=O)C1CCN(C(=O)c2ccc3c(=O)n(-c4ccccc4)c(SCCC(=O)O)nc3c2)CC1,C02479405,0,480.54600000000033,2.29,0
4752,CC(C)[C@H](NC(=O)[C@@H](NC(=O)COc1ccc2c3c(c(=O)oc2c1)CCCC3)C(C)C)C(=O)O,C02107435,0,472.53800000000035,2.4167999999999994,0
4753,C[C@]12CCC(=O)C=C1CC[C@@H]1[C@H]2CC[C@@]2(C)[C@@H]1CC[C@]2(O)C(=O)CSC(=S)NCC(=O)O,C09033228,0,479.6640000000002,3.5108000000000015,0
4754,C[C@@H]1C[C@H]2[C@H]([C@H](O)C[C@@]3(C)[C@H]2CC[C@@]3(O)C(=O)COC(=O)CCC(=O)O)[C@@]2(C)C=CC(=O)C=C12,C11592778,0,474.5500000000003,2.2193000000000005,0
4755,CC(C)c1nc(N(C)S(C)(=O)=O)nc(-c2ccc(F)cc2)c1/C=C\[C@@H](O)C[C@@H](O)CC(=O)O,C11616637,0,481.5460000000002,2.4017,0
4756,C[C@@H](Sc1nnc(-c2ccc(Cl)cc2)n1CC(=O)O)C(=O)NC(=O)NCc1ccco1,C13019670,0,463.90300000000025,2.7827,0
4757,Cc1cccc(-c2nnc(S[C@@H](C)C(=O)NC(=O)NCc3ccco3)n2CC(=O)O)c1,C13020147,0,443.48500000000024,2.4377199999999997,0
4758,O=C(O)c1ccccc1-n1ncc(NC[C@H](O)c2ccc([N+](=O)[O-])cc2)c(Cl)c1=O,C13036308,0,430.80400000000014,2.6378000000000004,0
4759,O=C(CCCCCn1c(=O)[nH]c2ccccc2c1=O)NCC1CCC(C(=O)O)CC1,C02433397,0,415.4900000000003,2.2573999999999996,0
4760,O=C(O)c1cc(S(=O)(=O)N(Cc2nc3ccccc3c(=O)[nH]2)C[C@H]2CCCO2)ccc1O,C13198375,0,459.4800000000003,1.6967999999999996,0
4761,CC(C)CNC(=O)NC(=O)CSc1nnc(-c2ccc(F)cc2)n1CCC(=O)O,C13206589,0,423.47000000000014,2.1328,0
4762,NC(=O)CCN(C(=O)CSc1nc2ccccc2c(=O)n1CCC(=O)O)c1ccc(F)cc1,C13245209,0,472.4980000000003,2.011,0
4763,NC(=O)c1ccc(CSc2nc3ccccc3c(=O)n2CCC(=O)O)c([N+](=O)[O-])c1,C13245211,0,428.4260000000002,2.1705999999999994,0
4764,NC(=O)CCN(C(=O)CSc1nnc(-c2cccs2)n1CCC(=O)O)c1ccc(F)cc1,C13246023,0,477.54300000000023,2.621100000000001,0
4765,O=C(CC1(C(=O)O)CCCCC1)Nc1cccc(S(=O)(=O)NCc2ccco2)c1,C13250398,0,420.48700000000014,3.1218000000000012,0
4766,Cc1cc(C)c(NC(=O)CNC(=O)CSc2nc3ccccc3c(=O)n2[C@H](C)C(=O)O)c(C)c1,C13335403,0,482.56200000000024,2.8143600000000006,0
4767,Cc1ccc(S(=O)(=O)N(C)C)cc1NC(=S)N/N=C/c1ccccc1OCC(=O)O,C13338052,0,450.5420000000002,2.0292199999999996,0
4768,Cc1nn(-c2ccccc2)c2sc(C(=O)Nc3ccc(S(=O)(=O)NCC(=O)O)cc3)cc12,C13394297,0,470.53200000000015,3.010620000000001,0
4769,CSc1nccc(N[C@@H](Cc2ccc(NC(=O)c3c(Cl)cncc3Cl)cc2)C(=O)O)n1,C13442601,0,478.36100000000016,4.260400000000002,0
4770,O=C(O)Cn1c(SCC(=O)Nc2cccc(C(=O)NC3CC3)c2)nnc1-c1cccs1,C13443436,0,457.53700000000015,2.714200000000001,0
4771,Cc1nc(S[C@@H](C)C(=O)Nc2ccc3c(c2)OCO3)[nH]c(=O)c1CCC(=O)O,C13448472,0,405.43200000000024,1.9435199999999997,0
4772,O=C(CC1(C(=O)O)CCCCCC1)Nc1ccc(S(=O)(=O)N[C@@H]2CCS(=O)(=O)C2)cc1,C13468369,0,472.5850000000002,1.9057999999999997,0
4773,CC(C)[C@H](NC(=O)COc1ccc2c3c(c(=O)oc2c1)CCCC3)C(=O)N[C@@H](C(=O)O)C(C)C,C15953743,0,472.5380000000003,2.4168000000000003,0
4774,CC[C@H](C)[C@H](NC(=O)CNC(=O)Cc1c(C)c2cc3c(C)coc3c(C)c2oc1=O)C(=O)O,C15956023,0,456.4950000000003,2.7386600000000003,0
4775,C[C@H](CCC(=O)NCCS(=O)(=O)O)[C@@H]1CC[C@H]2[C@@H]3CC[C@@H]4C[C@H](O)CC[C@]4(C)[C@H]3CC[C@@]21C,C22066668,0,483.7150000000004,4.426500000000003,0
4776,O=C(NNC(=O)c1cccc(S(=O)(=O)Nc2cccc(C(F)(F)F)c2)c1)C1=COCCO1,C24584566,0,471.4130000000002,2.1553999999999993,0
4777,C=CCn1c(S)nnc1-c1sc(NC(=O)CCNC(=O)OCC)nc1C,C31275724,0,396.49800000000016,2.2594200000000004,0
4778,CC(=O)[C@@H](CC(=O)c1c(O)n(-c2ccccc2)c2ccccc2c1=O)Sc1nnc(N)s1,C08925895,0,466.5440000000002,3.452700000000001,0
4779,Cc1nc(C)c(C(=O)C2=C(O)C(=O)N(Cc3cccnc3)[C@@H]2c2ccc(OCC(N)=O)cc2)s1,C35567591,0,478.5300000000002,2.7975400000000006,0
4780,Cc1nc(C)c(C(=O)C2=C(O)C(=O)N(Cc3cccnc3)[C@H]2c2ccc(OCC(N)=O)cc2)s1,C35567592,0,478.5300000000002,2.7975400000000006,0
4781,CCc1c(C(=O)NNC(=O)[C@@H](C)Oc2ccc(F)cc2)cnn1-c1ccc(O)nn1,C12985613,0,414.39700000000005,1.2978999999999994,0
4782,CCOC(=O)C1=C(c2ccccc2)NC(=O)N[C@@H]1c1ccc(OCC(=O)O)c(OC)c1,C36612828,0,426.4250000000003,2.4869000000000003,0
4783,CC[C@@H](C)[C@H](NC(=O)CNC(=O)Cc1c(C)c2c(cc(C)c3c(C)coc32)oc1=O)C(=O)O,C08877257,0,456.49500000000023,2.7386600000000003,0
4784,O=C(Nc1cccc(NS(=O)(=O)c2ccc(S(=O)(=O)NC3CC3)cc2)c1)c1ccccn1,C04399987,0,472.5480000000002,2.5754,0
4785,O=C(O)C1CCC(CNC(=O)[C@@H](Cc2c[nH]c3ccccc23)N2C(=O)N=C3C=CC=C[C@@H]3C2=O)CC1,C38759730,0,488.54400000000027,3.231600000000002,0
4786,CCC1=C[C@@H]2C(=O)N(CC)C(SCC(=O)N[C@@H](Cc3c[nH]c4ccccc34)C(=O)O)=N[C@H]2S1,C39680497,0,486.6190000000002,3.2141,0
4787,C[C@@H](O)CNc1nc2ccccn2c(=O)c1/C=C1\SC(=S)N(CCCCCC(=O)O)C1=O,C40007679,0,476.5800000000003,2.3334,0
4788,CCOc1cc([C@H]2C(C(=O)c3ccc(OC)cc3C)=C(O)C(=O)N2CCOCCO)ccc1O,C40079624,0,471.50600000000026,2.6951200000000015,0
4789,COc1cc([C@H]2C(C(=O)c3ccc(OC(C)C)cc3C)=C(O)C(=O)N2CCOCCO)ccc1O,C40084220,0,485.5330000000003,3.083620000000002,0
4790,CCc1cccc(CC)c1N1C(=O)[C@@H]2[C@@H](C1=O)[C@@](CC(=O)O)(C(=O)O)N[C@H]2c1cc(C)ccc1C,C33925296,0,478.5450000000002,3.1764400000000013,0
4791,C[C@H](O)[C@@H](NC(=O)CCC(=O)O[C@@H]1CC[C@@H]2[C@H]3CCC4=CC(=O)CC[C@@]4(C)[C@@H]3CC[C@]21C)C(=O)O,C43743552,0,489.6090000000004,3.1605000000000008,0
4792,CC(=O)[C@@H]1CC[C@@H]2[C@H]3CCC4=C/C(=N/OCC(=O)N[C@H](CO)C(=O)O)CC[C@@]4(C)[C@@H]3CC[C@]21C,C43743773,0,474.5980000000003,3.088700000000001,0
4793,O=C(COc1ccc2oc3c(c2c1)CCCC3)N[C@@H](Cc1c[nH]c2ccccc12)C(=O)O,C13260035,0,432.4760000000001,3.9838000000000022,0
4794,CC(C)Cn1c(SCC(=O)N[C@@H](Cc2c[nH]c3ccccc23)C(=O)O)nnc1-c1ccco1,C13403041,0,467.55100000000016,3.579600000000001,0
4795,CCOC(=O)c1[nH]c(C)c(C(=O)CSc2nc(C)c(CCC(=O)O)c(=O)[nH]2)c1C,C13407912,0,421.47500000000025,2.1921600000000003,0
4796,COCCCn1c(S)nc2cc(C(=O)NCCC(=O)Nc3ccc(C)cn3)ccc2c1=O,C60331952,0,455.5400000000002,2.18372,0
4797,COc1ccc(N2C(=O)c3ccccc3N[C@H]2SC/C(O)=N/c2ncn[nH]2)c(OC)c1,C63763427,0,440.4850000000002,3.199200000000001,0
4798,CC(=O)NCc1ccc(-c2csc(NC(=O)CCc3c(C)nc4nc(C)nn4c3O)n2)s1,C65576252,0,471.5680000000002,2.8391400000000018,0
4799,CCS(=O)(=O)Nc1ccc(NC(=O)Nc2ccc(OCCOC)nc2)cc1,C67475404,0,394.4530000000002,2.5124000000000004,0
4800,CC(C)[C@@H](C(=O)OCC(=O)Nc1c(ccs1)C(=O)N)NC(=O)c2ccco2,C03378387,0,393.42100000000016,1.3762999999999996,0
4801,Cc1ccc(cc1)S(=O)(=O)O[C@@H]2CS(=O)(=O)C[C@H]2C(C(=O)N)C(=O)N,C03107199,0,390.4390000000002,-1.2996799999999968,0
4802,COc1cc(cc(c1OC)OC)CNC(=O)[C@@H](CCSC)NC(=O)N,C08361556,0,371.45900000000006,1.1186,0
4803,c1ccc2c(c1)c(cn2CC(=O)N)/C=C\3/C(=O)N(C(=O)N3)CC(=O)Nc4ccc(cc4)F,C13564630,0,435.4150000000001,1.7970999999999993,0
4804,COc1ccc(cc1OC)c2csc(n2)C3=C(N(CC3=O)c4ccccc4C(=O)N)N,C13691005,0,436.4930000000002,2.6427999999999994,0
4805,C[C@H]1CCCC[C@@]12C(=O)N(C(=O)N2)CC(=O)NNC(=S)NCCCOC,C15909727,0,385.4900000000002,0.01890000000000236,0
4806,COCCNC(=O)CSc1ccccc1C(=O)OCC(=O)NC(=O)N,C20834240,0,369.39900000000017,-0.10699999999999854,0
4807,c1cc(cc(c1)S(=O)(=O)NC[C@H]2CCCO2)C(=O)Nc3nc(cs3)CC(=O)N,C25407204,0,424.50400000000013,0.8804999999999998,0
4808,C[C@]12C[C@@H]([C@H]([C@H]([C@@H]1[C@H](CC[C@H]2O)C=O)O)C(=C)C(=O)OC)OC(=O)C(=C)[C@H](CO)O,C31170366,0,426.4620000000002,-0.4900999999999992,0
4809,Cc1cc(c(c(c1)C)NC(=O)Cn2c(c(nn2)C(=O)NCc3ccco3)N)C,C04878092,0,382.4240000000001,1.9472599999999995,0
4810,c1ccc2c(c1)C(=O)N([C@@H](N2)O)CCCC(=O)NCCc3c[nH]c4c3cc(cc4)F,C39277144,0,410.4490000000001,2.5896999999999997,0
4811,CC(C)N(CCCO)S(=O)(=O)c1cc(cnc1NN)Br,C42526585,0,367.269,0.9112,0
4812,C1CCc2c(c3c(=O)[nH]c(nc3s2)CSCC(=O)NCCCC(=O)N)C1,C42927614,0,394.5220000000002,1.4782999999999995,0
4813,C[C@@H](c1ccc(c(c1)OC)OC(C)C)NC(=O)NNC(=O)C(=O)NC2CC2,C46670303,0,378.42900000000014,1.1524000000000005,0
4814,Cc1cc(c2c(n1)n3c(n2)CCCCC3)C(=O)NCc4ccc(cc4)C(=O)NCC(=O)N,C46920375,0,434.50000000000017,1.6112199999999999,0
4815,COc1ccc(cc1OC(F)F)CNC(=O)[C@H](CCSC)NC(=O)N,C48204450,0,377.4130000000001,1.7027999999999999,0
4816,Cc1cccc(n1)NC(=O)CCNC(=O)C2=NN([C@H](C2)C(=O)N)c3ccccc3,C48302470,0,394.4350000000002,0.9550200000000009,0
4817,c1cc(cc(c1)F)NC(=O)C(=O)N[C@@H](CO)[C@@H](c2ccc(cc2)[N+](=O)[O-])O,C48591526,0,377.3280000000001,0.8831,0
4818,c1ccc2c(c1)/C(=N/NC(=O)CNC(=O)c3ccccc3Cl)/C(=O)N2CC(=O)N,C05650259,0,413.8210000000002,0.42220000000000024,0
4819,C#CCNC(=O)CNC(=O)C(=O)Nc1ccc(cc1)C(=O)NC2CCCC2,C51808854,0,370.4090000000002,0.1631000000000007,0
4820,C[C@@H](C(=O)NNC(=O)NCCC(=O)NCCOC)Oc1ccccc1F,C54739264,0,370.38100000000003,0.07610000000000139,0
4821,c1cc(cc(c1)n2cnnn2)NC(=O)C[C@@H](c3cccs3)NC(=O)N,C09734623,0,357.39900000000006,1.4619999999999995,0
4822,C[C@@H](O)[C@@H]1C(=O)N2C(C(=O)O)=C(SCCN)[C@@H](Cc3ccc([N+](=O)[O-])cc3)[C@@H]12,C55161945,0,407.44800000000015,0.9629999999999997,0
4823,c1cc(cc(c1)N2CCNC2=O)C(=O)NCCc3ccc(cc3)S(=O)(=O)N,C45859804,0,388.44900000000007,0.8361000000000001,0
4824,c1cnc(nc1)NCCCC(=O)NCCc2ccc(cc2)S(=O)(=O)N,C45859806,0,363.4430000000001,0.6750000000000002,0
4825,c1ccc(c(c1)C(=O)NCCNC(=O)c2ccc(cc2)S(=O)(=O)N)F,C60417305,0,365.386,0.6329,0
4826,CC(C)NC(=O)C(=O)NNC(=O)CCNS(=O)(=O)c1ccccc1Cl,C61544743,0,390.84900000000005,-0.31959999999999766,0
4827,c1ccc2c(c1)c(c(s2)C(=O)NCC(=O)NNC(=O)C(=O)NC3CC3)Cl,C08392488,0,394.84000000000015,0.7104999999999995,0
4828,C[C@H]([C@H](C(=O)OCC(=O)/C(=C(\C)/N)/C#N)NS(=O)(=O)c1ccc(cc1)Cl)O,C13763431,0,415.8550000000001,0.2362800000000001,0
4829,C[C@@H]1C2=C([C@H](O[C@@H]2C)NC(=O)CS[C@@H]3NN=C(N3C4CC4)c5cccs5)C(=O)NN1,C39940128,0,448.5740000000001,0.6746000000000002,0
4830,c1ccnc(c1)CNC(=O)[C@@H]2N[C@H](NO2)CC(=O)NC3=C[C@@H]4C(=CC=N4)C=C3,C63796081,0,380.4080000000001,-0.18619999999999903,0
4831,c1c(nc(s1)N2CCNC2=O)CC(=O)NNC(=S)NCC(F)(F)F,C64082517,0,382.39300000000003,0.27279999999999965,0
4832,CCCCNC(=O)NNC(=O)CCCNC1=NS(=O)(=O)c2c1cccc2,C64885041,0,381.4580000000001,0.6358000000000008,0
4833,Cc1c(c(=O)[nH]c(=O)[nH]1)CCC(=O)Nc2cccc(c2)NC(=O)[C@@H](C)OC,C65076385,0,374.3970000000001,0.9163199999999996,0
4834,Cc1ccc(cc1C(=O)NNC(=O)NCC2CC2)S(=O)(=O)NCCOC,C65193435,0,384.45800000000014,0.2737200000000004,0
4835,Cc1c(c(=O)[nH]c(n1)C)CCC(=O)NNC(=O)NCCc2cccs2,C65201736,0,363.4430000000001,0.9539400000000002,0
4836,Cc1ccc(cc1C(=O)NNC(=O)NCCCOC)S(=O)(=O)NC2CC2,C65206482,0,384.45800000000014,0.41622000000000053,0
4837,CC(C)NC(=O)C(=O)NNC(=O)CCNc1cc(ccc1OC)Cl,C65858233,0,356.81000000000006,0.8225999999999996,0
4838,CNC(=O)Cn1cc(cn1)NC(=O)CNC(=O)NCc2ccc(cc2)Cl,C66626476,0,378.82000000000005,0.7203999999999998,0
4839,c1cc(c(nc1)NCCNC(=O)NCc2[nH]nc(n2)c3cccs3)C#N,C66701469,0,368.42600000000004,1.7111799999999995,0
4840,CC(C)n1c(n[nH]c1=S)CNC(=O)CCNC(=O)Nc2ccccc2,C67071804,0,362.459,2.349589999999999,0
4841,CCn1c(=O)c2ccccc2n(c1=O)CC(=O)Nc3ccc(cc3)CNC(=O)N,C67241320,0,395.4190000000001,0.9901000000000002,0
4842,c1ccc(c(c1)C(=O)NCCCNC(=O)C2CCC3(CC2)C(=O)NC(=O)N3)F,C67270034,0,390.4150000000001,0.8301999999999994,0
4843,CCOCCCNC(=O)NNC(=O)CNS(=O)(=O)c1cccs1,C67310996,0,364.4490000000001,-0.2165999999999979,0
4844,CCNS(=O)(=O)c1ccc(cc1)C(=O)NNC(=O)NCCCOCC,C67313727,0,372.44700000000023,0.35539999999999994,0
4845,CCOCCCNC(=O)NNC(=O)C[C@@H]1C(=O)Nc2ccccc2S1,C67314365,0,366.44300000000004,1.2465000000000004,0
4846,C[C@@H](c1cccc(c1)S(=O)(=O)NC)NC(=O)NCCC(=O)NC(C)C,C67388580,0,370.47500000000014,0.8696000000000008,0
4847,C[C@H](c1cccc(c1)S(=O)(=O)NC)NC(=O)NCCCNS(=O)(=O)C,C67390582,0,392.50300000000016,-0.10579999999999828,0
4848,Cc1cc(c(o1)C)C(=O)NNC(=O)N[C@H](C)c2cccc(c2)S(=O)(=O)NC,C67469273,0,394.4530000000001,1.50974,0
4849,c1cc(ccc1C(=O)NCCNC(=O)Nc2nnc(s2)C(F)F)O,C67587274,0,357.342,1.7327999999999997,0
4850,c1ccc(c(c1)C(=O)OCC(=O)NC(=O)N)NS(=O)(=O)c2ccc(cc2)F,C03444576,0,395.36800000000005,0.9782,0
4851,c1cc(ccc1NC(=O)CSc2nnc(s2)N)S(=O)(=O)Nc3nccs3,C02999156,0,428.5460000000001,2.1083999999999996,0
4852,Cc1cc(no1)NC(=O)COC(=O)C[C@@H](c2ccc(cc2)Cl)NC(=O)N,C07813474,0,380.78800000000007,1.9178199999999996,0
4853,COc1ccc(cc1OC)C(=O)NCC(=O)N/N=C/c2ccc(cc2O)O,C02276842,0,373.36500000000007,0.9950999999999997,0
4854,c1cc(sc1)C(=O)NNC(=O)CCCC[C@H]2[C@@H]3[C@@H](CS2)NC(=O)N3,C09500521,0,368.484,1.2348999999999997,0
4855,c1cc(c(cc1C(F)(F)F)[N+](=O)[O-])NCCNC(=O)c2c(nccn2)N,C10077464,0,370.2910000000001,1.8276999999999997,0
4856,c1cc(sc1)C(=O)NNC(=O)CCCC[C@@H]2[C@@H]3[C@H](CS2)NC(=O)N3,C12613557,0,368.484,1.2348999999999997,0
4857,CCOC(=O)/C=C/C(=O)NC(=S)Nc1ccccc1C(=O)NCCCO,C08905161,0,379.4380000000002,0.7311000000000001,0
4858,C/C(=N\NC(=O)C(=O)NCCO)/CC(=O)Nc1ccc(cc1)Br,C14922683,0,385.21799999999996,0.37830000000000014,0
4859,Cc1nc(cs1)COc2cccc(c2)C(=O)OCc3nc(nc(n3)N)N,C17737471,0,372.41000000000014,1.7369199999999991,0
4860,[H]/N=C(\C(=O)NNc1ccc(cc1)OC)/Nc2c(n(n(c2=O)c3ccccc3)C)C,C06167097,0,394.4350000000001,2.0254899999999996,0
4861,CC(C)Cn1c(c(c(=O)[nH]c1=O)C(=O)CSc2[nH]nc(n2)C(C)(C)C)N,C12260358,0,380.4740000000001,1.1654000000000002,0
4862,Cc1ccc(cc1)c2nnc(n2N)S[C@H](C)C(=O)NC(=O)NCCOC,C23357145,0,378.45800000000014,0.9201199999999997,0
4863,Cn1ccnc1[C@H](c2cccc(c2)F)NC(=O)C[C@@H](c3ccccc3)NC(=O)N,C24016765,0,395.4380000000001,2.5645000000000002,0
4864,c1ccc(c(c1)CNC(=O)C[C@@H](c2ccccc2Cl)NC(=O)N)Cn3ccnc3,C24437520,0,411.8930000000001,3.000700000000001,0
4865,c1ccc(cc1)[C@H](C(=O)N)Sc2nnc(n2CC(=O)N)c3cccs3,C25456073,0,373.4630000000001,1.8105999999999998,0
4866,c1ccc(cc1)[C@@H](C(=O)N)Sc2nnc(n2CC(=O)N)c3cccs3,C25456079,0,373.4630000000001,1.8105999999999998,0
4867,c1ccc(cc1)NC(=S)NNC(=O)c2cccc(c2)S(=O)(=O)NC3CC3,C28618084,0,390.4900000000002,1.7586999999999997,0
4868,c1cc(cc(c1)NC(=O)C[C@@H](c2cccs2)NC(=O)N)CN3CCCC3=O,C29288265,0,386.4770000000003,2.6087000000000007,0
4869,Cc1ccc(cc1)[C@@H](CC(=O)OC(C)C)NC(=O)C[C@@H](c2cccc(c2)C)NC(=O)N,C32456716,0,425.52900000000017,3.6021400000000012,0
4870,Cc1c(sc(n1)SC)CC(=O)NCc2cccc(c2)NS(=O)(=O)N,C32754066,0,386.52400000000006,1.6477199999999996,0
4871,COc1ccc(cc1OC)CCNc2c(c(ncn2)NC[C@@H]3CCCO3)N,C40683528,0,373.45700000000016,2.3215,0
4872,c1cc(ccc1CC(=O)N)NC(=O)C(=O)NCCCCOc2ccc(cc2)F,C41186013,0,387.4110000000001,1.7673999999999996,0
4873,C[C@@H]1CN(C[C@H](O1)C)CCCNC(=O)C(=O)Nc2ccc(c(c2)C(=O)N)F,C41275824,0,380.4200000000001,0.47860000000000075,0
4874,CC(C)NS(=O)(=O)c1cc(ccc1OC)C(=O)NNC(=S)NCC=C,C41961300,0,386.4990000000001,0.6768000000000005,0
4875,CC[C@@]1(C(=O)N(C(=O)N1)NC(=O)CNc2ccc(cc2)C(=O)NC(C)(C)C)C,C43564055,0,389.45600000000013,1.3784999999999996,0
4876,C[C@@H](C(=O)NC(=O)NC[C@H]1CCCO1)Nc2ccc(cc2)NC(=O)COC,C44805442,0,378.4290000000001,1.0766999999999993,0
4877,CC[C@H](C)[C@@H](C(=O)NCc1ccc(c(c1)OC)OC[C@@H]2CCCO2)NC(=O)N,C46630846,0,393.4840000000002,1.9522,0
4878,Cc1c(c(=O)[nH]c(=O)[nH]1)CCC(=O)NCCNc2c(cc(cn2)Cl)Cl,C47162663,0,386.23900000000003,1.2343200000000003,0
4879,Cc1cc(no1)NC(=O)CSCC(=O)NNC(=S)NCCC(C)C,C15532964,0,373.50400000000013,1.1961199999999994,0
4880,Cc1cccc(c1)NC(=O)C(=O)N[C@H](CO)[C@H](c2ccc(cc2)[N+](=O)[O-])O,C48591461,0,373.36500000000007,1.0524199999999995,0
4881,CNC(=O)Cc1ccccc1NC(=O)C(=O)NCCc2c[nH]c3c2cccc3,C48647402,0,378.4320000000001,1.7537999999999991,0
4882,c1ccc2c(c1)ccn2CCCNC(=O)C(=O)Nc3ccc(cc3)CC(=O)N,C48885436,0,378.43200000000013,1.8140999999999992,0
4883,c1cc(ncc1Cl)NC(=O)[C@@H]2CCCN(C2)C(=O)CCCCNC(=O)N,C57260788,0,381.8640000000002,1.7507,0
4884,c1ccc(cc1)C(=O)NCCCC(=O)NNC(=O)c2cc(c[nH]2)Br,C24123471,0,393.241,1.7483999999999995,0
4885,C[C@H](C(=O)NC1CC1)Sc2nc([nH]n2)N/N=C/c3cccc(c3O)OC,C59815854,0,376.4420000000002,1.7240999999999995,0
4886,COc1ccc(cc1)NCC(=O)NNC(=O)CCCNC(=O)c2ccccc2,C60526443,0,384.4360000000001,1.4646999999999997,0
4887,c1ccc(cc1)NC(=S)NNC(=O)CCCN2C(=O)C3(CCCC3)NC2=O,C60880388,0,389.4810000000002,1.6489999999999987,0
4888,Cc1cc(n(n1)CCC#N)NC(=O)N[C@H](C)c2ccc(cc2)NC(=O)NC3CC3,C47795541,0,395.46700000000016,3.2718000000000007,0
4889,c1ccc(cc1)OCCC(=O)NNC(=O)c2cc(ccc2Cl)S(=O)(=O)N,C61650896,0,397.84000000000015,1.2174999999999998,0
4890,c1ccc2cc(ccc2c1)S(=O)(=O)NCCC(=O)NNC(=O)NC3CC3,C64427980,0,376.43800000000005,1.0010000000000001,0
4891,CCCCNC(=O)NNC(=O)Cc1csc(n1)NC(=O)c2ccoc2C,C64882968,0,379.4420000000001,1.9698199999999995,0
4892,COCCCNC(=O)NNS(=O)(=O)c1ccc2c3c1cccc3C(=O)N2,C64940771,0,378.41000000000014,0.9345000000000006,0
4893,Cc1cnc(c(c1OC)C)CNC(=O)NCCNC(=O)c2ccc(cc2)O,C51334158,0,372.42500000000007,1.6418399999999995,0
4894,CC(C)[C@@H](C(=O)NCc1cc(c(cc1Br)OC)OC)NC(=O)N,C66120144,0,388.2620000000001,1.7754,0
4895,CC(C)[C@H](C(=O)NCc1cc(c(cc1Br)OC)OC)NC(=O)N,C66120145,0,388.2620000000001,1.7754,0
4896,COCCNC(=O)CCNC(=O)CNC(=O)NCc1ccc(cc1)Cl,C66629784,0,370.8370000000001,0.40810000000000174,0
4897,Cc1ccc(nc1)NC(=O)CCNC(=O)NNC(=O)Cc2ccccc2F,C66978074,0,373.38800000000015,1.43082,0
4898,CCOCCCNC(=O)NNC(=O)[C@@H](C(C)C)NC(=O)c1cccs1,C67313339,0,370.4750000000001,1.2595,0
4899,Cc1c(c(n2c(n1)nc(n2)N)C)CCC(=O)Nc3ccccc3C(=O)NCC=C,C67510293,0,393.45100000000014,1.8104399999999992,0
4900,O=C(O)CSCC(=O)N[C@H]1C[C@H]2C(=O)Nc3ccc(-c4ccco4)cc3C(=O)N2C1,C03839477,0,429.45400000000024,1.4158000000000002,0
4901,O=C(O)COCC(=O)N[C@H]1CCN2C(=O)c3cc(-c4ccsc4)ccc3NC(=O)[C@H]12,C03839540,0,429.45400000000006,1.1677000000000006,0
4902,O=C(N[C@H](Cc1c[nH]c2ccccc12)C(=O)O)c1ccc([N+](=O)[O-])cc1,C05650269,0,353.3340000000001,2.5018000000000002,0
4903,O=C(Cn1nnc2ccccc2c1=O)N[C@@H](Cc1ccc(O)cc1)C(=O)O,C02200816,0,368.3490000000001,0.3091999999999995,0
4904,O=C1COc2ccc(S(=O)(=O)N[C@H](Cc3ccc(F)cc3)C(=O)O)cc2N1,C04520604,0,394.38000000000005,1.1307999999999994,0
4905,O=C(O)[C@H](Cc1c[nH]c2ccccc12)NS(=O)(=O)c1ccc(F)cc1,C00811636,0,362.3820000000001,2.2812,0
4906,O=C(O)[C@H](Cc1c[nH]c2ccccc12)NS(=O)(=O)c1cc(F)ccc1F,C13027267,0,380.3720000000001,2.4203,0
4907,O=C(O)CCn1c(SCC(=O)NC(=O)NC2CC2)nnc1-c1cccs1,C13034964,0,395.4660000000002,1.5615999999999999,0
4908,O=C(CCn1ccc2ccccc21)N[C@H](Cc1c[nH]c2ccccc12)C(=O)O,C08156879,0,375.4280000000001,3.3248000000000006,0
4909,Cc1nc(CC(=O)N[C@H](Cc2c[nH]c3ccccc23)C(=O)O)cs1,C20760945,0,343.4080000000001,2.28742,0
4910,C[C@@H](O)[C@@H](NS(=O)(=O)c1ccc(Cl)cc1[N+](=O)[O-])C(=O)O,C21011792,0,338.7250000000001,0.3604999999999996,0
4911,CC(=O)NCCNC(=O)Cn1c(S)nnc1-c1cccc(C)c1,C22758521,0,333.4170000000001,0.7945199999999993,0
4912,Cc1cc2c(N[C@H](C(=O)NCCC(=O)O)C(C)C)ncnc2s1,C31958542,0,336.417,2.027119999999999,0
4913,Cc1nc(N[C@H](C)C(=O)NCCC(=O)O)c2c(C)c(C)sc2n1,C31958580,0,336.41700000000003,2.00786,0
4914,Cc1nnc(S(=O)(=O)Nc2ccc(C(N)=O)cc2)n(Cc2ccccc2)c1=O,C32611935,0,399.43200000000013,0.8947199999999994,0
4915,Cc1cc(S(=O)(=O)NCC(=O)NCC(=O)O)ccc1Br,C35085410,0,365.205,0.23662000000000066,0
4916,O=C(O)CNC(=O)CNC(=O)CCCc1ccc(Br)s1,C35384069,0,363.23299999999995,1.1502999999999999,0
4917,O=C(/C=C/c1ccccn1)N[C@@H](Cc1c[nH]c2ccccc12)C(=O)O,C04639354,0,335.36300000000006,2.3882,0
4918,O=C(O)/C=C/C(=O)NCCNc1ncc(C(F)(F)F)cc1Cl,C20246928,0,337.68500000000006,1.9226999999999999,0
4919,O=C(O)CNC(=O)[C@H](Cc1c[nH]c2ccccc12)N1C(=O)N=C2C=CC=C[C@@H]2C1=O,C38564671,0,406.39800000000014,1.4252,0
4920,CC1=C[C@@H](NC(=O)CS[C@H]2N[C@@H]3C=CS[C@@H]3C(=O)N2CCC(=O)O)N=N1,C39556132,0,397.48200000000026,0.7193000000000003,0
4921,COc1ccc(/C=N/N=C2/NC(=O)[C@@H](CCO)S2)c(C(=O)O)c1OC,C40142895,0,367.38300000000015,0.7058999999999997,0
4922,COc1ccc(OC)c(S(=O)(=O)Nc2ccccc2S(N)(=O)=O)c1,C40155198,0,372.4240000000001,1.1519999999999997,0
4923,Cc1cc(F)ccc1S(=O)(=O)N[C@H](Cc1c[nH]c2ccccc12)C(=O)O,C41091154,0,376.4090000000001,2.58962,0
4924,O=C(N[C@H](CCO)C(=O)O)c1cc([N+](=O)[O-])ccc1Br,C45622468,0,347.12100000000004,0.9226999999999999,0
4925,Cn1cnnc1Sc1ccccc1NS(=O)(=O)c1cccc(S(N)(=O)=O)c1,C45772792,0,425.51700000000017,1.4144999999999999,0
4926,NC(=O)COc1cccc(/C(O)=N/S(=O)(=O)c2cccs2)c1,C48448993,0,340.382,1.3057,0
4927,COC(=O)CS(=O)(=O)Nc1cc(S(N)(=O)=O)ccc1OC,C49061577,0,338.3630000000001,-0.7426999999999988,0
4928,COC(=O)[C@@H](C)S(=O)(=O)Nc1ccc(S(N)(=O)=O)cc1Br,C49063956,0,401.2600000000001,0.39970000000000033,0
4929,COC(=O)[C@@H](C)S(=O)(=O)Nc1cc(S(N)(=O)=O)ccc1F,C49063972,0,340.35400000000004,-0.22369999999999995,0
4930,CSCC[C@H](NC(=O)N[C@H](C)c1sc(C)nc1C)C(=O)O,C49539425,0,331.4630000000001,2.32644,0
4931,CNC(=O)CNS(=O)(=O)c1ccc(/C=C/C(=O)O)cc1Cl,C49595190,0,332.765,0.4621000000000006,0
4932,CCCS(=O)(=O)Nc1ccccc1C(=O)N[C@H]1CCCNC1=O,C50633959,0,339.41700000000014,0.8466999999999998,0
4933,CCOC(=O)CCS(=O)(=O)Nc1ccc(F)c(C(N)=S)c1,C51637301,0,334.39400000000006,1.1547999999999998,0
4934,O=C(O)CCNC(=O)c1csc(NC(=O)c2cccc(F)c2)n1,C31963104,0,337.33200000000005,1.739,0
4935,O=C(CCc1ccco1)NNC(=O)c1nn(-c2ccccc2)cc1O,C58481749,0,340.33900000000006,1.5646999999999995,0
4936,O=C(CCNS(=O)(=O)c1ccc2c(c1)CCCC2)Nc1nnn[nH]1,C60380346,0,350.404,0.3855999999999996,0
4937,C[C@H](CS(=O)(=O)Nc1cccc(F)c1)C(=O)NCC(C)(C)O,C62441305,0,332.3970000000001,1.0905999999999998,0
4938,Cc1sc(NC(=O)NCCCS(C)(=O)=O)c(C(=O)O)c1C,C62828285,0,334.41900000000004,1.6193400000000002,0
4939,CS(=O)(=O)CCS(=O)(=O)Nc1ccc(C(F)(F)F)cc1N,C63141954,0,346.35200000000003,1.0739,0
4940,CS(=O)(=O)CCS(=O)(=O)Nc1cc(F)cc(S(N)(=O)=O)c1,C63144141,0,360.4100000000001,-0.7405999999999993,0
4941,CCCN1C(=O)c2ccccc2N[C@@H]1SC/C(O)=N/c1ncn[nH]1,C63763477,0,346.416,2.3873999999999995,0
4942,CCc1nnc(/N=C(/CC(=O)/N=c2/[nH]nc(CC)[nH]2)C(F)(F)F)[nH]1,C19819315,0,344.30099999999993,1.1330999999999996,0
4943,CC(C)NC(=O)CCNC(=O)c1cc(Cl)ccc1NS(C)(=O)=O,C64487902,0,361.85100000000006,1.3559999999999994,0
4944,COc1ccc(S(=O)(=O)Nc2nc(CC(N)=O)cs2)cc1C,C66250628,0,341.41400000000004,1.2887199999999996,0
4945,CCCS(=O)(=O)Nc1ccc(C(=O)NCc2n[nH]c(=S)n2C2CC2)cc1,C66637662,0,395.5100000000001,2.35729,0
4946,CC(=O)NCc1ccc(C(=O)N[C@H](C)c2cccc(NS(C)(=O)=O)c2)s1,C67163680,0,395.5060000000001,2.2466999999999997,0
4947,CCNC(=O)Cn1ccc(NC(=O)c2cc(F)ccc2NS(C)(=O)=O)n1,C67344921,0,383.4050000000001,0.7820999999999997,0
4948,Cc1n[nH]c(C)c1[C@H](NS(=O)(=O)/C=C/c1ccccc1)C(=O)O,C67587192,0,335.38500000000005,1.7425400000000002,0
4949,Cc1cc(CNC(=O)N[C@H](C)c2cccc(NS(C)(=O)=O)c2)no1,C67610058,0,352.4160000000001,1.9149199999999997,0
4950,CCCCSc1c2c(nc(n1)N)n(cn2)[C@@H]3[C@H]([C@@H]([C@@H](O3)CO)O)O,C04705734,0,355.4200000000001,-0.08779999999999982,0
4951,CCCCSc1c2c(nc(n1)N)n(cn2)[C@H]3[C@H]([C@@H]([C@@H](O3)CO)O)O,C04705735,0,355.4200000000001,-0.08779999999999982,0
4952,c1cc(cnc1)c2nnc(n2N)SCC(=O)NCCc3ccc(cc3)S(=O)(=O)N,C03428474,0,433.51900000000023,0.15230000000000088,0
4953,Cc1c(c(=O)[nH]c(=O)[nH]1)CSCC(=O)OCC(=O)Nc2ccc(cc2)S(=O)(=O)N,C02810311,0,442.4750000000001,-0.5658799999999988,0
4954,c1ccnc(c1)c2nnc(n2N)SCC(=O)Nc3ccc(cc3)S(=O)(=O)N,C02865614,0,405.46500000000015,0.4320999999999999,0
4955,c1ccc(c(c1)[C@@H](CC(=O)NNC(=O)c2ccc3c(c2)OCO3)NC(=O)N)Cl,C06945623,0,404.8100000000002,1.6293999999999997,0
4956,c1ccc(c(c1)[C@H](CC(=O)NNC(=O)c2ccc3c(c2)OCO3)NC(=O)N)Cl,C06945624,0,404.8100000000002,1.6293999999999997,0
4957,c1cc2c(cc1CC(=O)c3ccc(cc3O)O[C@@H]4[C@H]([C@@H]([C@@H]([C@@H](O4)CO)O)O)O)OCCO2,C04258480,0,448.4240000000002,-0.23250000000000015,0
4958,c1ccc2c(c1)c(c[nH]2)C[C@@H]3C(=O)N(C(=O)N3)CC(=O)Nc4c(ccs4)C(=O)N,C08880551,0,411.4430000000001,1.4298999999999997,0
4959,c1cc(cc(c1)Br)[C@H](CC(=O)Nc2ccc(cc2)S(=O)(=O)N)NC(=O)N,C12633361,0,441.30700000000013,1.8347,0
4960,c1ccc(c(c1)NC(=O)CCCC[C@@H]2[C@@H]3[C@@H](CS2(=O)=O)NC(=O)N3)SCC(=O)N,C12769322,0,440.54700000000014,0.6099000000000001,0
4961,c1cc(ccc1CCNC(=O)Cc2csc(n2)NC(=O)[C@H]3CCC(=O)N3)S(=O)(=O)N,C12879773,0,451.5300000000002,-0.0909999999999983,0
4962,c1cc(cnc1)c2nnc(n2N)SCC(=O)Nc3c(c4c(s3)CCC4)C(=O)N,C13145845,0,415.5040000000003,1.4337999999999997,0
4963,COc1cc(ccc1O)/C=C\2/C(=O)N(C(=O)N2)CC(=O)Nc3ccc(cc3)S(=O)(=O)N,C15052293,0,446.44100000000014,0.5796000000000001,0
4964,C1Cc2c(sc(c2C(=O)N)NC(=O)CSc3nnc(n3N)C(F)(F)F)C1,C16069286,0,406.4150000000001,1.3906,0
4965,c1cc2c(ccc3c2c(c1)C(=O)N(C3=O)/N=C\c4ccc(c(c4)O)O)NC(CO)(CO)CO,C16431493,0,451.4350000000002,1.0086999999999993,0
4966,c1ccc(c(c1)c2nnc(n2N)SCC(=O)Nc3nnc(s3)SCC(=O)N)O,C20829875,0,438.52000000000015,0.5241999999999993,0
4967,COc1cccc(c1O)/C=N/Nc2[nH]nc(n2)SCC(=O)NNC(=O)C(F)(F)F,C20834557,0,433.3720000000001,0.7666999999999995,0
4968,COCCOc1ccccc1C(=O)NC(=S)Nc2ccc(cc2)S(=O)(=O)N=C(N)N,C14660003,0,451.5300000000002,0.8007000000000009,0
4969,CCOc1cc(ccc1O)/C=N/Nc2nnc(n2N)SCC(=O)NCc3ccco3,C21326604,0,431.47800000000024,1.5436999999999996,0
4970,C[C@@H](C(=O)Nc1c(c2c(s1)CCC2)C(=O)N)OC(=O)c3cc(sc3)S(=O)(=O)N,C21839520,0,443.5280000000001,1.2286000000000004,0
4971,c1cc(cc(c1)Br)[C@H](CC(=O)NNC(=S)NC[C@H]2CCCO2)NC(=O)N,C25262165,0,444.35500000000025,1.2229,0
4972,CC[C@]1(C(=O)N(C(=O)N1)NC(=O)CNc2ccc(c(c2)C(=O)N)Cl)C,C26785831,0,367.79300000000006,0.6024999999999999,0
4973,c1cc(c(c(c1)O)O[C@H]2[C@H]([C@H]([C@@H]([C@H](O2)CO)O)O)O)COC(=O)[C@]3(C=CCCC3=O)O,C31160903,0,440.40100000000024,-1.7356999999999994,0
4974,c1cc(c(cc1COC(=O)c2ccc(c(c2)O)O)O)O[C@H]3[C@@H]([C@H]([C@@H]([C@H](O3)CO)O)O)O,C31165201,0,438.3850000000001,-0.6609000000000005,0
4975,Cc1ccccc1[C@@H](C#N)/C(=N/NC(=O)C(=O)NN)/C(=O)Nc2cccc(c2)C(F)(F)F,C16953193,0,446.3890000000001,1.7217999999999998,0
4976,C[C@@H]([C@@H]([C@@H]([C@@H](OCCO)Oc1ccc(cc1)c2coc3cc(cc(c3c2=O)O)O)O)O)O,C34898303,0,448.4240000000002,0.6875999999999998,0
4977,C[C@@H]([C@H]([C@@H]([C@@H](OCCO)Oc1ccc(cc1)c2coc3cc(cc(c3c2=O)O)O)O)O)O,C34898305,0,448.4240000000002,0.6875999999999998,0
4978,COc1ccc(cc1O)CCc2cc(c(c(c2)OC)O[C@H]3[C@H]([C@@H]([C@@H]([C@@H](O3)CO)O)O)O)O,C35457681,0,452.4560000000001,0.07889999999999964,0
4979,c1ccc2c(c1)c(c[nH]2)C[C@H](C(=O)NN)NS(=O)(=O)c3ccc(cc3)F,C35666738,0,376.41300000000007,1.1864999999999994,0
4980,CN1[C@@H]2C=CC=C[C@@H]2C(=O)C(=C1O)C(=O)C[C@@H](c3cccs3)NC(CO)(CO)CO,C35614465,0,434.5140000000001,0.44860000000000017,0
4981,Cc1ccc(c(c1)O[C@H]2[C@@H]([C@H]([C@@H]([C@H](O2)CO[C@@H]3[C@@H]([C@](CO3)(CO)O)O)O)O)O)C(C)C,C37538972,0,444.4770000000002,-1.2379799999999992,0
4982,CC(=CCC[C@](C)(C=C)O[C@H]1[C@@H]([C@H]([C@@H]([C@H](O1)CO[C@H]2[C@@H]([C@H]([C@H](CO2)O)O)O)O)O)O)C,C31158225,0,448.5090000000001,-1.0426999999999982,0
4983,CC(C)([C@H](Cc1ccc2c(c1O)[C@]([C@@H](C(=O)N2)OC)(c3ccc(cc3)OC)O)O)O,C39559706,0,417.45800000000014,1.2780999999999998,0
4984,C/C(=C\Cc1c(ccc2c1oc(=O)c(c2)O)O)/CO[C@H]3[C@@H]([C@@H]([C@@H]([C@@H](O3)CO)O)O)O,C39560192,0,424.4020000000001,-0.4904999999999996,0
4985,Cc1c(c(=O)[nH]c(n1)SCC(=O)NCc2ccc(cc2)S(=O)(=O)N)CCC(=O)O,C13449230,0,440.5030000000002,0.15142000000000028,0
4986,c1cc(ccc1/C=C\C(=O)c2c(cc(cc2O[C@H]3[C@H]([C@@H]([C@@H]([C@@H](O3)CO)O)O)O)O)O)O,C40651531,0,434.39700000000005,-0.12179999999999952,0
4987,c1ccnc(c1)C(=O)NNc2c(c(ncn2)NCc3ccc4c(c3)OCO4)N,C40686224,0,379.38000000000017,1.5514999999999997,0
4988,c1cc(ccc1OCC(=O)NC(C(=O)N)C(=O)N)I,C42788058,0,377.138,-0.8745999999999985,0
4989,C[C@@H](c1cccc(c1)S(=O)(=O)N)NC(=O)NNc2nccc(n2)OC,C45124759,0,366.4030000000001,0.5198999999999999,0
4990,C[C@H](c1cccc(c1)S(=O)(=O)N)NC(=O)NNc2nccc(n2)OC,C45124761,0,366.4030000000001,0.5198999999999999,0
4991,CC(=CCC/C(=C/CO[C@H]1[C@@H]([C@H]([C@@H]([C@H](O1)CO[C@H]2[C@@H]([C@H]([C@@H](CO2)O)O)O)O)O)O)/C)C,C33955979,0,448.5090000000002,-1.0410999999999984,0
4992,c1cc(c(cc1/C=C/C(=O)O[C@@H]2[C@H]([C@@H]([C@H](O[C@H]2O[C@@H]3CCCC[C@@H]3O)CO)O)O)O)O,C49601718,0,440.4450000000002,-0.2181000000000009,0
4993,COc1cc(ccc1OCC(=O)N)[C@H]2c3c(n[nH]c3OC(=C2C#N)N)c4ccncc4,C08846389,0,418.4130000000002,1.5625799999999996,0
4994,c1cc2c(cc1NC(=O)N)/C(=C/C3=NC=C(C3)C(=O)NCCc4ccncc4)/C(=O)N2,C52634781,0,416.4410000000001,1.9951999999999999,0
4995,[H]/N=C\1/NC(=O)/C(=C/c2cccc(c2)OCC(=O)Nc3ccc(cc3)S(=O)(=O)N)/S1,C15056658,0,432.4830000000001,1.4901699999999998,0
4996,c1cc(sc1CCNC(=O)c2cc(sc2)S(=O)(=O)N)S(=O)(=O)N,C57997343,0,395.5090000000001,0.07690000000000036,0
4997,c1c(cc(c(c1N)S(=O)(=O)N(CC(=O)N)CC(=O)N)Br)Br,C61807273,0,444.10499999999996,-0.24489999999999934,0
4998,Cc1cc(C)nc(N/C(=N\C(=O)CSc2nnc(N)s2)[N-]CCc2c[nH]cn2)n1,C14729886,0,431.5310000000002,1.9534399999999996,-1
4999,Cn1ccnc1[C@@](CC(=O)Nc2ccc(cc2)NC(=O)N)(C(F)(F)F)O,C66782277,0,371.3190000000001,1.6893999999999996,0
5000,c1cc(cc(c1)F)NC(=O)Cn2c(c(nn2)C(=O)NCc3ccco3)N,C04971867,0,358.3330000000001,1.1611,0
5001,c1c(c(=O)[nH]c(=O)n1[C@@H]2[C@H]([C@@H]([C@@H](O2)CO)O)O)CC(C(F)(F)F)(F)F,C05215348,0,376.234,-1.1118000000000003,0
5002,CC(C)([C@@H]1C(=O)NC(=O)N1)SSC(C)(C)[C@@H]2C(=O)NC(=O)N2,C01581673,0,346.4340000000001,0.3410000000000001,0
5003,c1ccc(cc1)n2c(c(nn2)C(=O)N)Sc3c(nns3)C(=O)N,C08694865,0,347.38500000000005,0.46779999999999977,0
5004,COCCCn1c(=O)[nH]nc1SCC(=O)Nc2c(ccs2)C(=O)N,C09836267,0,371.44400000000013,0.49910000000000027,0
5005,c1cc(ccc1CNC(=O)N)C(=O)NCc2nnc3n2CCCCC3,C12879626,0,342.4030000000002,1.1027999999999993,0
5006,c1cc(ccc1NC(=O)CSc2cnnc(n2)O)S(=O)(=O)N,C15859742,0,341.3740000000001,-0.04460000000000025,0
5007,C[C@@]1(C(=O)N(C(=O)N1)CC(=O)NNC(=O)c2c[nH]c3c2cccc3)C4CC4,C22249677,0,369.3810000000002,0.6494000000000002,0
5008,c1cc(ccc1C(=O)NCC(=O)NNC(=S)NC2CC2)N3CCCC3=O,C26846148,0,375.4540000000003,0.20090000000000052,0
5009,Cc1c(c(=O)[nH]c(=O)[nH]1)CCC(=O)NCc2ccc(cc2)N3CCNC(=O)C3,C31421699,0,385.42400000000015,-0.4431799999999988,0
5010,c1cnc(nc1)NCCC(=O)NNC(=O)c2cc(c[nH]2)Br,C40144405,0,353.18,0.8304,0
5011,c1cc(ccc1/C=C\C(=O)NCCCC(=O)N)S(=O)(=O)NC2CC2,C42924450,0,351.42800000000005,0.5222000000000003,0
5012,C[C@@H](C(=O)NC(=O)NC(C)C)OC(=O)c1cc(ccc1F)S(=O)(=O)N,C27079972,0,375.37800000000004,0.25260000000000027,0
5013,c1cnc(nc1)NNC(=O)NCc2ccc(cc2)N3CCNC(=O)C3,C46984535,0,341.37500000000017,0.2390999999999997,0
5014,c1cnc(nc1)NCCNC(=O)c2cc(ccc2Cl)S(=O)(=O)N,C47104679,0,355.8070000000001,0.6192999999999997,0
5015,c1cc(cc(c1)F)NC(=O)C(=O)N[C@H](CO)[C@H](c2ccc(cc2)[N+](=O)[O-])O,C48591529,0,377.3280000000001,0.8831,0
5016,c1ccc(c(c1)NC(=O)C(=O)N[C@@H](CO)[C@@H](c2ccc(cc2)[N+](=O)[O-])O)F,C48591570,0,377.3280000000001,0.8830999999999993,0
5017,c1cc2c(cc1CNC(=O)C(=O)Nc3ccc(c(c3)C(=O)N)F)OCCO2,C48759537,0,373.3400000000002,0.9506999999999997,0
5018,c1cc(oc1C(=O)NCC(=O)NNC(=O)NC2CC2)Br,C49129139,0,345.153,0.2647000000000002,0
5019,CC[C@]1(C(=O)N(C(=O)N1)NC(=O)CNc2cccc(c2)C(=O)NC)C,C49972851,0,347.3750000000001,0.20980000000000132,0
5020,C[C@@H](C(=O)NNC(=O)NCCC(=O)NCC#C)Oc1ccccc1F,C50136730,0,350.35,0.06290000000000107,0
5021,COCCN1C(=O)[C@@H]2[C@H](N[C@@]3([C@@H]2C1=O)c4ccccc4NC3=O)CC(=O)N,C20548389,0,372.38100000000014,-1.0711999999999973,0
5022,COCCCN1C(=O)[C@@H]2[C@@H](N[C@@]3([C@@H]2C1=O)c4cc(ccc4NC3=O)F)CC(=O)N,C20566181,0,404.3980000000002,-0.5419999999999967,0
5023,c1cc(cc(c1)Cl)S(=O)(=O)NCCNC(=O)N2CCO[C@@H](C2)C(=O)N,C51682856,0,390.8490000000002,-0.48599999999999793,0
5024,c1c(cnc(c1Cl)N2CCN(CC2)CC(=O)NN/C(=C/C#N)/N)C(F)(F)F,C20405566,0,403.796,0.8202800000000003,0
5025,c1cc(ccc1C(=O)NNC(=O)c2cnccn2)N3CCC[C@@H](C3)C(=O)N,C53216840,0,368.3970000000002,0.2531000000000009,0
5026,C[C@H](C(=O)Nc1cccc(c1)[C@@]2(C(=O)NC(=O)N2)C)NC(=O)c3ccoc3,C53285050,0,370.36500000000007,1.0912,0
5027,c1cc2cc(ccc2nc1)NC(=O)C(=O)NCc3ccc(cc3)S(=O)(=O)N,C57945575,0,384.4170000000001,1.1370999999999998,0
5028,Cc1cc([nH]c(=O)c1CNC(=O)CNC(=O)c2c[nH]c3ccccc3c2=O)C,C58916196,0,380.4040000000001,0.8794399999999999,0
5029,Cc1cc(c(c(c1)C)NC(=O)CCCS(=O)(=O)CCC(=O)NC(=O)N)C,C48702573,0,383.47000000000014,1.3303599999999995,0
5030,Cc1c(=O)nc([nH]n1)S[C@H](C)C(=O)Nc2ccc(cc2)S(=O)(=O)N,C41633063,0,369.4280000000001,0.24002000000000023,0
5031,CC(C)CN1C(=O)/C(=C\NCc2ccc(cc2)S(=O)(=O)N)/C(=O)NC1=S,C60861841,0,396.4940000000001,0.2068000000000007,0
5032,Cc1nnc(n1N)SCC(=O)NNC(=O)c2ccccc2Cl,C61304915,0,340.79600000000005,0.5070200000000008,0
5033,CC1=C([C@H](N2C(=N1)N=C(N2)CCCO)c3ccc(c(c3)OC)OC)C(=O)N,C13121859,0,373.4130000000001,0.865,0
5034,C[C@H]1C2=C([C@@H](O[C@@H]2C)NC(=O)CS[C@@H]3NN=C(N3C4CC4)C5CC5)C(=O)NN1,C39935909,0,406.51200000000017,-0.025199999999998668,0
5035,C#CCNC(=O)CCNC(=O)NNC(=O)[C@@H]1COc2ccccc2O1,C64643128,0,346.3430000000001,-0.7036999999999975,0
5036,CCOc1ccc(cc1CO)NS(=O)(=O)c2ccc3c(c2)[nH]c(=O)c(=O)[nH]3,C65832771,0,391.4050000000001,0.9081999999999997,0
5037,c1cc(c(cc1S(=O)(=O)N)C(=O)N2CCC[C@@H](C2)CCC(=O)N)Cl,C66143107,0,373.8620000000001,1.1050999999999995,0
5038,Cc1cccc(n1)NC(=O)CCNC(=O)c2ccc(cc2)n3c(c(cn3)C#N)N,C66241339,0,389.41900000000015,1.7881999999999998,0
5039,C[C@@H](C(=O)NCc1ccco1)NC(=O)c2ccc(cc2)n3c(c(cn3)C#N)N,C66241344,0,378.3920000000001,1.3538799999999998,0
5040,c1cc(ccc1C(=O)Nc2cnn(c2)CCO)N3CCC[C@H](C3)C(=O)N,C66380674,0,357.4140000000002,0.8293999999999997,0
5041,Cn1c(n[nH]c1=S)CNC(=O)c2ccc(cc2)NC(=O)NC3CC3,C66626093,0,346.4160000000001,1.69159,0
5042,CCn1c(n[nH]c1=S)CNC(=O)c2ccc(cc2)NC(=O)NC3CC3,C66636848,0,360.4430000000001,2.1744900000000005,0
5043,CC(C)n1c(n[nH]c1=S)CNC(=O)COc2cccc(c2)C(=O)N,C66640250,0,349.41600000000005,1.31569,0
5044,Cc1cc(c(cc1C(=O)NCc2n[nH]c(=S)n2C(C)C)S(=O)(=O)N)C,C66650126,0,383.49900000000014,1.71583,0
5045,CC(C)n1c(n[nH]c1=S)CCNC(=O)c2ccc3c(c2)[nH]c(=O)[nH]3,C67073783,0,346.41600000000005,1.6636899999999997,0
5046,C1CCC(C1)NC(=O)CCNC(=O)C2CCC3(CC2)C(=O)NC(=O)N3,C67269625,0,350.41900000000004,0.3199000000000013,0
5047,CC(C)NC(=O)c1cccc(c1)CNC(=O)NCCC(=O)NCC#C,C67413626,0,344.41500000000013,0.7635000000000006,0
5048,c1ccc(cc1)/C=C/C(=O)NCC(=O)NNC(=O)N[C@@H]2CCS(=O)(=O)C2,C67473821,0,380.42600000000016,-0.666499999999999,0
5049,c1cc(ccc1CNC(=O)Nc2nnc(s2)C(F)F)S(=O)(=O)N,C67585786,0,363.3710000000001,1.4447999999999999,0
5050,c1ccc(cc1)C2=NN[C@@](S2)(CO)[C@@H]([C@@H]([C@@H](CO)O)O)O,C04018025,0,314.363,-1.5518,0
5051,c1cc(ccc1/C=C/CO)O[C@H]2[C@@H]([C@H]([C@@H]([C@H](O2)CO)O)O)O,C04096936,0,312.318,-1.1292000000000004,0
5052,CCc1cc2c(cc1C)nc-3c(=O)[nH]c(=O)nc3n2C[C@@H]([C@@H]([C@@H](CO)O)O)O,C04707705,0,390.3960000000001,-1.4695799999999988,0
5053,CCOc1ccc(cc1)N[C@@]2([C@H]([C@@H]([C@@H](CO2)O)O)O)CO,C04773150,0,299.32300000000004,-0.7013,0
5054,c1c(cc(cc1[N+](=O)[O-])O[C@H]2[C@H]([C@@H]([C@@H]([C@@H](O2)CO)O)O)O)C(=O)N,C02047788,0,344.27600000000007,-2.1275999999999984,0
5055,c1ccc(c(c1)C(=O)N)NC(=O)Cc2csc(n2)NC(=O)[C@H]3CCC(=O)N3,C12879811,0,387.4210000000001,0.6402999999999998,0
5056,CC(=CCNc1c2c(ncn1)ncn2[C@@H]3[C@H]([C@@H]([C@@H]([C@@H](O3)CO)O)O)O)C,C05386538,0,365.39000000000016,-0.8231999999999999,0
5057,CC(=CCNc1c2c(ncn1)ncn2[C@H]3[C@H]([C@@H]([C@@H]([C@@H](O3)CO)O)O)O)C,C05386539,0,365.39000000000016,-0.8231999999999999,0
5058,[H]/N=C(/c1cn(c2c1c(ncn2)O)[C@@H]3[C@@H]([C@H]([C@@H](O3)CO)O)O)\OCC,C17027415,0,338.3200000000001,-0.8897300000000004,0
5059,c1ccc(cc1)COc2nc3c(n2[C@@H]4[C@H]([C@@H]([C@H](O4)CO)O)O)[nH]c(=O)[nH]c3=O,C17380524,0,390.35200000000003,-1.3965999999999998,0
5060,COc1cc(cc(c1OC)OC)/C=N/Nc2nnc(n2N)SCC(=O)N,C20827155,0,381.4180000000002,0.04110000000000025,0
5061,COc1cc2c(cc1OC)CN(CC2)C(=O)CSc3nnc(n3N)NN,C21036067,0,379.446,-0.028299999999998715,0
5062,CN(C)c1nc(nc(n1)N)CSCCC(=O)NC(=O)N,C27188971,0,299.36,-0.6619999999999995,0
5063,c1cc(cnc1)CSc2c3c(nc(n2)N)n(cn3)[C@H]4[C@@H]([C@@H]([C@H](O4)CO)O)O,C29058560,0,390.42500000000007,-0.2927,0
5064,CC(C)OCCCNC(=O)CSCc1nc(nc(n1)N)N,C30525295,0,314.4150000000001,0.20050000000000145,0
5065,COc1cc(ccc1O)[C@@H]([C@@H](CO[C@H]2[C@@H]([C@H]([C@@H]([C@H](O2)CO)O)O)O)O)O,C31155176,0,376.35800000000006,-2.3883999999999994,0
5066,Cc1c(c(n[nH]1)C)S(=O)(=O)NC[C@H](c2ccc(cc2)N)O,C35367216,0,310.379,0.6206399999999999,0
5067,CS(=O)(=O)NCCNS(=O)(=O)c1ccc(c(c1)N)O,C35797339,0,309.3690000000001,-1.1980999999999988,0
5068,CS(=O)(=O)NCCNc1cc2c(cc1N)OCC(=O)N2,C35797377,0,300.34000000000003,-0.4392,0
5069,c1cc(c(cc1N)Cl)S(=O)(=O)NCCS(=O)(=O)N,C36744617,0,313.78800000000007,-0.5109999999999992,0
5070,Cc1ccc(cc1S(=O)(=O)NCCS(=O)(=O)N)N,C36744621,0,293.37000000000006,-0.8559799999999986,0
5071,c1ccn2c(c1)nc(c2S(=O)(=O)NCCC(=O)N)NN,C37556339,0,298.328,-1.2263999999999982,0
5072,COc1cc(ccc1O[C@H]2[C@@H]([C@H]([C@@H]([C@H](O2)CO)O)O)O)CCO,C31156641,0,330.3330000000001,-1.5912999999999997,0
5073,c1cc(c(cc1CCO)O[C@H]2[C@H]([C@@H]([C@@H]([C@@H](O2)CO)O)O)O)O,C12153338,0,316.306,-1.8943000000000003,0
5074,c1cc2c(cc1Cl)nc([nH]2)[C@@H]([C@@H]([C@@H]([C@@H](CO)O)O)O)O,C03953883,0,302.71400000000006,-0.6753000000000007,0
5075,c1c(c(n[nH]1)N)S(=O)(=O)N2CCC[C@H](C2)CNS(=O)(=O)N,C40334020,0,338.41499999999996,-1.8142999999999976,0
5076,CNC(=O)Cn1cc(cn1)NS(=O)(=O)c2c[nH]nc2N,C40349003,0,299.31600000000003,-1.2647999999999995,0
5077,CS(=O)(=O)NCCNS(=O)(=O)c1cnc(nc1)NN,C41071292,0,310.36100000000005,-2.4102999999999986,0
5078,CC(C)C(=O)NCCNC(=O)[C@@H](CCSC)NC(=O)N,C41599182,0,304.416,-0.33519999999999855,0
5079,CCc1cc2c(cc1C)n(c-3nc(=O)[nH]c(=O)c3n2)C[C@@H]([C@@H]([C@@H](CO)O)O)O,C43763776,0,390.3960000000001,-1.4695799999999997,0
5080,Cc1c(c(=O)[nH]c(=O)[nH]1)CC(=O)NCCc2ccc(cc2)S(=O)(=O)N,C44441003,0,366.39900000000006,-1.0795799999999984,0
5081,c1ccc2c(c1)c(c[nH]2)CC(=O)O[C@@H]3[C@@H]([C@@H]([C@@H]([C@@H](O3)CO)O)O)O,C44699658,0,337.32800000000003,-0.9465000000000001,0
5082,c1ccc2c(c1)c(=O)c(c[nH]2)C(=O)NCC(=O)NNC(=O)C(=O)NC3CC3,C44947341,0,371.3530000000001,-1.3160999999999998,0
5083,c1cc(c(cc1S(=O)(=O)NCCCS(=O)(=O)N)N)F,C45067928,0,311.36,-0.6351999999999995,0
5084,c1cc(c(cc1F)S(=O)(=O)NCCCS(=O)(=O)N)N,C45068200,0,311.36000000000007,-0.6351999999999995,0
5085,C1CS(=O)(=O)C[C@H]1CNC(=O)NC(C(=O)N)C(=O)N,C45868721,0,292.31700000000006,-2.9404999999999966,0
5086,c1ccc(cc1)OC[C@@H](CNC(=O)C(=O)Nc2c(ccs2)C(=O)N)O,C48002363,0,363.39500000000004,0.3415999999999995,0
5087,c1cc(ccc1[C@H]([C@@H](CO)O[C@H]2[C@@H]([C@H]([C@@H]([C@H](O2)CO)O)O)O)O)O,C49181771,0,346.332,-2.397,0
5088,C(CSc1nnc(n1N)C(F)(F)F)C(=O)NC(=O)N,C49422704,0,298.25,-0.3122,0
5089,c1csc2n1c(c(n2)N)S(=O)(=O)NCCCC(=O)N,C50660349,0,303.3690000000001,-0.47820000000000057,0
5090,c1c(cnc(c1Cl)N)C(=O)NCCCS(=O)(=O)N,C50707562,0,292.74800000000005,-0.2743999999999994,0
5091,CNC(=O)CCNC(=O)c1cc(cnc1NN)Br,C51119055,0,316.159,-0.004400000000000237,0
5092,c1cc(nc(c1Cl)C(=O)NCCS(=O)(=O)N)NN,C51129095,0,293.736,-0.9610999999999983,0
5093,CN(C)C1=C(N[C@@H]2[C@H](N1)NON2)N(C)CCc3[nH]c4cc(ccc4n3)F,C39354672,0,362.41300000000007,-0.25109999999999877,0
5094,c1cc(ccc1CN(CC(=O)N)C(=O)c2nc([nH]n2)N)Br,C55168198,0,353.18,0.2771000000000001,0
5095,c1cc(c(cc1NN)[N+](=O)[O-])S(=O)(=O)NCc2c[nH]nc2,C44410898,0,312.31100000000004,0.0819999999999999,0
5096,c1cnc(nc1N2CCC[C@H](C2)O)NCCc3[nH]c(=O)cc(n3)N,C65404190,0,331.3800000000001,-0.24219999999999942,0
5097,c1ccc(c(c1)[C@@H](CNC(=O)Nc2cnn(c2)CC(=O)N)O)F,C65443377,0,321.312,0.36259999999999964,0
5098,C[C@@H](c1nncn1C)NC(=O)NCCCc2c(c([nH]n2)N)C#N,C46963747,0,317.35699999999997,-0.01491999999999899,0
5099,c1ccc2c(c1)c(c[nH]2)CC(=O)O[C@@H]3[C@@H]([C@H]([C@H]([C@H](O3)CO)O)O)O,C65743061,0,337.32800000000003,-0.9465000000000001,0
5100,CCN(CC)Cc1c(C(=O)NN)nnn1-c1nonc1N,C01878899,0,295.3070000000001,-1.3221999999999978,0
5101,CSCC[C@H](N)c1nc(C(=O)N[C@H](Cc2c[nH]c3ccccc23)C(N)=O)co1,C06928672,0,401.4920000000002,1.735199999999999,0
5102,Nc1nc(/C(=N\O)C(=O)NCCNCCO)cs1,C07367688,0,273.3179999999999,-1.3982999999999999,0
5103,COc1ccc(OC[C@@H](O)Cn2c(NCCN)nc3c2c(=O)[nH]c(=O)n3C)cc1,C06444861,0,404.42700000000013,-0.7575999999999976,0
5104,C/C(=N\Nc1ncc(/C(C)=N/NC(=N)N)c(C)n1)c1cnc(NN)nc1C,C16941948,0,370.4250000000001,0.212210000000001,0
5105,NC(=O)[C@H](Cc1c[nH]c2ccccc12)NC(=O)c1coc([C@@H](N)CO)n1,C33603843,0,357.3700000000001,-0.02560000000000101,0
5106,C[C@H](NCCS(N)(=O)=O)c1ccc2[nH]c(=O)[nH]c2c1,C36744933,0,284.341,-0.20469999999999872,0
5107,CS(=O)(=O)CC[C@H](N)C(=O)Nc1cnn(CC(N)=O)c1,C37024690,0,303.34400000000005,-1.9310999999999974,0
5108,CN(CCC(=O)Nc1nc2ccc(N)cc2s1)CC(N)=O,C37268087,0,307.37900000000013,0.6242000000000001,0
5109,C[C@](N)(C(=O)Nc1ccc2[nH]c(=O)c(=O)[nH]c2c1)C1CC1,C37615395,0,288.3070000000001,0.28229999999999894,0
5110,NC(=O)C[C@H](N)C(=O)Nc1cc2c(cc1Cl)NC(=O)C2,C37628148,0,296.7140000000001,-0.024200000000000166,0
5111,NCC(=O)NCC(=O)Nc1ccc(-c2cc(O)n[nH]2)cc1,C37628636,0,289.29499999999996,-0.2043000000000001,0
5112,NCC(=O)NCC(=O)Nc1ccc2[nH]c(=O)c(=O)[nH]c2c1,C37629335,0,291.267,-1.7701999999999993,0
5113,Cc1nn(C)c2ncc(NC(=O)[C@H](N)CC(N)=O)cc12,C37629518,0,276.29999999999995,-0.5820799999999986,0
5114,NCC(=O)NCC(=O)Nc1cc2[nH]c(=O)[nH]c2cc1Br,C37629580,0,342.153,-0.3679000000000005,0
5115,CCNS(=O)(=O)c1ccc(NC(=O)CNC(=O)CN)cc1,C37629735,0,314.3670000000001,-1.0017999999999976,0
5116,NC(=O)CCC[C@@H](N)c1ccc2[nH]c(=O)c(=O)[nH]c2c1,C37635875,0,276.29600000000005,-0.12820000000000065,0
5117,NS(=O)(=O)NC[C@@H]1CCCN(C(=O)[C@@H]2C[C@H](O)CN2)C1,C37820439,0,306.38800000000003,-2.2590999999999957,0
5118,N[C@H]1CCCC[C@H]1NS(=O)(=O)c1cccc(S(N)(=O)=O)c1,C38050446,0,333.43500000000006,-0.11779999999999957,0
5119,CC(C)[C@H](N)C(=O)OC[C@@H](CO)OCn1cnc2c1N[C@H](N)NC2=O,C38664639,0,356.38300000000004,-1.8577999999999966,0
5120,Nc1cc(S(N)(=O)=O)ccc1NCCn1ccnc1,C41119182,0,281.341,0.22479999999999967,0
5121,C[C@@H]1CC[C@@H](C(N)=O)CN1C[C@H](O)Cn1cc(N)cn1,C42427143,0,281.35999999999996,-0.5879999999999981,0
5122,C[C@H](O)[C@H](N)c1nc(C(=O)NCCNc2cccc3ccccc23)co1,C43218138,0,354.4100000000001,2.0503,0
5123,C[C@H](N)[C@@H](Sc1nc(N)cc(=O)[nH]1)c1cnn(C)c1,C43238561,0,280.357,0.26620000000000005,0
5124,COc1cc(OC)c(C[C@@H](C)NO)c(O)c1C[C@@H](N)CO,C44465371,0,300.3550000000001,0.18130000000000052,0
5125,COc1ccc(N[C@@H](O)COc2ccc([C@H](N)CN)cc2OC)cc1,C44473563,0,347.4150000000001,1.4715999999999998,0
5126,NCC1(C(=O)NCCCS(N)(=O)=O)CCOCC1,C45085704,0,279.362,-1.4632999999999978,0
5127,N[C@@H](Cc1ccc(O)c(O)c1)C(=O)NCCCS(N)(=O)=O,C45088228,0,317.367,-1.2375999999999985,0
5128,C[C@H](N)c1ccc(S(=O)(=O)NCCCS(N)(=O)=O)cc1,C45089960,0,321.42400000000004,-0.33679999999999866,0
5129,Cn1ccnc1CCNc1cc(N)cc(S(N)(=O)=O)c1,C45118516,0,295.36800000000005,0.30429999999999996,0
5130,CCC(CC)N(CC(=O)NC(N)=O)CC(=O)NC(N)=O,C47550247,0,287.32,-1.1331999999999982,0
5131,NC(=O)NC(=O)CN(CC(=O)NC(N)=O)Cc1ccccc1F,C47613789,0,325.3,-0.9824999999999995,0
5132,Cc1cccc(OC[C@H](O)Cn2c(NCCN)nc3c2c(=O)[nH]c(=O)n3C)c1,C13810798,0,388.4280000000001,-0.45777999999999874,0
5133,Nc1nc(N)nc(CN2CCC[C@H]([C@@H]3CCCN3)C2)n1,C37917696,0,277.376,2.7755575615628914e-16,0
5134,O=C1NCN([C@@H]2O[C@@H](CO)[C@@H](O)[C@H]2O)c2[nH]c(N3CCCCC3)nc21,C59483926,0,353.37900000000025,-1.6536999999999977,0
5135,C[C@@](N)(CCCSc1n[nH]c(=O)n1C1CC1)C(N)=O,C61607863,0,285.37300000000005,-0.018699999999999606,0
5136,NC(=O)CN(CC(N)=O)[C@@H]1CS(=O)(=O)C[C@@H]1N,C61807388,0,264.307,-3.616699999999997,0
5137,NC(=O)CN(CC(N)=O)[C@@H]1CS(=O)(=O)C[C@H]1N,C61807392,0,264.307,-3.616699999999997,0
5138,NCC1(C(=O)N(CC(N)=O)CC(N)=O)CCCCCC1,C61808590,0,284.36,-0.9150999999999991,0
5139,CN(CCO)Cc1c(C(=O)NN)nnn1-c1nonc1N,C62339082,0,297.27900000000005,-2.7398999999999987,0
5140,NC(=O)CN1CCCN(C(=O)c2n[nH]cc2N)CC1,C62811660,0,266.305,-1.3748999999999985,0
5141,C[C@H]1CN[C@@H](C(=O)Nc2cccc(S(N)(=O)=O)c2)CN1,C62813915,0,298.36800000000005,-0.777599999999999,0
5142,C[C@@H]1CN[C@H](C(=O)NCCCS(N)(=O)=O)CN1,C62815344,0,264.35099999999994,-2.268899999999997,0
5143,C[C@H]1CN[C@H](C(=O)NCCCS(N)(=O)=O)CN1,C62815345,0,264.35099999999994,-2.268899999999997,0
5144,C[C@@H]1CN[C@@H](C(=O)NCCCS(N)(=O)=O)CN1,C62815346,0,264.35099999999994,-2.268899999999997,0
5145,CC(C)(CN)NS(=O)(=O)c1cccc(S(N)(=O)=O)c1,C63020632,0,307.39700000000005,-0.6503999999999976,0
5146,C[C@H](N)CCNS(=O)(=O)c1cccc(S(N)(=O)=O)c1,C63171072,0,307.39700000000005,-0.6503999999999981,0
5147,NCCNC(=O)[C@H]1CCCN(c2cc(C(N)=O)ccn2)C1,C63180520,0,291.355,-0.5281999999999984,0
5148,Nc1nc(N)nc(CN2CCCC[C@H]2[C@@H]2CCCN2)n1,C63190144,0,277.3759999999999,0.14249999999999924,0
5149,NC(=O)[C@@H]1C[C@H](O)CN1CC(=O)NC(=O)NCC(F)(F)F,C67129381,0,312.24799999999993,-1.7049999999999987,0
5150,c1cc(cc(c1)[N+](=O)[O-])N[C@H]2[C@H]([C@H]([C@H]([C@H](O2)CO)O)O)O,C00062388,0,300.267,-1.1934,0
5151,c1cc(cc(c1)[N+](=O)[O-])N[C@@H]2[C@@H]([C@@H]([C@@H]([C@@H](O2)CO)O)O)O,C03897418,0,300.267,-1.1934,0
5152,C(NC(=O)N(CO)[C@H]1C(=O)N(C(=O)N1CO)CO)O,C01850155,0,278.22099999999995,-3.612499999999999,0
5153,c1c(c(c(c(c1[C@@H](N2CCOCC2)O)O)O)O)[C@@H](N3CCOCC3)O,C01688120,0,356.37500000000017,-0.5504000000000004,0
5154,c1nc2c(=O)[nH]c(nc2n1[C@H]3[C@H]([C@@H]([C@@H](O3)COC(=O)N)O)O)N,C05103348,0,326.26900000000006,-2.5836999999999986,0
5155,CO[C@@H]1[C@H]([C@@H]([C@@H](O1)Nc2c(c(ncn2)Cl)N)CO)O,C05181058,0,290.707,-0.5776999999999999,0
5156,Cn1c(=O)cc(nc1OC)N[C@H]2[C@H]([C@@H]([C@@H]([C@@H](O2)CO)O)O)O,C05759790,0,317.298,-2.999299999999997,0
5157,c1nc(c2c(n1)n(cn2)[C@H]3[C@@H]([C@@H]([C@@H](O3)COS(=O)(=O)N)O)O)N,C01720019,0,346.3250000000001,-2.7521999999999984,0
5158,c1cc(oc1)c2nnc(n2N)SCC(=O)NC(=O)N,C03351767,0,282.285,-0.4611,0
5159,c1ccc(c(c1)C(=O)N)NS(=O)(=O)c2c[nH]c(=O)[nH]c2=O,C04270318,0,310.29100000000005,-1.0371,0
5160,c1cnccc1/C=N/Nc2nc3c(ncnc3n2[C@@H]4[C@H]([C@H]([C@@H](O4)CO)O)O)N,C08636779,0,386.3720000000001,-1.139,0
5161,c1cc(c(cc1O)O)/C=N/NC(=O)Cn2nc(nn2)N,C02320720,0,277.24399999999997,-1.1832000000000007,0
5162,C1CC1NC(=O)C(=O)NNC(=O)CCCC[C@H]2[C@H]3[C@@H](CS2)NC(=O)N3,C09478347,0,369.447,-0.8617999999999983,0
5163,Cc1cccc(n1)/C=N/Nc2nc3c(ncnc3n2[C@@H]4[C@H]([C@@H]([C@@H](O4)CO)O)O)N,C09975195,0,400.3990000000001,-0.8305799999999997,0
5164,c1ccnc(c1)/C=N/Nc2nc3c(ncnc3n2[C@@H]4[C@H]([C@@H]([C@@H](O4)CO)O)O)N,C09975235,0,386.3720000000001,-1.139,0
5165,c1cnccc1/C=N/Nc2nc3c(ncnc3n2[C@@H]4[C@H]([C@@H]([C@H](O4)CO)O)O)N,C12660111,0,386.3720000000001,-1.139,0
5166,CCOc1c(c2c(ncnc2n1[C@H]3[C@H]([C@@H]([C@@H](O3)CO)O)O)N)C#N,C05389749,0,335.32000000000005,-1.10462,0
5167,c1cc(cc(c1)[N+](=O)[O-])N[C@@H]2[C@H]([C@H]([C@@H]([C@@H](O2)CO)O)O)O,C13424772,0,300.267,-1.1934,0
5168,c1cc(cc(c1)NC=C2C(=O)NC(=O)NC2=O)NC=C3C(=O)NC(=O)NC3=O,C03470684,0,384.3080000000001,-0.9898,0
5169,Cn1c(=O)cc(nc1OC)N[C@H]2[C@@H]([C@H]([C@@H]([C@H](O2)CO)O)O)O,C16952233,0,317.298,-2.999299999999997,0
5170,Cc1c2c([nH]n1)OC(=C([C@@H]2c3cc(c(c(c3)OC)CO)CO)C#N)N,C19893156,0,342.3550000000001,0.9294999999999998,0
5171,CC(C)c1nnc(o1)CN2CCN(CC2)C(=O)CSc3nnc(n3N)NN,C20922357,0,396.481,-0.7795999999999963,0
5172,CC(=O)OC[C@@H]1[C@H]([C@@H]([C@@H]([C@@H](O1)O[C@]2([C@H]([C@H]([C@H](O2)CO)O)O)CO)O)O)O,C22066577,0,384.33400000000006,-4.824799999999994,0
5173,c1ccc(cc1)/C=N/Nc2nc3c(=O)[nH]c(nc3n2[C@@H]4[C@@H]([C@@H]([C@@H](O4)CO)O)O)N,C33634387,0,401.3830000000001,-1.2406999999999986,0
5174,CN(C)c1nc(N(C)C)nc(-n2c(N)nc(O)c2C(N)=O)n1,C24979493,0,307.31800000000004,-1.4239999999999982,0
5175,CCn1c(=O)c2c(c(sc2n(c1=O)CC(=O)N)C(=O)NN)C,C34779497,0,325.35,-1.3581799999999997,0
5176,C1Cc2c(sc(c2C(=O)N)NC(=O)N3CCN(CC3)CC(=O)N)C1,C34785772,0,351.4320000000002,-0.029499999999999527,0
5177,CS(=O)(=O)NCCNC(=O)C(=O)NCC(=S)N,C35798382,0,282.34700000000004,-2.945899999999998,0
5178,C[C@H](c1cccc(c1)N)NS(=O)(=O)c2c[nH]c(=O)[nH]c2=O,C36233457,0,310.33500000000004,-0.31509999999999944,0
5179,Cn1cc(c(n1)N)S(=O)(=O)Nc2ccccc2C(=O)N,C37559552,0,295.32400000000007,-0.09800000000000042,0
5180,Cc1n[nH]c(C)c1NS(=O)(=O)c1ccnc(NN)c1,C38009090,0,282.329,0.5079399999999998,0
5181,C1CC(=O)N[C@@H]1C(=O)OC[C@H]2[C@@H]([C@@H]([C@@H]([C@@H](O2)O)O)O)O,C38656218,0,291.256,-3.391899999999997,0
5182,CCNS(=O)(=O)OC[C@H]1[C@@H]([C@@H]([C@@H](O1)n2cnc3c2ncnc3N)O)O,C38664777,0,374.37900000000013,-2.1013999999999973,0
5183,CN(C)CCCN[C@H]1N=C2C(=O)N=C([NH-])N=C2N1[C@@H]1O[C@@H](CO)[C@@H](O)[C@H]1O,C39939244,0,382.40100000000007,-2.6461999999999963,-1
5184,CCn1cc(c(n1)C(=O)N)Nc2c3c(ncn2)NCC(=O)N3,C41121512,0,302.29800000000006,-0.10049999999999998,0
5185,C[C@@]1(OC[C@H]2[C@@H](O1)[C@@H]([C@@H]([C@@H](O2)O[C@]3([C@@H]([C@@H]([C@@H](O3)CO)O)O)CO)O)O)OC,C44028877,0,398.36100000000005,-4.013299999999996,0
5186,Cc1c(cn[nH]1)CCCNc2c(n(c(=O)[nH]c2=O)C)N,C47852627,0,278.31600000000003,-0.26797999999999955,0
5187,COCCn1c(c(c(=O)[nH]c1=O)NCCOCCO)N,C47980226,0,288.304,-1.813999999999997,0
5188,CC(C)Cn1c(c(c(=O)[nH]c1=O)NCCOCCO)N,C47980231,0,286.33199999999994,-0.804399999999998,0
5189,c1cc(cnc1)/C=N/Nc2nc(c3c(n2)n(cn3)[C@@H]4[C@@H]([C@@H]([C@H](O4)CO)O)O)N,C49019916,0,386.3720000000001,-1.139,0
5190,c1ccnc(c1)/C=N/Nc2nc(c3c(n2)n(cn3)[C@@H]4[C@@H]([C@@H]([C@H](O4)CO)O)O)N,C49032363,0,386.3720000000001,-1.139,0
5191,Cn1c2c(c(=O)[nH]c1=O)n(c(n2)N/N=C/3\c4ccccc4NC3=O)C[C@@H](CO)O,C08926345,0,399.36700000000013,-1.4551999999999996,0
5192,C[C@H](c1nncn1C)Nc2ccc(cc2N)S(=O)(=O)N,C50417176,0,296.35600000000005,0.21780000000000022,0
5193,c1csc2n1c(c(n2)N)S(=O)(=O)NCCCS(=O)(=O)N,C50670957,0,339.4240000000001,-1.0650999999999995,0
5194,Cc1cc(n(n1)c2nnc(n2N)S[C@@H](C)C(=O)NC(=O)N)C,C18806007,0,324.3700000000001,-0.5300600000000004,0
5195,C[C@H](c1cccc(c1)S(=O)(=O)N)NC(=C2C(=O)NC(=S)NC2=O)C,C54505796,0,368.44,-0.21049999999999924,0
5196,c1csc2n1c(c(n2)N(CC(=O)N)CC(=O)N)CO,C61807977,0,283.313,-1.3348999999999998,0
5197,CC(=O)OC[C@@H]1[C@H]([C@@H]([C@@H]([C@@H](O1)O[C@@]2([C@@H]([C@@H]([C@@H](O2)CO)O)O)CO)O)O)O,C65748740,0,384.33400000000006,-4.824799999999994,0
5198,C1CC2(CCC1C(=O)NCC3(CCOCC3)C(=O)N)C(=O)NC(=O)N2,C67266978,0,352.39099999999996,-0.8468999999999969,0
5199,c1cn(nc1NC(=O)C2CCC3(CC2)C(=O)NC(=O)N3)CC(=O)N,C67269557,0,334.336,-0.9246999999999983,0
5200,c1cn(c(n1)[N+](=O)[O-])CC(=O)NC(CO)(CO)CO,C01574148,0,274.233,-2.376799999999999,0
5201,CC1(O[C@@H]2CO[C@@H]([C@@H]2O1)c3c(c(n[nH]3)C(=O)N)C(=O)NN)C,C04982952,0,311.298,-1.2964999999999989,0
5202,CNc1cn(c(=O)[nH]c1=O)[C@@H]2[C@H]([C@@H]([C@@H](O2)CO)O)O,C05052365,0,273.245,-2.810199999999998,0
5203,CNc1ccn(c(=O)n1)[C@H]2[C@H]([C@@H]([C@@H](O2)CO)O)O,C05461123,0,257.24600000000004,-2.1034999999999995,0
5204,COc1nc(=O)cc(n1[C@@H]2[C@H]([C@@H]([C@@H](O2)CO)O)O)N,C05812004,0,273.245,-2.554399999999998,0
5205,C1[C@@H](C=CS1(=O)=O)C([C@H]2CS(=O)(=O)C=C2)(C(=O)N)C(=O)N,C05185478,0,334.3750000000001,-1.9399999999999977,0
5206,c1nc2c(=O)[nH]c(nc2n1[C@@H]3C[C@H]([C@@H]3CO)CO)N,C06119307,0,265.27299999999997,-1.1364,0
5207,c1cnccc1/C=N/NC(=O)CNc2c(=O)[nH]c(=O)[nH]n2,C00056068,0,289.255,-1.5845999999999991,0
5208,Cc1cc(nc(n1)NNS(=O)(=O)C)NNS(=O)(=O)C,C03121506,0,310.3610000000001,-1.4627799999999993,0
5209,Cc1cc(c(c(=O)n1C[C@H]2CCCO2)C3(C(=O)NC(=O)NC3=O)O)O,C09694459,0,351.31500000000005,-1.4050799999999986,0
5210,COC(=O)/C=C/c1cn(c(=O)[nH]c1=O)[C@H]2[C@H]([C@H]([C@H](O2)CO)O)O,C12652056,0,328.2770000000001,-2.6656999999999975,0
5211,c1cn(c(=O)nc1NN)[C@@H]2[C@H]([C@@H]([C@H](O2)CO)O)O,C16546004,0,258.23400000000004,-2.859599999999998,0
5212,C[S@](=O)C[C@H]1[C@H]([C@@H]([C@@H](O1)n2c3c(c(ncn3)N)nn2)O)O,C17021501,0,314.327,-2.1987999999999976,0
5213,C1[C@H]([C@H](CS1(=O)=O)O)NN[C@@H]2CS(=O)(=O)C[C@@H]2O,C19170552,0,300.35800000000006,-3.603599999999996,0
5214,C[C@H](CNS(=O)(=O)NC)NS(=O)(=O)NC,C03106316,0,260.341,-2.5174999999999974,0
5215,c1cn(c(=O)nc1N)[C@H]2[C@H]([C@@H]([C@H](O2)CO)O)N=[N+]=[N-],C17261175,0,268.233,-1.245,0
5216,c1ccnc(c1)N[C@H]2[C@H]([C@@H]([C@@H]([C@@H](O2)CO)O)O)O,C35935887,0,256.258,-1.7066000000000003,0
5217,c1ccnc(c1)N[C@@H]2[C@@H]([C@@H]([C@@H]([C@@H](O2)CO)O)O)O,C35935889,0,256.258,-1.7066000000000003,0
5218,NC(=O)NC(=O)CN(CC(=O)O)[C@H]1CCS(=O)(=O)C1,C37594496,0,293.30100000000004,-2.2449999999999974,0
5219,c1cc2c(cc1F)c(c[nH]2)CCN3[C@@H](NC(=O)C=C3N)O,C39012047,0,290.298,0.3572999999999998,0
5220,CC1(C(=O)N(C(=O)N1)CC(=O)OCC(=O)NC(=O)N)C,C39210710,0,286.244,-1.9450999999999985,0
5221,c1c(ncc(=O)[nH]1)C(=O)N2CCC[C@@H](C2)CNS(=O)(=O)N,C40378414,0,315.355,-1.5847999999999978,0
5222,Cc1cc(n(n1)c2nnc(nn2)NC(CO)(CO)CO)C,C40457306,0,295.3030000000001,-1.8032599999999994,0
5223,Nc1[nH]ncc1S(=O)(=O)Nc1cccnc1-n1cncn1,C40495815,0,306.31100000000004,-0.23160000000000114,0
5224,c1cnccc1C(=O)NNc2c(c(ncn2)N(CC#N)CC#N)N,C40736751,0,323.32000000000005,0.06425999999999987,0
5225,C([C@@H]1[C@H]([C@@H]([C@H]([C@@H](O1)O)NC(=O)CBr)O)O)O,C41704725,0,300.10499999999996,-2.702599999999999,0
5226,C([C@@H]1[C@@H]([C@@H]([C@H]([C@@H](O1)O)NC(=O)CCl)O)O)O,C41738359,0,255.65399999999997,-2.8586999999999985,0
5227,C[C@@H](C(=O)N)[S@@](=O)c1[nH]c2cc(ccc2n1)N,C42196158,0,252.299,0.12649999999999972,0
5228,C[C@H](C(=O)NC)NS(=O)(=O)c1cn(nc1N)C,C42560659,0,261.307,-1.584899999999999,0
5229,Cc1nnc(n1N)SCCC(=O)NC(=O)NC,C44092243,0,258.30699999999996,-0.7618799999999994,0
5230,Cn1c(c(c(=O)[nH]c1=O)NCCOCCOC)N,C44317489,0,258.2779999999999,-1.2692999999999974,0
5231,C[C@@H](NS(=O)(=O)N(C)CCCN)c1nnn[nH]1,C44931532,0,263.32699999999994,-1.6242999999999972,0
5232,C[C@@]1(CCS(=O)(=O)C1)NC(=O)C(=O)NCC(=S)N,C44933122,0,293.37,-1.9178999999999977,0
5233,Cc1nc(on1)CNS(=O)(=O)c2cnc(nc2)NN,C45011917,0,285.289,-1.0678799999999993,0
5234,N[C@H](Cc1c[nH]cn1)c1nnc2c3[nH]cnc3ncn12,C45048994,0,269.272,-0.03380000000000066,0
5235,CS(=O)(=O)NCC(=O)NNC(=O)N[C@H]1CCS(=O)(=O)C1,C49034566,0,328.3720000000001,-2.9468999999999976,0
5236,CS(=O)(=O)NCCC(=O)NNC(=O)C(=O)NC1CC1,C49087544,0,292.3170000000001,-2.648299999999997,0
5237,Cn1cnc2c1c(=O)n(c(=O)n2C)C/C=N/N=C(N)N,C33961048,0,278.276,-2.3070999999999975,0
5238,c1cc(c[n+](c1)[O-])CO[C@H]2c3c([nH]cn3)N=C(N2)N,C27563754,0,260.257,-0.19209999999999983,0
5239,c1cc(ncc1NC(=O)c2nc([nH]n2)N)n3cncn3,C55165665,0,271.244,-0.3851000000000009,0
5240,c1ccn2c(c1)nnc2CNC(=O)c3nc([nH]n3)N,C55169181,0,258.245,-0.6404000000000007,0
5241,C1CS(=O)(=O)C[C@@H]1NC(=O)CNC(=O)c2[nH]c(=O)[nH]n2,C49347895,0,303.3,-2.868899999999999,0
5242,CC1=C([C@@H](C(=C(O1)N)C(=O)N)c2cccnc2)C(=O)N,C58949662,0,274.28000000000003,-0.38969999999999944,0
5243,CC1=C([C@H](C(=C(O1)N)C(=O)N)c2cccnc2)C(=O)N,C58949664,0,274.28000000000003,-0.38969999999999944,0
5244,CC1(C(=O)N(C(=O)N1)CC(=O)c2c(n(c(=O)[nH]c2=O)C3CC3)N)C,C60803068,0,335.32000000000016,-1.0331999999999992,0
5245,c1cn(nc1N)CC(=O)N(CC(=O)N)CC(=O)N,C61805573,0,254.24999999999994,-2.7354999999999983,0
5246,Cn1c2c(cn1)c(nc(n2)CN3C(=O)CNC3=O)NN,C63084212,0,276.25999999999993,-1.2992999999999988,0
5247,Cn1c2c(cn1)c(nc(n2)Cn3ccc(=O)[nH]c3=O)NN,C63084228,0,288.271,-1.452799999999998,0
5248,C[C@H](c1nncn1C)NC(=O)Nc2cnn(c2)CC(=O)N,C65496733,0,292.30300000000005,-0.6203999999999985,0
5249,C1CN(CCN1CCO)/C(=N\O)/c2c(non2)N,C13131038,0,256.266,-1.6024999999999978,0
5250,COc1ccc(cc1)Nc2c([nH]c(=O)n2N)O,C05586838,0,236.231,0.3479999999999999,0
5251,c1ccc(c(c1)C(=O)NN)S(=O)(=O)N,C03372954,0,215.23399999999995,-1.0624999999999991,0
5252,c1cc(oc1)C(=O)Nc2c([nH]c(=S)[nH]c2=O)N,C11919889,0,252.255,0.8599899999999998,0
5253,c1ccc(cc1)c2nc(c(nn2)N)NN,C14982143,0,202.22099999999998,0.4063999999999997,0
5254,c1ccc(cc1)n2c(c(cn2)C(=O)NN)N,C00156960,0,217.23199999999997,0.057999999999999774,0
5255,Cc1c(sc(n1)N)c2csc(n2)NN,C04245270,0,227.31800000000004,1.4428199999999998,0
5256,c1cc(oc1)CNc2nc(c(s2)N)C(=O)N,C20353154,0,238.272,1.0293,0
5257,N#CC1=C(N)N=C(S)[C@H](C(N)=O)[C@H]1c1cccs1,C22130303,0,278.362,0.9689799999999997,0
5258,N#CC1=C(N)N=C(S)[C@@H](C(N)=O)[C@@H]1c1cccs1,C22130306,0,278.362,0.9689799999999997,0
5259,CC(C)CCNc1c(c(=O)[nH]c(n1)N)NC=O,C16991595,0,239.27900000000002,0.3783999999999996,0
5260,CCC[C@@H](C)c1c([nH]c(nc1=O)N)N,C17039613,0,196.25399999999996,0.8378999999999999,0
5261,[H]/N=C(/N)\NNS(=O)(=O)c1ccc2ccccc2c1,C13808173,0,264.31,0.5161699999999998,0
5262,c1c2c(cc(c1N)N3CCC(CC3)C(=O)N)NC(=O)C2,C35345144,0,274.324,0.4650999999999998,0
5263,NNS(=O)(=O)c1cccc(S(N)(=O)=O)c1,C35431173,0,251.289,-1.5139999999999987,0
5264,c1cc(ccc1N)NCCS(=O)(=O)N,C36744682,0,215.278,-0.03080000000000005,0
5265,c1cc(c(cc1S(=O)(=O)N)N)NC2CC2,C36926792,0,227.28899999999996,0.49050000000000005,0
5266,c1cc(c(c(c1)Cl)SCCC(=O)NC(=O)N)N,C37195397,0,273.745,1.5992999999999997,0
5267,C[C@@H](c1ccc(cc1)N)Nc2c(=O)[nH]c(=O)[nH]n2,C37673372,0,247.258,0.2134999999999998,0
5268,Cc1c(cc(cn1)N)C(=O)NCCCC(=O)N,C38095276,0,236.27499999999998,-0.03247999999999951,0
5269,c1cc(cnc1)c2[nH]nc(n2)c3cc(cc(c3)N)N,C40169630,0,252.28099999999998,1.6980999999999995,0
5270,c1c(nc([nH]c1=O)Sc2ncc(cn2)N)N,C41027085,0,236.26,-0.12450000000000017,0
5271,c1cc(ccc1NCc2nc([nH]n2)N)O,C41050635,0,205.221,0.7045999999999994,0
5272,c1c(cc(cc1N)N)C(=O)O[C@@H]2CCCCNC2=O,C41094272,0,263.29699999999997,0.6764999999999997,0
5273,c1c(cnc(c1C(=O)N)OCCCO)N,C42139915,0,211.22099999999995,-0.47610000000000013,0
5274,Cc1c(c[nH]n1)CNc2c[nH]nc2N,C42358969,0,192.22600000000003,0.6355199999999999,0
5275,Cc1ccc(c(n1)N[C@H](C)C(=O)N)C(=S)N,C43396680,0,238.316,0.30992,0
5276,C1CCCC(CC1)(/C(=N/O)/N)C(=O)N,C44784585,0,199.254,0.5587000000000002,0
5277,[H]/N=C(\N)/N/C(=N\[H])/SCc1cncs1,C33373460,0,215.30700000000002,0.7941400000000001,0
5278,c1c(cn[nH]1)CNC(=O)C2(CCCCCC2)/C(=N\O)/N,C44791313,0,279.34399999999994,1.1128999999999993,0
5279,c1c(nc(nc1N)S[C@H]2CS(=O)(=O)C[C@H]2O)N,C48580608,0,276.343,-1.109,0
5280,COc1ccc(cc1O)/C=N/N=C(N)N,C33961036,0,208.22099999999998,0.008100000000000163,0
5281,c1c2c(cc(c1N)N[C@@H]3CCCNC3=O)NC(=O)CC2,C50397371,0,274.32400000000007,0.8439999999999998,0
5282,c1cc(nc(c1)NN)C(=O)N[C@@H]2CCCNC2=O,C51093993,0,249.27399999999997,-0.6244000000000003,0
5283,Cn1c(c(c(=O)[nH]c1=O)N[C@H]2CCCC[C@H]2O)N,C52005872,0,254.28999999999994,-0.6288,0
5284,C[C@H]1C[C@@H]1Nc2ccc(cc2N)S(=O)(=O)N,C52273798,0,241.31599999999997,0.7365000000000002,0
5285,C[C@@H]1C[C@@H]1Nc2cc(cc(c2)S(=O)(=O)N)N,C52274477,0,241.31599999999997,0.7365000000000002,0
5286,[H]/N=C(/N)\NC(=S)Nc1ccccn1,C26575829,0,195.25100000000003,0.26146999999999954,0
5287,C[C@H](c1ccc2c(c1)[nH]c(=O)[nH]2)N[C@H](C)C(=O)N,C35792799,0,248.286,0.3805999999999997,0
5288,c1cc(cc(c1)N)CNc2ccc(cc2)S(=O)(=O)N,C52925965,0,277.34900000000005,1.5283000000000002,0
5289,[H]/N=C(/N)\N/C(=N\[H])/N1CCCc2c1cccc2,C04628756,0,217.276,0.8570399999999996,0
5290,CC1CCC(CC1)CNC(=O)NNC(=O)N,C56818505,0,228.29600000000002,0.6952000000000005,0
5291,c1cc(c(nc1)Sc2[nH]c(=O)cc(n2)N)N,C41027073,0,235.272,0.4805,0
5292,C[C@H](N)[C@H](Sc1nc(N)cc(O)n1)c1ccccn1,C43345275,0,277.353,1.3399999999999999,0
5293,c1cc(c(c(c1)F)/C(=N\O)/N)NC(=O)c2cc[nH]n2,C62779664,0,263.232,0.8956,0
5294,c1cc2c(cc1N)c(c[nH]2)C(=O)NC3CCC(CC3)O,C62832280,0,273.33599999999996,1.7833999999999999,0
5295,Cc1c(c[nH]n1)CNC(=O)c2cc3cccc(c3[nH]2)N,C62833836,0,269.30800000000005,1.7116199999999995,0
5296,c1cc(c(cc1S(=O)(=O)N)N)NCc2ccsc2,C63152772,0,283.378,1.5898,0
5297,Cc1ccccc1C[C@@H]1S/C(=N/C(=N)N)NC1=O,C06072593,0,262.338,1.0185899999999999,0
5298,Cc1c(c(nc(n1)N)c2ccccc2Cl)C(=O)NN,C66134283,0,277.71500000000003,1.29112,0
5299,C[C@@]1(C=CC(=C([C@@H]1F)c2cccnc2C(=O)N)O)N,C67172012,0,263.27200000000005,1.0748999999999997,0
5300,NCCCCNc1ncnc2c1ncn2[C@H]1O[C@@H](CO)[C@@H](O)[C@@H]1O,C05022609,0,338.36800000000005,-1.4113999999999987,0
5301,NCCNc1ncnc2c1ncn2[C@H]1O[C@@H](CO)[C@@H](O)[C@@H]1O,C01733348,0,310.314,-2.191599999999999,0
5302,CNC(=S)NN[C@@]1([C@@H]([C@@H]([C@@H](O1)CO)O)O)CO,C05510501,0,267.307,-3.6135999999999977,0
5303,C1[C@H](O[C@H]([C@@H]([C@@H]1O)O)O[C@@H]2[C@@H](O[C@@H]([C@@H]([C@@H]2O)O)O)CO)CO,C06761072,0,326.2980000000001,-4.367999999999995,0
5304,C1[C@H]([C@@H]([C@@H](O[C@@H]1O)CO)O[C@@H]2[C@@H]([C@@H]([C@@H]([C@@H](O2)CO)O)O)O)O,C06761080,0,326.298,-4.367999999999997,0
5305,NCCNc1nc2c(N)ncnc2n1[C@H]1O[C@@H](CO)[C@@H](O)[C@@H]1O,C09886053,0,325.329,-2.6093999999999977,0
5306,C[C@]1([C@]([C@@]([C@@]([C@](O1)(C)O[C@@]2([C@@](O[C@H]([C@@]2(C)O)O)(C)CO)C)(C)O)(C)O)(C)O)CO,C09915783,0,424.4870000000002,-1.637299999999997,0
5307,CN1CCN(c2nc3c(=O)[nH]c(N)nc3n2[C@H]2O[C@@H](CO)[C@H](O)[C@@H]2O)CC1,C12340640,0,381.39300000000014,-2.934899999999997,0
5308,C([C@H]1[C@H]([C@@H]([C@@H]([C@@H](O1)S[C@H]2[C@H]([C@@H]([C@@H]([C@@H](O2)CO)O)O)O)O)O)O)O,C12504333,0,358.365,-4.6805999999999965,0
5309,CC(C)N1CCN(c2nc3c(=O)[nH]c(N)nc3n2[C@@H]2O[C@H](CO)[C@@H](O)[C@H]2O)CC1,C12655829,0,409.4470000000002,-2.1562999999999963,0
5310,C([C@H]1[C@H]([C@@H]([C@@H]([C@@H](O1)O)O[C@H]2[C@H]([C@@H]([C@@H]([C@@H](O2)CO)O)O)O)O)O)O,C12953183,0,342.297,-5.397199999999994,0
5311,C([C@H]1[C@@H]([C@@H]([C@H]([C@H](O1)O)O)O[C@@H]2[C@H]([C@H]([C@@H]([C@H](O2)CO)O)O)O)O)O,C13519113,0,342.297,-5.397199999999993,0
5312,C[C@@H]1C[C@H]([C@H]([C@H](O1)Nc2ccccc2N[C@H]3[C@H]([C@@H]([C@@H]([C@@H](O3)C)O)O)O)O)O,C14920801,0,384.4290000000001,-0.8053999999999994,0
5313,C([C@H]1[C@H]([C@H]([C@H]([C@@H](O1)O[C@@H]2[C@H](O[C@H]([C@@H]([C@@H]2O)O)O)CO)O)O)O)O,C15205799,0,342.297,-5.397199999999994,0
5314,C([C@@H]1[C@H]([C@H]([C@H]([C@@H](O1)OC[C@@H]2[C@H]([C@H]([C@H]([C@@H](O2)O)O)O)O)O)O)O)O,C15205906,0,342.297,-5.397199999999994,0
5315,c1(c(non1)NC(=O)NNC(=O)Nc2c(non2)N)N,C15230046,0,284.196,-1.5248000000000008,0
5316,CNC(=S)NN[C@]1([C@H]([C@@H]([C@H](O1)CO)O)O)CO,C16189341,0,267.307,-3.6135999999999977,0
5317,C=CCC[C@]1([C@@H]([C@H](O[C@H]([C@@H]1O)O[C@]2([C@H]([C@H]([C@@H](O2)CO)O)O)CO)CO)O)O,C16958844,0,396.38900000000007,-4.059199999999997,0
5318,N=C(NN)c1cn([C@H]2O[C@@H](CO)[C@H](O)[C@H]2O)c2ncnc(N)c12,C17020160,0,323.3130000000001,-2.5863299999999994,0
5319,c1nc(c2c(n1)[nH]c(n2)S[C@H]3[C@@H]([C@H]([C@@H]([C@H](O3)CO)O)O)O)N,C17020830,0,329.338,-2.1728999999999994,0
5320,CSc1nc(c2c(cc(=O)n(c2n1)[C@@H]3[C@H]([C@@H]([C@@H](O3)CO)O)O)C(=O)N)N,C01560459,0,383.3860000000002,-2.1939999999999986,0
5321,c1cc2c(cc1N)nc([nH]2)[C@H]([C@H](c3[nH]c4ccc(cc4n3)N)O)O,C20494044,0,324.3440000000001,1.3705999999999994,0
5322,C(C(=O)N)Sc1nnc(s1)NC(=O)CSc2nnc(n2N)NN,C20922797,0,376.4530000000001,-1.5627999999999993,0
5323,C[C@H]1[C@H]([C@@H]([C@@H]([C@@H](O1)O[C@@H]2[C@H]([C@H]([C@@H](O[C@H]2O)CO)O)O)O)O)O,C22059715,0,326.298,-4.369599999999997,0
5324,C1[C@H]([C@H]([C@@H]([C@@](O1)(CO)O)O)O)O[C@@H]2[C@@H]([C@H]([C@@H]([C@H](O2)CO)O)O)O,C25723168,0,342.2970000000001,-5.395599999999993,0
5325,C([C@H]1[C@H]([C@@H]([C@@H]([C@@H](O1)O)O[C@@H]2[C@@H]([C@@H]([C@@H]([C@@H](O2)O)O)O)O)O)O)O,C33739915,0,328.27000000000004,-5.439699999999994,0
5326,NN[C@H]1C=CN([C@@H]2O[C@@H](CO)[C@@H](O)[C@H]2O)C(=O)N1,C35024220,0,260.24999999999994,-3.2462999999999984,0
5327,c1cn2c(n1)[C@H]([C@@H]([C@@H]([C@@H]2CO)O[C@@H]3[C@@H]([C@@H]([C@@H]([C@@H](O3)CO)O)O)O)O)O,C35297447,0,362.33500000000004,-3.9904999999999973,0
5328,O=S(=O)(O)O[C@@H]1[C@H](O)[C@H](O[C@H]2[C@@H](O)[C@@H](O)[C@@H](O)O[C@H]2CO)O[C@H](CO)[C@H]1O,C35644850,0,422.36100000000016,-5.570099999999991,0
5329,N[C@@H]1NC(=O)c2nc(N3CCCCC3)n([C@H]3O[C@@H](CO)[C@@H](O)[C@H]3O)c2N1,C36281891,0,368.394,-2.1174999999999975,0
5330,C([C@@H]1[C@@H]([C@@H]([C@H]([C@@H](O1)O[C@@H]2[C@H](O[C@H]([C@@H]([C@H]2O)O)N=[N+]=[N-])CO)O)O)O)O,C36423964,0,367.3110000000001,-4.079199999999996,0
5331,NCCNC(=O)C(=O)NCCS(N)(=O)=O,C36744535,0,238.26899999999995,-3.533999999999998,0
5332,C([C@H]1[C@@H]([C@@H]([C@@H]([C@@H](O1)O[C@@H]2[C@@H](O[C@@H]([C@@H]([C@@H]2O)O)O)CO)O)O)O)O,C03830983,0,342.297,-5.397199999999994,0
5333,NCCNc1nc2c(N)ncnc2n1[C@@H]1O[C@@H]2CO[P@@](O)(=S)O[C@H]2[C@H]1O,C38580920,0,403.36100000000005,-1.330399999999999,0
5334,C([C@H]1[C@H]([C@H]([C@H]([C@H](O1)OC[C@@H]2[C@H]([C@@H]([C@H]([C@@H](O2)O)O)O)O)O)O)O)O,C38599973,0,342.297,-5.397199999999994,0
5335,NCCCCN[C@H]1N=C2C(=O)N=CN=C2N1[C@@H]1O[C@@H](CO)[C@@H](O)[C@H]1O,C39345076,0,354.3670000000001,-3.238899999999996,0
5336,O=[S@@](O)O[C@H]1N[C@H](CO)[C@H](O)[C@@H](O)[C@@H]1O,C39937111,0,243.237,-3.4873999999999996,0
5337,C([C@@H]1[C@H]([C@H]([C@@H]([C@H](O1)OC[C@@H]2[C@H]([C@@H]([C@@H]([C@@H](O2)O)O)O)O)O)O)O)O,C39937192,0,342.297,-5.397199999999994,0
5338,C([C@H]1[C@H]([C@H]([C@H]([C@H](O1)O[C@]2([C@H]([C@H]([C@H](O2)CO)O)O)CO)O)O)O)O,C39937440,0,342.297,-5.395599999999995,0
5339,c1n(c2c(=O)[nH]c(nc2[n+]1[C@@H]3[C@H]([C@@H]([C@@H](O3)CO)O)O)N)CCO,C17198104,0,328.3050000000001,-3.8018999999999967,1
5340,NNc1ncnc(N2CCN(CCO)CC2)c1N,C40734425,0,253.30999999999995,-1.5412999999999981,0
5341,C([C@@H]1[C@@H]([C@H]([C@H]([C@H](O1)OC[C@@H](COC[C@@H](CO)O)O)O)O)O)O,C43763992,0,328.31399999999996,-4.466399999999996,0
5342,C([C@@H]1[C@@H]([C@H]([C@H]([C@H](O1)OC[C@H](COC[C@@H](CO)O)O)O)O)O)O,C43763994,0,328.31399999999996,-4.466399999999996,0
5343,COC[C@@H]1[C@@H]([C@@H]([C@@H]([C@@H](O1)COC[C@@H]2[C@@H]([C@@H]([C@@H]([C@@H](O2)CO)O)O)O)O)O)O,C43889886,0,384.37800000000004,-4.658099999999993,0
5344,C([C@H]1[C@H]([C@H]([C@H]([C@H](O1)O[C@@]2([C@@H]([C@H]([C@@H](O2)CO)O)O)CO)O)O)O)O,C44028862,0,342.297,-5.395599999999995,0
5345,C([C@H]1[C@H]([C@H]([C@@H]([C@@H](O1)O[C@]2([C@H]([C@@H]([C@@H](O2)CO)O)O)CO)O)O)O)O,C44790312,0,342.297,-5.395599999999995,0
5346,c1cc(cc(c1)N[C@H]2[C@@H]([C@@H]([C@@H](O2)CO)O)O)N[C@@H]3[C@H]([C@@H]([C@H](O3)CO)O)O,C15885487,0,372.3740000000001,-2.6115999999999975,0
5347,C([C@@H]1[C@@H]([C@@H]([C@H]([C@@H](O1)OC[C@@H]2[C@H]([C@@H]([C@@H]([C@@H](O2)O)O)O)O)O)O)O)O,C38792148,0,342.297,-5.397199999999994,0
5348,C(CO)Nc1nc2c(=O)[nH]c(nc2n1[C@@H]3[C@@H]([C@@H]([C@@H](O3)CO)O)O)N,C59369428,0,342.3120000000001,-3.2824999999999975,0
5349,C([C@@H]1[C@H]([C@@H]([C@H]([C@H](O1)OC[C@H]2[C@H]([C@@H]([C@@](O2)(CO)O)O)O)O)O)O)O,C64219257,0,342.297,-5.395599999999994,0
5350,O=S(=O)(O)[C@@H](O)c1cccc(I)c1,C01885427,0,314.1,1.1699000000000002,0
5351,O=S(=O)(O)c1ccc(O)c(/C=N/c2ccccc2)c1,C02165028,0,277.301,2.389500000000001,0
5352,O=C(N[C@H](C(Cl)(Cl)Cl)S(=O)(=O)O)c1ccccc1,C02905507,0,332.59200000000004,2.0004999999999997,0
5353,CC(C)[C@@H](NC(=O)c1ccc(F)c(F)c1F)C(=O)O,C11889953,0,275.22599999999994,1.9429,0
5354,O=C(O)[C@@H]1C[C@H](O)CN1C(=O)c1c(F)cccc1Cl,C19275867,0,287.674,1.1390999999999998,0
5355,Cc1ccc(Cc2cncc(O)c2)cc1S(=O)(=O)O,C19774656,0,279.31700000000006,1.9331200000000002,0
5356,O=S(=O)(O)CCCNc1ccc(Br)cc1,C19788503,0,294.17,2.1388999999999996,0
5357,O=C(O)[C@H]1C[C@@H](O)CN1C(=O)c1cc2c(s1)CCCC2,C19835208,0,295.36000000000007,1.2869000000000002,0
5358,Cc1nc(C)c(C(=O)N[C@H](C(=O)O)C(C)(C)C)s1,C35389221,0,270.354,1.9890399999999995,0
5359,CCC[C@@](C)(NC(=O)c1cccc2cccnc12)C(=O)O,C36339131,0,286.331,2.6080000000000005,0
5360,C[C@@](NC(=O)c1cccc2cccnc12)(C(=O)O)C1CC1,C36980780,0,284.31500000000005,2.2179,0
5361,Cc1cc(S(=O)(=O)N[C@@](C)(C(=O)O)C2CC2)c(C)s1,C36983582,0,303.40500000000003,1.89654,0
5362,C[C@](NC(=O)c1cncc(Br)c1)(C(=O)O)C1CC1,C37365953,0,313.15100000000007,1.8272000000000002,0
5363,C[C@@](NS(=O)(=O)c1ccc2c(c1)CCC2)(C(=O)O)C1CC1,C37367437,0,309.38700000000006,1.7069,0
5364,O=C(O)CNS(=O)(=O)c1ccc(C(F)(F)F)cc1,C37406070,0,283.227,1.0683000000000002,0
5365,Cc1nc(C)c(C(=O)NC2(C(=O)O)CCCCC2)s1,C37409911,0,282.3649999999999,2.27724,0
5366,O=C(CSc1cccs1)NC1(C(=O)O)CCCC1,C37420043,0,285.39000000000004,2.3538000000000006,0
5367,CC(C)[C@@H](NC(=O)c1cccc2cccnc12)C(=O)O,C37433000,0,272.304,2.0738,0
5368,C[C@@](NC(=O)c1csc(-c2ccsc2)n1)(C(=O)O)C1CC1,C37456705,0,322.4110000000001,2.8547000000000002,0
5369,C[C@@](NC(=O)c1sccc1-n1cccc1)(C(=O)O)C1CC1,C37456903,0,304.3710000000001,2.5219000000000005,0
5370,CC(C)(NS(=O)(=O)c1ccc(Cl)c(Cl)c1)C(=O)O,C40910691,0,312.17400000000004,2.1348999999999996,0
5371,C[C@H]1CCC[C@](NC(=O)c2cccc(C#N)c2)(C(=O)O)C1,C41033893,0,286.331,2.32158,0
5372,Cc1ncsc1C(=O)N[C@]1(C(=O)O)CCC[C@H](C)C1,C41033940,0,282.365,2.2148200000000005,0
5373,C[C@@H]1CCC[C@](NC(=O)c2cccn2C2CC2)(C(=O)O)C1,C41034656,0,290.36300000000006,2.5863000000000005,0
5374,C[C@@H]1CCC[C@@](NS(=O)(=O)c2ccccc2F)(C(=O)O)C1,C41034908,0,315.3660000000001,2.1375,0
5375,C[C@@H]1CCCC[C@@]1(NC(=O)CC(F)(F)F)C(=O)O,C41037118,0,267.24699999999996,2.0885,0
5376,C[C@H]1CCCC[C@@]1(NC(=O)CSc1ccncc1)C(=O)O,C41037719,0,308.4030000000001,2.3234,0
5377,Cc1nc(C)c(C(=O)N[C@]2(C(=O)O)CCCC[C@@H]2C)s1,C41037924,0,296.39199999999994,2.5232400000000004,0
5378,O=C(O)[C@]1(Nc2ccc(OC(F)F)cc2)CCSC1,C41790612,0,289.303,2.6602000000000006,0
5379,O=C(N[C@@]1(C(=O)O)CCSC1)c1ccc2ccccc2n1,C43503468,0,302.355,1.9248999999999998,0
5380,O=C(COc1ccc(Cl)cc1)N[C@@]1(C(=O)O)CCSC1,C43503599,0,315.7780000000001,1.7953,0
5381,O=C(N[C@]1(C(=O)O)CCSC1)c1cc(F)cc(F)c1,C43503695,0,287.287,1.6549,0
5382,O=C(/C=C/c1ccc(Cl)cc1)N[C@]1(C(=O)O)CCSC1,C43503849,0,311.7900000000001,2.4297000000000004,0
5383,Cc1ccc(OCC(=O)N[C@]2(C(=O)O)CCSC2)c(C)c1,C43510678,0,309.38700000000006,1.7587399999999995,0
5384,CCn1cc(Cl)cc1C(=O)N[C@]1(C(=O)O)CCSC1,C43511038,0,302.783,1.8515,0
5385,CCc1ccc(S(=O)(=O)N[C@]2(C(=O)O)CCSC2)s1,C43511260,0,321.445,1.5491000000000001,0
5386,Cc1ccc(S(=O)(=O)N[C@]2(C(=O)O)CCSC2)c(Cl)c1,C43511280,0,335.83400000000006,1.8870200000000001,0
5387,Cc1ccc(S(=O)(=O)N[C@@]2(C(=O)O)CCSC2)c(Cl)c1,C43511281,0,335.83400000000006,1.8870200000000001,0
5388,O=C(O)[C@@]1(NS(=O)(=O)c2ccc(F)c(F)c2)CCSC1,C43511375,0,323.3420000000001,1.2033999999999996,0
5389,Cc1ccc(S(=O)(=O)N[C@]2(C(=O)O)CCSC2)cc1,C43511561,0,301.389,1.23362,0
5390,O=C(O)[C@@]1(NS(=O)(=O)c2ccc(Cl)cc2)CCSC1,C43511584,0,321.80700000000013,1.5785999999999998,0
5391,O=C(O)[C@@H]1CSCN1C(=O)[C@@H]1NCCc2ccccc21,C43595555,0,292.36,0.8594999999999997,0
5392,Cc1nc(S)sc1CC(=O)NCCC(=O)N(C)C,C48734773,0,287.40999999999997,0.8772199999999997,0
5393,O=C(N[C@@H](Cc1ccccc1F)C(=O)O)c1cccnc1,C49474501,0,288.27799999999996,1.6463999999999999,0
5394,O=C(O)[C@@]1(Nc2cc(F)cc(F)c2F)CCSC1,C61122869,0,277.267,2.4761000000000006,0
5395,O=C(NC1(C(=O)O)CCCC1)c1ccc2ncccc2c1,C61411638,0,284.315,2.362,0
5396,Cc1cccc2c1OC[C@@H](N1CSC[C@@H]1C(=O)O)[C@H]2O,C62171605,0,295.36,1.2489199999999998,0
5397,Cc1[nH]c2cc(F)c(F)cc2c(=O)c1CCC(=O)O,C62663613,0,267.23099999999994,2.1319199999999996,0
5398,O=C(O)[C@@]1(Nc2cccc(Br)c2)CCS(=O)(=O)C1,C62963104,0,334.1910000000001,1.5029,0
5399,O=C(O)[C@]1(Nc2ccc(Cl)cc2)CCS(=O)(=O)C1,C62963129,0,289.74000000000007,1.3938,0
5400,c1cnc2c(c1NN)cnn2[C@@H]3[C@H]([C@@H]([C@@H](O3)CO)O)O,C05208087,0,281.272,-1.6716,0
5401,c1cnc2c(c1NN)cnn2[C@H]3[C@H]([C@@H]([C@@H](O3)CO)O)O,C05208088,0,281.272,-1.6716,0
5402,c1c2c(ncnc2n(n1)[C@@H]3[C@H]([C@@H]([C@@H](O3)CO)O)O)NO,C05372410,0,283.244,-1.7610999999999994,0
5403,C([C@H]1[C@H]([C@@H]([C@@H](O1)[C@@H]2[C@@H](ON=C2C(=O)N)C(=O)N)O)O)O,C05495944,0,289.2439999999999,-4.1904999999999974,0
5404,c1cn2c(n1[C@H]3[C@H]([C@@H]([C@@H](O3)CO)O)O)c(cn2)C(=O)N,C05554438,0,282.25600000000003,-2.1537999999999986,0
5405,c1c([n+](c(s1)[C@H]2[C@H]([C@@H]([C@@H](O2)CO)O)O)[O-])C(=O)N,C05759551,0,276.27000000000004,-2.3655999999999984,0
5406,CN(C[C@@H]([C@@H]([C@@H]([C@@H](CO)O)O)O)O)c1ccnc2n1ncn2,C05913429,0,313.314,-3.003599999999998,0
5407,C(C(=O)NC(=O)N)Sc1nnc(n1N)C(F)(F)F,C06312119,0,284.223,-0.7023000000000006,0
5408,CC1(Cc2c(sc(c2C(=O)N)NC(=O)C(=O)NN)CO1)C,C06764369,0,312.3510000000001,-0.37329999999999885,0
5409,CNc1nc2c(=O)[nH]cnc2n1[C@@H]3[C@H]([C@@H]([C@H](O3)CO)O)O,C12082294,0,297.27099999999996,-2.2271999999999994,0
5410,c1nc(c2c(n1)n(cn2)[C@H]3[C@H]([C@@H]([C@@H](O3)CO)O)CO)N,C05594760,0,281.272,-1.7323999999999988,0
5411,c1nc(c2c(n1)n(cn2)[C@H]3[C@H]([C@@H]([C@@H](O3)CO)CO)O)N,C04830780,0,281.272,-1.7323999999999993,0
5412,c1cc(=O)oc2c1cc(c(c2)O[C@H]3[C@@H]([C@@H]([C@@H]([C@H](O3)CO)O)O)O)O,C15205811,0,340.284,-1.3227000000000002,0
5413,C(CC(CCc1nc([nH]n1)N)[N+](=O)[O-])c2nc([nH]n2)N,C16136299,0,281.28000000000003,-0.7020999999999982,0
5414,c1cn(c2c1c(ncn2)NN)[C@@H]3[C@@H]([C@H]([C@@H](O3)CO)O)O,C17020724,0,281.272,-1.6715999999999998,0
5415,CNc1c2c(c([nH]n2)[C@@H]3[C@@H]([C@@H]([C@@H](O3)CO)O)O)ncn1,C05502737,0,281.272,-1.4514,0
5416,c1nc(c2c(n1)n(cn2)[C@@H]3[C@H]([C@@H]([C@H](O3)CO)O)O)NO,C02048917,0,283.24399999999997,-1.7610999999999994,0
5417,CO[C@H]1[C@H]([C@@H]([C@@H]([C@@H](O1)CO)Sc2c(ccc(n2)CO)O)O)O,C27874708,0,333.3620000000001,-1.1744,0
5418,c1cc(c(c2c1ccc(=O)o2)O[C@H]3[C@@H]([C@H]([C@@H]([C@H](O3)CO)O)O)O)O,C31157928,0,340.284,-1.3226999999999998,0
5419,c1cc(ccc1CO)O[C@@H]2[C@H]([C@@H]([C@@H]([C@@H](O2)CO)O)O)O,C33745048,0,286.28,-1.6424000000000005,0
5420,C1CS(=O)(=O)C[C@@H]1NC(=S)Nc2nc([nH]n2)N,C05031975,0,276.34700000000004,-1.1395999999999988,0
5421,c1cc(c(cc1CCO[C@@H]2[C@H]([C@@H]([C@@H]([C@@H](O2)CO)O)O)O)O)O,C34165725,0,316.30600000000004,-1.5432000000000003,0
5422,Cn1c2c(c(=O)[nH]c1=O)[nH]c(n2)CSCC(=O)NN,C36075848,0,284.30099999999993,-1.826999999999999,0
5423,c1cc(cc(c1)S(=O)(=O)NCCS(=O)(=O)N)N,C36744629,0,279.343,-1.1643999999999988,0
5424,Cn1c(c(c(=O)[nH]c1=O)NCCNS(=O)(=O)C)N,C37501182,0,277.306,-2.383099999999998,0
5425,CCCn1c(c(c(=O)[nH]c1=O)NCCNS(=O)(=O)C)N,C37501184,0,305.36000000000007,-1.5100999999999971,0
5426,CS(=O)(=O)NCCNS(=O)(=O)c1c[nH]nc1N,C37559337,0,283.3350000000001,-2.1805999999999983,0
5427,c1cc(ccc1[C@H](CNS(=O)(=O)c2c[nH]nc2)O)N,C37744397,0,282.325,0.0038000000000000256,0
5428,c1cc(=O)oc2c1cc(c(c2)O)O[C@@H]3[C@@H]([C@H]([C@@H]([C@H](O3)CO)O)O)O,C00519548,0,340.2840000000001,-1.3227000000000004,0
5429,c1cc(=O)oc2c1cc(c(c2)O)O[C@@H]3[C@@H]([C@@H]([C@@H]([C@@H](O3)CO)O)O)O,C03894276,0,340.2840000000001,-1.3227000000000004,0
5430,CO[C@@H]1[C@@H]([C@@H](O[C@@H]1n2cnc3c2nc([nH]c3=O)N)CO)O,C08830753,0,297.271,-2.032599999999999,0
5431,CCCCn1c(c(c(=O)[nH]c1=O)NCc2nc[nH]n2)N,C37919952,0,279.30400000000003,-0.3508999999999995,0
5432,Cc1c(c[nH]n1)CNC(=O)[C@@H](CCSC)NC(=O)N,C38011818,0,285.37300000000005,0.1243200000000006,0
5433,Cc1c(c[nH]n1)CNC(=O)[C@H](CCSC)NC(=O)N,C38011819,0,285.37300000000005,0.1243200000000006,0
5434,Cn1c(c(c(=O)n(c1=O)C)C(=O)CSc2nc([nH]n2)N)N,C02662364,0,311.327,-1.6584999999999983,0
5435,c1c(cnc(c1S(=O)(=O)NCCS(=O)(=O)N)NN)Br,C41070098,0,374.24199999999996,-1.3034999999999988,0
5436,c1c(cnc(n1)NN)S(=O)(=O)N(CCO)CCO,C41071377,0,277.306,-2.262499999999998,0
5437,c1cc2c(cc1N)[nH]c(n2)S(=O)(=O)CC(=O)NC(=O)N,C42192742,0,297.29600000000005,-0.8862999999999999,0
5438,Cc1c(c(c(cn1)CO[C@H]2[C@@H]([C@H]([C@H]([C@@H](O2)CO)O)O)O)C=O)O,C44608678,0,329.30500000000006,-1.77538,0
5439,CO[C@H]1[C@H]([C@H](O[C@H]1n2cnc3c2nc([nH]c3=O)N)CO)O,C44699728,0,297.271,-2.032599999999999,0
5440,Cc1c(c(n(n1)CC(=O)NCCCS(=O)(=O)N)C)N,C45063731,0,289.36100000000005,-1.1230599999999977,0
5441,C1CC1NC(=O)C(=O)NNC(=O)CNC(=O)NC2CC2,C45064426,0,283.28800000000007,-2.1259999999999977,0
5442,c1cnc2c(c1NO)ncn2[C@@H]3[C@@H]([C@@H]([C@H](O3)CO)O)O,C48998415,0,282.25600000000003,-1.1561000000000001,0
5443,c1cnc(cn1)C(=O)NNC(=O)CCCCNC(=O)N,C49083227,0,280.28799999999995,-0.9237999999999991,0
5444,c1cc(c(nc1)NN)S(=O)(=O)N[C@@H]2CCCNC2=O,C50398157,0,285.329,-1.0758999999999994,0
5445,c1c(cnc(n1)N)S(=O)(=O)NCCS(=O)(=O)N,C50657267,0,281.319,-2.3743999999999987,0
5446,c1c(cnc(c1C(=O)NCC(=O)N)NN)Br,C51095856,0,288.10499999999996,-0.6551999999999993,0
5447,c1cc2c(cc1N)nc(n2CCCS(=O)(=O)N)CO,C53736898,0,284.341,-0.21060000000000018,0
5448,c1cc(=O)n(cc1N)CC(=O)NCCCS(=O)(=O)N,C61091903,0,288.329,-1.7746999999999975,0
5449,C1=CC(=C[C@@H]2C1=CC=N2)NC(=O)C[C@H]3N[C@@H](ON3)C(=O)N,C63808585,0,289.2950000000001,-1.4122999999999974,0
5450,CNc1nc2c(=O)[nH]cnc2n1[C@@H]3[C@H]([C@@H]([C@@H](O3)CO)O)O,C01238337,0,297.27099999999996,-2.2271999999999994,0
5451,CNc1nc2c(=O)[nH]cnc2n1[C@H]3[C@H]([C@@H]([C@@H](O3)CO)O)O,C04340304,0,297.27099999999996,-2.2271999999999994,0
5452,c1cnccc1[C@@H](c2c([nH]c(=S)[nH]c2=O)O)C3C(=O)NC(=S)NC3=O,C02239905,0,377.4070000000001,-0.18791000000000002,0
5453,c1c(c(=O)c2c(ncnc2n1[C@@H]3[C@H]([C@@H]([C@@H](O3)CO)O)O)N)C(=O)N,C01724865,0,337.2920000000001,-2.9158999999999984,0
5454,CNc1nc2c(ncnc2n1[C@@H]3[C@H]([C@@H]([C@@H](O3)CO)O)O)N,C04718459,0,296.28700000000003,-1.9382999999999986,0
5455,COc1c2c(nc(n1)N)nnn2[C@H]3[C@H]([C@@H]([C@@H](O3)CO)O)O,C01756780,0,298.259,-2.5763999999999987,0
5456,CSc1c2c(nc(n1)N)n(nn2)[C@H]3[C@H]([C@@H]([C@@H](O3)CO)O)O,C05352673,0,314.32700000000006,-1.8631000000000002,0
5457,C(CI)NC(=O)N[C@H]1[C@H]([C@@H]([C@@H](O[C@@H]1O)CO)O)O,C05412519,0,376.1470000000001,-2.479499999999999,0
5458,CO[C@@H]1[C@H]([C@@H]([C@@H](O1)CO)O)n2cnc3c2nc([nH]c3=O)N,C01559594,0,297.2710000000001,-2.0325999999999977,0
5459,c1c(c2c3ncnn3cnc2n1[C@H]4[C@H]([C@@H]([C@@H](O4)CO)O)O)C(=O)N,C05648266,0,334.2920000000001,-2.2105999999999995,0
5460,CNc1c2c([nH]c(=O)n1)n(cn2)[C@H]3[C@H]([C@@H]([C@@H](O3)CO)O)O,C05707095,0,297.271,-2.2271999999999994,0
5461,CO[C@@H]1[C@H](O[C@H]([C@@H]1O)n2cnc3c2nc([nH]c3=O)N)CO,C05998227,0,297.2710000000001,-2.0325999999999995,0
5462,c1cc(c(cc1S(=O)(=O)NN)S(=O)(=O)NN)Cl,C01724573,0,300.749,-1.3559999999999999,0
5463,c1cc(ccc1N)S(=O)(=O)N[C@H]2[C@H]([C@@H]([C@@H](O[C@@H]2O)CO)O)O,C04429547,0,334.3500000000001,-2.6529999999999987,0
5464,c1nc(c2c(c(n(c2n1)[C@H]3[C@H]([C@@H]([C@@H](O3)CO)O)O)Br)C(=O)N)N,C04824373,0,388.17800000000005,-1.5135999999999998,0
5465,c1nc2c(nc(nc2n1[C@H]3[C@H]([C@@H]([C@@H](O3)CO)O)O)C=O)N,C05487109,0,295.25500000000005,-2.1674999999999986,0
5466,c1nc(c2c(n1)n(cn2)[C@H]3[C@H]([C@@H]([C@@H](O3)CO)CCO)O)N,C04830793,0,295.299,-1.3422999999999996,0
5467,c1ccc2c(c1)C(=O)C(=C(C2=O)Cl)/N=C/[C@@H]([C@H]([C@@H]([C@@H](CO)O)O)O)O,C04864451,0,369.75700000000006,-0.9773000000000003,0
5468,c1cc(=O)oc2c1cc(c(c2)O[C@H]3[C@@H]([C@@H]([C@H]([C@H](O3)CO)O)O)O)O,C15206290,0,340.284,-1.3227000000000002,0
5469,COc1cc2ccc(=O)oc2c(c1O)O[C@H]3[C@H]([C@@H]([C@H]([C@H](O3)CO)O)O)O,C16215134,0,370.31000000000006,-1.3141,0
5470,c1[nH]c2c(n1)c(ncn2)S[C@H]3[C@H]([C@H]([C@@H]([C@@H](O3)CO)O)O)O,C17164703,0,314.32300000000004,-1.7551000000000003,0
5471,COc1c2c(nc(n1)N)n(cn2)[C@@H]3[C@H]([C@@H]([C@H](O3)CO)O)O,C01693850,0,297.271,-1.9714000000000003,0
5472,c1[nH]c2c(n1)ncnc2S[C@H]3[C@H]([C@@H]([C@@H]([C@@H](O3)CO)O)O)O,C05613352,0,314.32300000000004,-1.7551000000000003,0
5473,c1cc(cc(c1)N)CNS(=O)(=O)c2c[nH]c(=O)[nH]c2=O,C36233368,0,296.308,-0.8760999999999999,0
5474,c1cc(ccc1CNS(=O)(=O)c2c[nH]c(=O)[nH]c2=O)N,C36288626,0,296.30800000000005,-0.8760999999999985,0
5475,COc1c2c(nc(n1)N)n(cn2)[C@H]3[C@@H]([C@@H]([C@@H](O3)CO)O)O,C04758478,0,297.271,-1.9714000000000003,0
5476,Cn1c(c(c(=O)n(c1=O)C)C(=O)CSc2[nH]c(=O)cc(n2)N)N,C08685847,0,338.34900000000005,-1.693299999999999,0
5477,c1nc(c2c(n1)n(cn2)OC[C@H]3[C@H]([C@@H]([C@@H](O3)O)O)O)NO,C38653569,0,299.243,-2.5049999999999986,0
5478,COc1ccc(cc1)C2=N[C@H]3[C@@H]([C@@H]2c4c([nH]c(=O)[nH]c4=O)N)C(=O)NC(=O)N3,C39224087,0,384.35200000000015,-0.9777999999999984,0
5479,Cn1c(c(c(=O)[nH]c1=O)C(c2ccc(cc2)F)c3c(n(c(=O)[nH]c3=O)C)N)N,C40154804,0,388.35900000000015,-1.0556999999999983,0
5480,c1ccc(c(c1)NC(=O)c2c[nH]c(=O)[nH]c2=O)S(=O)(=O)N,C40380999,0,310.29100000000005,-1.037099999999999,0
5481,Cc1c(c(n(n1)C)C(=O)N)Nc2c3c(ncn2)NCC(=O)N3,C40714297,0,302.29800000000006,-0.2749799999999997,0
5482,COc1cc(ccc1O[C@H]2[C@@H]([C@H]([C@@H]([C@H](O2)CO)O)O)O)CO,C40880628,0,316.30600000000004,-1.6338,0
5483,c1cn(c(=O)c(c1CC(=O)N)F)[C@H]2[C@H]([C@@H]([C@H](O2)CO)O)O,C40951217,0,302.258,-2.373299999999999,0
5484,Cc1c(c(nn1C)C(=O)N)Nc2c3c(ncn2)NCC(=O)N3,C41121591,0,302.29800000000006,-0.2749799999999997,0
5485,c1c(cc(c(c1F)S(=O)(=O)CC(=O)NC(=O)N)F)N,C42193861,0,293.251,-0.4843999999999999,0
5486,c1cc(=O)oc2c1cc(c(c2)O)O[C@@H]3[C@H]([C@@H]([C@H]([C@H](O3)CO)O)O)O,C43465398,0,340.2840000000001,-1.3227000000000004,0
5487,COc1cc2ccc(=O)oc2c(c1O)O[C@@H]3[C@H]([C@@H]([C@H]([C@H](O3)CO)O)O)O,C43465401,0,370.31000000000006,-1.3141,0
5488,c1c(c(c(nc1N)SCCN2C(=O)CNC2=O)C#N)N,C45103534,0,292.324,-0.23841999999999997,0
5489,c1c(c(c(nc1N)SCC(=O)N2CCNC2=O)C#N)N,C48380213,0,292.324,-0.23841999999999997,0
5490,C1CS(=O)(=O)C[C@@H]1CC(=O)NNC(=O)CNC(=O)N,C48482503,0,292.31700000000006,-2.373099999999998,0
5491,c1cnc(c2c1n(cn2)[C@@H]3[C@@H]([C@@H]([C@H](O3)CO)O)O)NCCO,C48998105,0,310.31000000000006,-1.5530000000000006,0
5492,c1c(c2c(nc1[N+](=O)[O-])n(cn2)[C@H]3[C@@H]([C@@H]([C@H](O3)CO)O)O)N,C49110884,0,311.254,-1.4668000000000005,0
5493,C[C@@H](c1nncn1C)Nc2cc(cc(c2)S(=O)(=O)N)N,C50417283,0,296.35600000000005,0.21780000000000022,0
5494,c1cc(ccc1CNC(=O)Cn2ccc(n2)N)S(=O)(=O)N,C50466023,0,309.35100000000006,-0.5708999999999982,0
5495,c1cc(c(cc1[N+](=O)[O-])/C=N\[C@@H]2[C@@H]([C@@H]([C@@H](O[C@@H]2O)CO)O)O)O,C35185488,0,328.2770000000001,-1.4808000000000001,0
5496,c1c(nc([nH]c1=O)SCC(=O)c2c(n(c(=O)[nH]c2=O)C3CC3)N)N,C12745896,0,350.3600000000001,-0.9057999999999988,0
5497,c1cc(ccc1CCNC=C2C(=O)NC(=S)NC2=O)S(=O)(=O)N,C60862081,0,354.4130000000001,-1.119099999999998,0
5498,c1cc(ccc1CNC(=O)c2c(c[nH]n2)N)S(=O)(=O)N,C62810705,0,295.32400000000007,-0.4306999999999987,0
5499,c1ccc(cc1)C([C@@H]2C(=NC(=O)NC2=O)N)[C@@H]3C(=NC(=O)NC3=O)N,C63197168,0,342.31500000000005,-0.7833999999999988,0
5500,c1nc(c2c(n1)n(cn2)[C@H]3[C@@H]([C@@H]([C@H](O3)CO)O)O)N[C@H]4CCC[C@@H]4O,C03794575,0,351.3630000000001,-1.2368999999999999,0
5501,c1ccnc(c1)CC(=O)c2ccc(cc2O)O[C@H]3[C@H]([C@@H]([C@@H]([C@@H](O3)CO)O)O)O,C04116104,0,391.3760000000001,-0.6087000000000002,0
5502,c1nc(c2c(n1)n(cn2)[C@H]3[C@H]([C@@H]([C@H](O3)CO)O)O)N[C@H]4CCC[C@@H]4O,C03996025,0,351.3630000000001,-1.2368999999999999,0
5503,CN(C)c1nc2c(ncnc2n1[C@@H]3[C@H]([C@@H]([C@H](O3)CO)O)O)N,C00074885,0,310.314,-1.9139999999999984,0
5504,CN(C)c1nc2c(ncnc2n1[C@H]3[C@H]([C@@H]([C@@H](O3)CO)O)O)N,C04718464,0,310.314,-1.9139999999999984,0
5505,CC1CCN(CC1)c2nc3c(=O)[nH]c(nc3n2[C@@H]4[C@@H]([C@@H]([C@@H](O4)CO)O)O)N,C05222700,0,380.40500000000014,-1.4503999999999975,0
5506,CC1CCN(CC1)c2nc3c(=O)[nH]c(nc3n2[C@H]4[C@@H]([C@@H]([C@@H](O4)CO)O)O)N,C05222711,0,380.40500000000014,-1.4503999999999975,0
5507,CC1CCN(CC1)c2nc3c(=O)[nH]c(nc3n2[C@@H]4[C@H]([C@@H]([C@@H](O4)CO)O)O)N,C05222723,0,380.40500000000014,-1.4503999999999975,0
5508,c1[nH]c2c(n1)c(ncn2)S[C@@H]3[C@@H]([C@@H]([C@@H]([C@@H](O3)CO)O)O)O,C05613346,0,314.32300000000004,-1.7551000000000003,0
5509,Cn1c(=O)c(c(nc1OC)N[C@@H]2[C@H]([C@@H]([C@@H]([C@@H](O2)CO)O)O)O)C(=O)CCl,C05760149,0,393.7800000000001,-2.577799999999998,0
5510,c1c(c(cc(c1S(=O)(=O)N)Cl)O)C(=O)CS(=O)(=O)N,C01579055,0,328.75500000000005,-0.8357999999999999,0
5511,c1ccc2c(c1)/C(=N\NC(=S)NC=C3C(=O)NC(=O)NC3=O)/C(=O)N2,C08665294,0,358.3390000000001,-0.9431999999999994,0
5512,c1cc(ccc1n2c(nnn2)SCc3nc(nc(n3)N)N)O,C09377600,0,317.338,0.00959999999999922,0
5513,CSc1nc(c2cnn(c2n1)[C@@H]3[C@H]([C@@H]([C@@H](O3)CO)O)O)N,C05550564,0,313.339,-1.2581000000000007,0
5514,c1cc(=O)oc2c1cc(c(c2)O)O[C@H]3[C@H]([C@@H]([C@@H]([C@H](O3)CO)O)O)O,C13424698,0,340.2840000000001,-1.3227000000000004,0
5515,c1ccc2c(c1)[nH]c(n2)C3=C(N(CC3=O)/N=C/c4ccc(c(c4)O)O)N,C13718966,0,349.3500000000001,1.5201999999999993,0
5516,c1cnccc1[C@H](c2c([nH]c(=S)[nH]c2=O)O)C3C(=O)NC(=S)NC3=O,C13739586,0,377.4070000000001,-0.18791000000000002,0
5517,c1ccc(cc1)C(=C2C(=O)NC(=O)NC2=O)NNC(=S)N,C13957101,0,305.3190000000001,-0.8984999999999994,0
5518,C[C@@]1(C(=O)N(C(=O)N1)Cc2nc(nc(n2)N)N)c3ccc(cc3)F,C14137270,0,331.31100000000004,0.14229999999999993,0
5519,c1nc(c2c(n1)n(cn2)[C@@H]3[C@H]([C@@H]([C@H](O3)CO)O)O)NCCO,C14451066,0,311.29800000000006,-2.157999999999998,0
5520,CN(C)c1nc2c(=O)[nH]c(nc2n1[C@@H]3[C@H]([C@@H]([C@@H](O3)CO)O)O)N,C15225670,0,326.3130000000001,-2.620699999999998,0
5521,c1[nH]c2c(n1)c(ncn2)S[C@@H]3[C@H]([C@H]([C@@H]([C@H](O3)CO)O)O)O,C17164713,0,314.32300000000004,-1.7551000000000003,0
5522,c1c(c2c(ncnc2n1[C@@H]3[C@H]([C@@H]([C@@H](O3)CO)O)O)NO)Br,C17419753,0,361.152,-0.3935999999999999,0
5523,c1cc(ncc1Br)N[C@@H]2[C@H]([C@H]([C@@H]([C@@H](O2)CO)O)O)O,C15083039,0,335.15400000000005,-0.9441000000000004,0
5524,c1cc(ncc1Br)N[C@@H]2[C@H]([C@H]([C@@H]([C@H](O2)CO)O)O)O,C15083041,0,335.15400000000005,-0.9441000000000004,0
5525,c1ccc2c(c1)nc(s2)[C@@H](C#N)C3=C(CC(=C(N3)N)C(=O)N)C#N,C15223058,0,336.3800000000001,1.3300599999999996,0
5526,CSc1[nH]c(=O)c(c(n1)N[C@H]2[C@H]([C@@H]([C@@H](CO2)O)O)O)Br,C08652679,0,368.209,-0.8948,0
5527,CSc1[nH]c(=O)c(c(n1)N[C@H]2[C@H]([C@@H]([C@@H]([C@@H](O2)CO)O)O)O)Cl,C08652714,0,353.784,-1.643,0
5528,c1cc2c(cc1O)c(c[nH]2)CCNC=C3C(=O)NC(=O)NC3=O,C35183012,0,314.301,0.2554999999999998,0
5529,C/C(=C\CNc1c2c(ncn1)n(cn2)[C@H]3[C@@H]([C@@H]([C@H](O3)CO)O)O)/CO,C04521935,0,351.3630000000001,-1.2117,0
5530,c1cc(ccc1[C@@H](C#N)O[C@H]2[C@@H]([C@H]([C@@H]([C@H](O2)CO)O)O)O)O,C04096638,0,311.29,-1.2266200000000007,0
5531,CC1CCN(CC1)c2nc3c(=O)[nH]c(nc3n2[C@H]4[C@@H]([C@@H]([C@H](O4)CO)O)O)N,C08740170,0,380.40500000000014,-1.4503999999999975,0
5532,c1ccc2c(c1)/C(=N/N=C/3\NC(=O)[C@@H](S3)CC(=O)NC(=O)N)/C(=O)N2,C39881909,0,360.3550000000001,-0.4845999999999994,0
5533,C\1CSC(=S)N/C1=N\N=C\2/NC(=O)[C@H](S2)CC(=O)NC(=O)N,C39886305,0,360.44600000000014,-0.5160999999999998,0
5534,c1cc(c(cc1/C=C(\C#N)/C(=O)NC(CO)(CO)CO)O)O,C41697863,0,308.28999999999996,-1.1633200000000006,0
5535,c1cc2c(cc1F)[nH]cc2O[C@H]3[C@@H]([C@H]([C@H]([C@@H](O3)CO)O)O)O,C44168664,0,313.281,-0.5143000000000004,0
5536,C#CCO[C@@H]1[C@H](O[C@H]([C@@H]1O)n2cnc3c2nc([nH]c3=O)N)CO,C44170760,0,321.2930000000001,-2.0291999999999994,0
5537,c1ccc2c(c1)C(=NS2(=O)=O)NCCC(=O)NCc3ccc(cc3)NC(=O)N,C45818697,0,401.44800000000015,0.9222000000000001,0
5538,CNC(=O)NNS(=O)(=O)c1ccc(cc1F)S(=O)(=O)N,C48961916,0,326.3310000000001,-1.404599999999999,0
5539,COc1c(c2ccc(=O)oc2c(c1O[C@H]3[C@@H]([C@H]([C@@H]([C@H](O3)CO)O)O)O)OC)O,C49180912,0,400.3360000000001,-1.305500000000001,0
5540,C#CCNC(=O)CCNC(=O)NNC(=O)c1cc(c[nH]1)Br,C50136539,0,356.18,-0.13930000000000015,0
5541,c1cc(c(cc1S(=O)(=O)N)N)NC[C@H]2CCS(=O)(=O)C2,C50602171,0,319.408,-0.23719999999999986,0
5542,c1cc(ccc1CNC(=O)c2ccc(nn2)N)S(=O)(=O)N,C50695197,0,307.33500000000004,-0.3637999999999996,0
5543,c1c(cc(cc1Sc2c3c(nc[nH]3)ncn2)S(=O)(=O)N)N,C51021882,0,322.3750000000001,0.7337000000000002,0
5544,c1cc(nc(c1)NN)C(=O)Nc2ccc(cc2)S(=O)(=O)N,C51088695,0,307.3350000000001,0.2669,0
5545,Nc1cc(S(=O)(=O)Nc2ccc(S(N)(=O)=O)cc2)ccn1,C50631933,0,328.37500000000006,0.11199999999999993,0
5546,COCc1c2c(n[nH]1)OC(=C([C@H]2c3ccc(c(c3)OC)OCC(=O)N)C#N)N,C04452935,0,385.3800000000002,0.6469800000000001,0
5547,c1[nH]c(=S)c2c(n1)n(cn2)[C@H]3[C@H]([C@@H]([C@@H](O3)COC(=O)N)O)O,C17377250,0,327.32200000000006,-0.79661,0
5548,c1c(cc(cc1Sc2n[nH]c(=O)n2C3CC3)S(=O)(=O)N)N,C61593999,0,327.3910000000001,0.2870999999999999,0
5549,C1C(=O)N/C(=N\N=C\2/NC(=O)[C@@H](S2)CC(=O)NC(=O)N)/S1,C13135556,0,330.35100000000006,-1.7069999999999999,0
5550,c1cc(c(cc1O)O)/C=N/NC(=O)CCc2c(=O)[nH]c(=O)[nH]n2,C01800927,0,319.27699999999993,-1.0477000000000007,0
5551,CC(C)CNc1nc2c(ncnc2n1[C@@H]3[C@H]([C@H]([C@@H](O3)CO)O)O)N,C04334886,0,338.3680000000001,-0.912099999999999,0
5552,c1cc2c(c(c1)Cl)c(c[nH]2)O[C@H]3[C@@H]([C@@H]([C@@H]([C@@H](O3)CO)O)O)O,C04536566,0,329.73600000000005,-5.551115123125783e-16,0
5553,COc1cc(cc(c1OC)OC)[C@@H]2c3c(nc(nc3NC=C2C#N)N)N,C01608244,0,354.37000000000006,1.6316799999999994,0
5554,Cc1cccc(n1)CSc2c3c(nc(n2)N)n(cn3)[C@H]4[C@H]([C@@H]([C@@H](O4)CO)O)O,C04705723,0,404.4520000000001,0.015720000000000067,0
5555,CC(C)CSc1c2c(nc(n1)N)n(cn2)[C@@H]3[C@H]([C@@H]([C@@H](O3)CO)O)O,C04720766,0,355.4200000000001,-0.23190000000000027,0
5556,c1cc(ccc1N[C@@H]2[C@H]([C@@H]([C@@H]([C@@H](O2)CO)O)O)O)OC(F)(F)F,C04185265,0,339.266,-0.20300000000000057,0
5557,c1nc2c(n1[C@@H]3[C@H]([C@@H]([C@@H](O3)CO)O)O)nc(nc2N4CCCCC4)N,C05395604,0,350.3790000000002,-0.9896999999999985,0
5558,Cc1cccc(c1NC(=O)C(=O)Nn2c(=O)c3ccccc3nc2NN)C,C01630185,0,366.3810000000001,1.0077399999999996,0
5559,c1cc(ccc1N[C@H]2[C@H]([C@@H]([C@H]([C@@H](O2)CO)O)O)O)OC(F)(F)F,C01069888,0,339.266,-0.20300000000000057,0
5560,CC1(Cc2c(sc(c2C(=O)N)NC(=O)C(=O)NCCO)CO1)C,C06661330,0,341.3890000000002,-0.2546999999999997,0
5561,C1CCc2c(c(c(s2)NC(=O)NCCOCCO)C(=O)N)C1,C06757367,0,327.40600000000006,0.8561999999999999,0
5562,c1cc2c(cc1Cl)[nH]cc2O[C@@H]3[C@H]([C@@H]([C@@H]([C@@H](O3)CO)O)O)O,C08379743,0,329.73600000000005,-9.992007221626409e-16,0
5563,c1cc2c(cc1Cl)[nH]cc2O[C@H]3[C@H]([C@@H]([C@@H]([C@@H](O3)CO)O)O)O,C02583760,0,329.73600000000005,-9.992007221626409e-16,0
5564,Cc1nnc(n1N)SCC(=O)Nc2c(c3c(s2)CCCC3)C(=O)N,C11236378,0,366.4720000000002,1.0703200000000004,0
5565,COc1ccc(cc1)c2c(c3c([nH]2)[nH]c(=O)[nH]c3=O)c4c([nH]c(=O)[nH]c4=O)N,C12370955,0,382.3360000000001,-0.15409999999999935,0
5566,c1nc(c2c(n1)n(c(n2)N3CCCCC3)[C@@H]4[C@H]([C@@H]([C@@H](O4)CO)O)O)N,C05337346,0,350.379,-0.9896999999999987,0
5567,c1cc(cc(c1)S(=O)(=O)N)NS(=O)(=O)c2ccc(cc2)N,C13800424,0,327.38700000000006,0.7170000000000001,0
5568,COc1cc2ccc(=O)oc2c(c1O)O[C@H]3[C@H]([C@@H]([C@H]([C@@H](O3)CO)O)O)O,C16215132,0,370.31000000000006,-1.3141,0
5569,CSc1nc2c(c(n1)O)ncn2[C@@H]3[C@H]([C@@H]([C@H]([C@@H](O3)CO)O)O)O,C16953143,0,344.3490000000001,-1.7738000000000003,0
5570,CSc1[nH]c(=O)c(c(n1)N[C@@H]2[C@H]([C@@H]([C@@H]([C@@H](O2)CO)O)O)O)C=O,C17175491,0,347.34900000000005,-2.4838999999999993,0
5571,c1ccc2c(c1)[nH]c(n2)[C@@H](C([C@H](c3[nH]c4ccccc4n3)O)O)O,C33373507,0,324.3400000000001,1.5670999999999995,0
5572,c1ccc2c(c1)[nH]c(n2)[C@H](C([C@@H](c3[nH]c4ccccc4n3)O)O)O,C33373509,0,324.3400000000001,1.5670999999999995,0
5573,c1ccc2c(c1)c(nc(n2)Cl)N[C@@H]3[C@H]([C@H]([C@H](O[C@@H]3O)CO)O)O,C34758456,0,341.7510000000001,-0.5050000000000003,0
5574,Cc1cc2cc-3c(=O)[nH]c(=O)nc3n(c2cc1N(C)C)C[C@H]([C@@H]([C@@H](CO)O)O)O,C35050965,0,404.4230000000001,-1.3609799999999992,0
5575,Cc1cc2cc-3c(=O)[nH]c(=O)nc3n(c2cc1N(C)C)C[C@H]([C@H]([C@@H](CO)O)O)O,C35050969,0,404.4230000000001,-1.3609799999999992,0
5576,c1cc(cc(c1)S(=O)(=O)Nc2ccc(cc2)N)S(=O)(=O)N,C36283885,0,327.38700000000006,0.7169999999999999,0
5577,CC(=CC[C@H](/C(=C/CO[C@H]1[C@@H]([C@@H]([C@@H]([C@@H](O1)CO)O)O)O)/C)O)C,C39351838,0,332.3930000000001,-0.5335999999999999,0
5578,c1cc2c(cc1N)S[C@@H](N2)NC(=O)CCSc3[nH]ncn3,C39567582,0,322.41900000000004,1.4867,0
5579,COc1ccc(cc1OC)C2=NN[C@@]3(C2)C(=O)NC(=NN3)c4ccccc4N,C40158687,0,380.4080000000001,0.7609000000000001,0
5580,Cc1cc(no1)Nc2c(c(ncn2)NNC(=O)c3cccnc3)N,C40681065,0,326.32000000000005,1.2507199999999992,0
5581,Cc1cccc(n1)Nc2c(c(ncn2)NNC(=O)c3ccccn3)N,C40685670,0,336.3590000000001,1.6577199999999994,0
5582,CS(=O)(=O)NCCNS(=O)(=O)c1cc(cnc1NN)Br,C41070096,0,388.26900000000006,-1.0427999999999984,0
5583,Cc1c(c[nH]n1)CNS(=O)(=O)c2cc(cnc2NN)Br,C42356774,0,361.22499999999997,0.6397199999999998,0
5584,c1cc2c(cc1NC(=O)CNC(=O)Nc3nncs3)[nH]c(=O)[nH]2,C43127902,0,333.333,0.46789999999999954,0
5585,CCc1cc2c(cc1Cl)nc-3c(=O)[nH]c(=O)nc3n2C[C@@H]([C@@H]([C@@H](CO)O)O)O,C43763774,0,410.81400000000014,-1.1245999999999998,0
5586,c1cc(c(cc1S(=O)(=O)NCCCS(=O)(=O)N)N)Cl,C45067987,0,327.81500000000005,-0.12089999999999945,0
5587,c1cc(c(cc1Cl)S(=O)(=O)NCCCS(=O)(=O)N)N,C45068209,0,327.81500000000005,-0.12090000000000034,0
5588,c1c(c(cc(c1S(=O)(=O)NCCCS(=O)(=O)N)Cl)F)N,C45068260,0,345.805,0.018200000000000383,0
5589,[H]/N=C/1\C(=N/NC(=S)N)\C(=N/NC(=S)N)\[C@@H](O1)c2cccc(c2)[N+](=O)[O-],C48547822,0,380.41500000000013,0.021769999999999845,0
5590,CNC(=O)NNC(=O)c1cc(ccc1Br)S(=O)(=O)N,C48950437,0,351.1820000000001,-0.32970000000000005,0
5591,COc1cc(cc(c1O)OC)CO[C@@H]2[C@H]([C@@H]([C@@H]([C@@H](O2)CO)O)O)O,C49176734,0,346.33200000000005,-1.2740999999999998,0
5592,c1c(cnc(c1S(=O)(=O)NCCCS(=O)(=O)N)N)Br,C50670962,0,373.254,-0.6167999999999998,0
5593,c1csc2n1c(c(n2)NN)S(=O)(=O)N[C@@H]3CCCC[C@@H]3O,C52010931,0,331.4230000000002,0.26319999999999905,0
5594,c1csc2n1c(c(n2)NN)S(=O)(=O)N[C@@H]3CCCC[C@H]3O,C52010937,0,331.4230000000002,0.26319999999999905,0
5595,C/N=C(/NCc1cccc(n1)c2csc(n2)N=C(N)N)\NC#N,C13600823,0,329.3930000000001,0.2560800000000001,0
5596,c1csc(c1C(=O)N)NC(=O)CCSc2ncc(c(n2)N)C#N,C54441053,0,348.41300000000007,1.2117799999999999,0
5597,c1cc(cc(c1)[N+](=O)[O-])/C=N/Nc2nnc(n2N)SCC(=O)N,C20291830,0,336.3370000000001,-0.0764999999999999,0
5598,COC(=O)[C@H]1[C@@H](SC(=C1CSc2nc([nH]n2)N)C(=O)OC)N,C39945656,0,345.4060000000001,-0.2730999999999998,0
5599,C[C@H]([C@H]1[C@@H]([C@@](ON1)(Nc2c(cc(cn2)C(F)(F)F)Cl)O)O)O,C64220223,0,343.689,0.4568999999999997,0
5600,c1c2c(c(=S)[nH]c1N)ncn2[C@H]3[C@@H]([C@@H]([C@H](O3)CO)O)O,C03775763,0,298.324,-0.71241,0
5601,COc1c(cc2c(c1O)[C@H]3[C@H]([C@H]([C@@H]([C@@H](O3)CO)O)O)OC2=O)O,C04104806,0,328.2730000000001,-1.2006000000000006,0
5602,COc1nc(c2c(n1)n(cn2)[C@H]3[C@H]([C@@H]([C@@H](O3)CO)O)O)N,C04522668,0,297.2710000000001,-1.9713999999999987,0
5603,c1c(c2c(ncnc2n1[C@@H]3[C@H]([C@@H]([C@@H](O3)CO)O)O)N)C#N,C01691662,0,291.26700000000005,-1.5033200000000004,0
5604,c1nc(c2c(nn(c2n1)[C@@H]3[C@H]([C@@H]([C@@H](O3)CO)O)O)C#N)N,C04963167,0,292.25500000000005,-2.108319999999999,0
5605,C1[C@H]([C@H]([C@@H]([C@@H]1n2c3c(c(nc(n3)N)Cl)nn2)O)O)CO,C04984390,0,300.706,-1.2680000000000002,0
5606,Cn1c(=O)c2c(nc1N)n(cn2)[C@H]3[C@@H]([C@@H]([C@H](O3)CO)O)O,C05344125,0,297.271,-2.6762999999999986,0
5607,Cn1c2c(c(=O)[nH]c1=O)[C@](C(=O)N2)(C(F)(F)F)NS(=O)(=O)c3ccc(cc3)N,C02884531,0,419.34100000000007,-0.6559999999999997,0
5608,COc1c(cc2c(c1O)[C@@H]3[C@@H]([C@@H]([C@H]([C@H](O3)CO)O)O)OC2=O)O,C11615942,0,328.2730000000001,-1.2006000000000006,0
5609,C([C@@H]1[C@@H]([C@@H]([C@H](O1)n2c3c(c(=O)[nH]c(n3)N)nc2Br)O)O)O,C12378692,0,362.14000000000004,-1.9242,0
5610,c1nc2c(n1[C@@H]3[C@H]([C@@H]([C@@H](O3)CO)O)O)C(=O)NCC(=O)N2,C05647636,0,298.255,-2.8234999999999992,0
5611,c1nc2c(n1[C@@H]3[C@H]([C@@H]([C@@H](O3)CO)O)O)NC(=O)CNC2=O,C05647637,0,298.255,-2.8234999999999992,0
5612,COc1nc2c(ncnc2n1[C@H]3[C@H]([C@@H]([C@@H](O3)CO)O)O)N,C04823105,0,297.271,-1.9713999999999987,0
5613,Cn1c2c(ncnc2n(c1=O)[C@H]3[C@H]([C@@H]([C@@H](O3)CO)O)O)N,C04830737,0,297.271,-2.676299999999998,0
5614,c1c(c2c(ncnc2n1[C@H]3[C@H]([C@@H]([C@H](O3)CO)O)O)N)C#N,C13523581,0,291.26700000000005,-1.5033200000000004,0
5615,c1nc2c(=O)[nH]c(nc2n1[C@@H]3[C@H]([C@@H]([C@H](O3)CN=[N+]=[N-])O)O)N,C13783884,0,308.25800000000004,-1.3687,0
5616,C([C@H]1[C@H]([C@@H]([C@H](O1)n2c3c(c(=O)[nH]c(=O)[nH]3)nc2Br)O)O)O,C13783897,0,363.124,-2.2131,0
5617,C([C@@H]1[C@H]([C@@H]([C@H](O1)n2c3c(c(=O)[nH]c(=O)[nH]3)nc2Br)O)O)O,C13783898,0,363.124,-2.2131,0
5618,c1nc2c(n1[C@@H]3[C@H]([C@@H]([C@H](O3)CO)O)O)nc(nc2Br)N,C17002114,0,346.14099999999996,-1.2175000000000005,0
5619,c1c(c2c(ncnc2n1[C@@H]3[C@@H]([C@H]([C@@H](O3)CO)O)O)N)C#N,C03653422,0,291.26700000000005,-1.5033200000000004,0
5620,c1nc(c2c(nn(c2n1)[C@@H]3[C@@H]([C@H]([C@@H](O3)CO)O)O)C#N)N,C17027522,0,292.25500000000005,-2.108319999999999,0
5621,c1c(=S)c2c([nH]c1N)n(cn2)[C@H]3[C@H]([C@@H]([C@@H](O3)CO)O)O,C04772079,0,298.324,-0.71241,0
5622,c1nc(c2c(n1)n(c(=O)[nH]2)[C@@H]3[C@H]([C@@H]([C@@H](O3)CO)O)N=[N+]=[N-])N,C17108203,0,308.25800000000004,-1.368700000000001,0
5623,CN1C(=O)[C@H](C(=NC1=O)O)/C=N/[C@H]2[C@H]([C@@H]([C@@H](O[C@H]2O)CO)O)O,C17206267,0,331.28100000000006,-2.978199999999998,0
5624,c1c(c2c(ncnc2n1[C@H]3[C@@H]([C@H]([C@H](O3)CO)O)O)N)C#N,C26731591,0,291.26700000000005,-1.5033200000000004,0
5625,CS(=O)(=O)c1nc(c2c(n1)nn(n2)[C@H]3[C@H]([C@@H]([C@@H](O3)CO)O)O)N,C17128341,0,346.32500000000016,-3.1814999999999984,0
5626,Cn1c2c(nc(n(c2=O)C)N)n(c1=O)[C@@H]3[C@H]([C@@H]([C@@H](O3)CO)O)O,C16928989,0,327.2970000000001,-3.372599999999997,0
5627,c1csc2c1c(nc(=O)n2[C@H]3[C@H]([C@@H]([C@@H](O3)CO)O)O)N,C17046325,0,299.30800000000005,-1.3483000000000005,0
5628,c1c(c2c(n1[C@H]3[C@H]([C@@H]([C@H](O3)CO)O)O)c(=O)[nH]nc2N)Br,C17196559,0,361.152,-1.3191999999999997,0
5629,c1c(c2c(n1[C@@H]3[C@H]([C@@H]([C@H](O3)CO)O)O)c(=O)[nH]nc2N)Br,C17196561,0,361.152,-1.3191999999999997,0
5630,c1nc(c2c(n1)n(c(=S)[nH]2)[C@@H]3[C@H]([C@@H]([C@@H](O3)CO)O)O)N,C04823535,0,299.312,-1.3174100000000004,0
5631,C1=C([C@@H](NC(=O)N1[C@@H]2[C@@H]([C@@H]([C@@H](O2)CO)O)O)N)Br,C33727943,0,324.131,-2.028299999999999,0
5632,C1=C([C@H](NC(=O)N1[C@@H]2[C@@H]([C@@H]([C@@H](O2)CO)O)O)N)Br,C33727944,0,324.131,-2.028299999999999,0
5633,C1=C([C@H](NC(=O)N1[C@H]2[C@@H]([C@@H]([C@@H](O2)CO)O)O)N)Br,C33727946,0,324.131,-2.028299999999999,0
5634,c1ccc2c(c1)cnn3c2nnc3[C@H]([C@H]([C@@H]([C@@H](CO)O)O)O)O,C35644440,0,320.305,-1.6141000000000008,0
5635,c1[nH]c(=O)c2c(n1)n(c(=S)[nH]2)[C@@H]3[C@@H]([C@@H]([C@@H](O3)CO)O)O,C09209174,0,300.296,-1.6063100000000003,0
5636,COc1c(cc2c(c1O)[C@H]3[C@@H]([C@H]([C@H]([C@@H](O3)CO)O)O)OC2=O)O,C02048952,0,328.2730000000001,-1.2006000000000006,0
5637,CN1c2c3c(cn(c3ncn2)[C@H]4[C@H]([C@H]([C@H](O4)CO)O)O)C(=N1)N,C13783254,0,320.3090000000001,-1.887099999999999,0
5638,C([C@@H]1[C@H]([C@@H]([C@@H](O1)n2c3c(c(=O)[nH]c(n3)N)nc2Br)O)O)O,C04012915,0,362.14000000000004,-1.9242,0
5639,COc1c(cc2c(c1O)[C@H]3[C@H]([C@@H]([C@@H]([C@@H](O3)CO)O)O)OC2=O)O,C03871711,0,328.2730000000001,-1.2006000000000006,0
5640,c1cc2c(cc1C3=N[C@@H]4[C@@H]([C@@H]3c5c([nH]c(=O)[nH]c5=O)N)C(=O)NC(=O)N4)OCCO2,C39224549,0,412.3620000000002,-1.2152000000000003,0
5641,C1N=C2C(=NC(=NC2=S)N)N1[C@@H]3[C@@H]([C@@H]([C@@H](O3)CO)O)O,C39321770,0,299.312,-2.806299999999998,0
5642,c1cc(c2c(c1)n(nn2)[C@H]3[C@@H]([C@@H]([C@@H]([C@@H](O3)CO)O)O)O)N,C03998852,0,296.283,-2.0140999999999996,0
5643,CC(C)N1CCN([C@H]2N=C3C(=O)N=C([NH-])N=C3N2[C@H]2O[C@@H](CO)[C@@H](O)[C@H]2O)CC1,C39776657,0,408.4390000000002,-2.1614999999999958,-1
5644,C=CCO[C@@H]1[C@H](O[C@H]([C@@H]1O)n2cnc3c2nc([nH]c3=O)N)CO,C44166978,0,323.3090000000001,-1.4763999999999982,0
5645,COc1c(cc2c(c1O)[C@@H]3[C@H]([C@H]([C@@H]([C@@H](O3)CO)O)O)OC2=O)O,C44559979,0,328.2730000000001,-1.2006000000000006,0
5646,c1[nH]c(=O)c2c(n1)n(c(=S)[nH]2)[C@H]3[C@@H]([C@@H]([C@H](O3)CO)O)O,C05807388,0,300.296,-1.6063100000000003,0
5647,c1nc2c(=S)[nH]c(nc2n1[C@H]3C=C[C@@H]([C@@H](O3)CO)O)N,C16918355,0,295.324,-0.12211000000000038,0
5648,c1cc2c(cc1C3=N[C@H]4[C@H]([C@@H]3[C@@H]5C(=NC(=O)NC5=O)N)C(=O)NC(=O)N4)OCCO2,C63529385,0,412.3620000000002,-1.1183999999999994,0
5649,c1cc(sc1)C2=N[C@@H]3[C@@H]([C@@H]2[C@@H]4C(=NC(=O)NC4=O)N)[C@@H](NC(=O)N3)O,C64480247,0,362.37100000000004,-1.0362999999999989,0
5650,c1nc2c(n1[C@H]3[C@H]([C@@H]([C@@H](O3)CO)O)O)nc(nc2I)N,C04758488,0,393.14099999999996,-1.3754000000000002,0
5651,c1ccc(cc1)c2c(c(n(c(=S)c2C#N)[C@@H]3[C@H]([C@@H]([C@@H](CO3)O)O)O)N)C#N,C05540623,0,384.41700000000014,0.8216500000000009,0
5652,c1c(c(nc(=O)n1[C@H]2[C@@H]([C@@H]([C@H](O2)CO)O)O)N)I,C06091152,0,369.115,-1.9583999999999997,0
5653,c1c(c(nc(=O)n1[C@H]2[C@H]([C@@H]([C@H](O2)CO)O)O)N)I,C06091164,0,369.115,-1.9583999999999997,0
5654,c1cc(=O)oc2c1cc(c(c2)O)O[C@@H]3[C@@H]([C@@H]([C@@H]([C@@H](O3)O)O)O)O,C12428361,0,326.25700000000006,-1.3652000000000009,0
5655,c1cc(=O)oc2c1cc(c(c2)O)O[C@H]3[C@H]([C@@H]([C@@H]([C@@H](O3)O)O)O)O,C12428364,0,326.25700000000006,-1.3652000000000009,0
5656,c1c(c(nc(=O)n1[C@H]2[C@H]([C@@H]([C@H](O2)CO)O)O)N)Br,C13425162,0,322.115,-1.800499999999999,0
5657,c1cc2c(c(c1)O)C(=O)c3c(cc(cc3O)CO)[C@@H]2O[C@H]4[C@H]([C@H]([C@@H]([C@@H](O4)CO)O)O)O,C13783526,0,434.3970000000001,-0.9596000000000005,0
5658,c1c(c2c(ncnc2n1[C@@H]3[C@H]([C@@H]([C@H](O3)CO)O)O)N)I,C13783923,0,392.153,-0.7704000000000004,0
5659,c1cc(ccc1[C@H]2CC(=O)c3c(cc(cc3O[C@H]4[C@H]([C@H]([C@@H]([C@@H](O4)CO)O)O)O)O)O2)O,C14806656,0,434.3970000000001,-0.017000000000000015,0
5660,c1cc(ccc1[C@H]2CC(=O)c3c(cc(cc3O[C@@H]4[C@H]([C@H]([C@@H]([C@@H](O4)CO)O)O)O)O)O2)O,C14806662,0,434.3970000000001,-0.017000000000000015,0
5661,c1cc2c(c(c1)O)C(=O)c3c(cc(cc3O)CO)[C@@H]2O[C@@H]4[C@H]([C@H]([C@@H]([C@@H](O4)CO)O)O)O,C14984476,0,434.3970000000001,-0.9596000000000005,0
5662,c1cc2c(c(c1)O)C(=O)c3c(cc(cc3O)CO)[C@@H]2O[C@@H]4[C@H]([C@H]([C@@H]([C@H](O4)CO)O)O)O,C14984478,0,434.3970000000001,-0.9596000000000005,0
5663,c1cc(c(cc1c2c(c(=O)c3c(cc(cc3o2)O)O)O[C@@H]4[C@@H]([C@H]([C@H](CO4)O)O)O)O)O,C15657718,0,434.3530000000001,0.10020000000000018,0
5664,Cc1c(=O)n(c2c(n1)c(=O)[nH]c(n2)N)[C@H]3C[C@H]([C@H](O3)CO)O,C22062892,0,309.2820000000001,-1.9888799999999993,0
5665,Cn1c(=S)c2c(nc1N)n(cn2)[C@H]3[C@H]([C@H]([C@H](O3)CO)O)O,C22063756,0,313.33900000000006,-1.3070099999999998,0
5666,Cn1c(=S)c2c(nc1N)n(cn2)[C@H]3[C@@H]([C@H]([C@H](O3)CO)O)O,C22063759,0,313.33900000000006,-1.3070099999999998,0
5667,c1cc(c(cc1c2c(c(=O)c3c(cc(cc3o2)O)O)O[C@H]4[C@@H]([C@H]([C@@H](CO4)O)O)O)O)O,C25763680,0,434.3530000000001,0.10020000000000018,0
5668,Cn1c(=O)c2c(nc1N)n(c(=O)[nH]2)[C@@H]3[C@H]([C@@H]([C@@H](O3)CO)O)O,C16919964,0,313.2700000000001,-3.3829999999999987,0
5669,Cn1c2c(nc(n(c2=O)C)N)n(c1=O)[C@@H]3[C@H]([C@@H]([C@H](O3)CO)O)O,C17027349,0,327.2970000000001,-3.372599999999997,0
5670,c1c2c3c(ncnc3n(c2[nH]c(=O)n1)[C@@H]4[C@H]([C@@H]([C@@H](O4)CO)O)O)N,C17120425,0,334.2920000000001,-2.1384999999999996,0
5671,c1c(c2c(n1[C@@H]3[C@H]([C@@H]([C@@H](O3)CO)O)O)c(=O)[nH]nc2N)I,C17196548,0,408.152,-1.4771,0
5672,Cn1c2c(c(=O)n(c1=O)C)n(c(n2)N)[C@@H]3[C@H]([C@@H]([C@@H](O3)CO)O)O,C17257120,0,327.2970000000001,-3.372599999999997,0
5673,c1cc(ccc1c2c(cc3c(cc(cc3[o+]2)O)O)O[C@H]4[C@@H]([C@@H]([C@@H]([C@@H](O4)CO)O)O)O)O,C35051232,0,433.38900000000007,0.6763999999999997,1
5674,c1cc(ccc1c2c(cc3c(cc(cc3[o+]2)O)O)O[C@H]4[C@H]([C@@H]([C@@H]([C@@H](O4)CO)O)O)O)O,C35051236,0,433.38900000000007,0.6763999999999997,1
5675,c1cc(ccc1[C@@H]2CC(=O)c3c(cc(c(c3O)[C@@H]4[C@@H]([C@@H]([C@@H]([C@@H](O4)CO)O)O)O)O)O2)O,C35271788,0,434.3970000000001,0.024800000000000266,0
5676,c1cc(ccc1O)O[C@H]2[C@@H]([C@H]([C@@H]([C@H](O2)CO)O)OC(=O)/C=C/C3(C=CC(=O)C=C3)O)O,C36375376,0,434.3970000000001,-0.8958000000000006,0
5677,c1cc2c(c(c1)O)C(=O)c3c(cc(cc3O)CO)[C@@H]2O[C@H]4[C@@H]([C@@H]([C@@H]([C@@H](O4)CO)O)O)O,C03871476,0,434.3970000000001,-0.9596000000000005,0
5678,c1c(c2c(ncnc2n1[C@H]3[C@@H]([C@@H]([C@@H](O3)CO)O)O)N)I,C03871140,0,392.153,-0.7704000000000004,0
5679,Cc1cc(=O)[nH]c(n1)Sc2cc(cc(c2)S(=O)(=O)N)N,C37934352,0,312.3760000000001,0.45912,0
5680,COc1cc(cc(c1O)O)c2c(cc3c(cc(cc3[o+]2)O)O)O,C03954302,0,317.273,2.9175000000000018,1
5681,C([C@@H]1[C@H]([C@H]([C@@H](O1)n2c3c(c(=O)[nH]c(n3)N)nc2Cl)O)O)O,C33902774,0,317.689,-2.0332999999999997,0
5682,c1cc(ccc1C2=N[C@@H]3[C@@H]([C@@H]2c4c([nH]c(=O)[nH]c4=O)N)C(=O)NC(=O)N3)Cl,C39224095,0,388.7710000000001,-0.33300000000000013,0
5683,c1cc(ccc1C2=N[C@@H]3[C@H]([C@@H]2c4c([nH]c(=O)[nH]c4=O)N)C(=O)NC(=O)N3)Cl,C39224100,0,388.7710000000001,-0.33300000000000013,0
5684,c1cc(ccc1C2=N[C@@H]3[C@@H]([C@@H]2c4c([nH]c(=O)[nH]c4=O)N)C(=O)NC(=O)N3)C(F)(F)F,C39224148,0,422.32300000000004,0.032399999999999485,0
5685,c1cc(ccc1C2=N[C@H]3[C@H]([C@@H]2c4c([nH]c(=O)[nH]c4=O)N)C(=O)NC(=O)N3)C(F)(F)F,C39224157,0,422.32300000000004,0.032399999999999485,0
5686,c1cc(c(cc1[C@H]2C(=O)c3ccc(c(c3O2)O)O[C@@H]4[C@@H]([C@@H]([C@H]([C@@H](O4)CO)O)O)O)O)O,C43465455,0,436.3690000000001,-0.7015000000000007,0
5687,C[C@]1(CC(=O)[C@H]2[C@]([C@H]1CO)([C@H](CCC2(C)C)O[C@H]3[C@@H]([C@H]([C@@H]([C@H](O3)CO)O)O)O)C)O,C43509694,0,432.5100000000001,-1.0536999999999983,0
5688,Cn1c(=S)c2c(nc1N)n(cn2)[C@H]3[C@@H]([C@@H]([C@H](O3)CO)O)O,C44021552,0,313.33900000000006,-1.3070099999999998,0
5689,c1cn(c(=O)c(c1N)Br)[C@H]2[C@@H]([C@@H]([C@H](O2)CO)O)O,C49017946,0,321.12700000000007,-1.1955,0
5690,COc1ccc(cc1)[C@H]2C(=C(NC(=C2C#N)S[C@H]3[C@@H]([C@H]([C@H]([C@H](O3)O)O)O)O)N)C#N,C49046531,0,432.4580000000001,-0.6983400000000006,0
5691,COc1ccc(cc1)c2c(c(nc(c2C#N)S[C@H]3[C@@H]([C@H]([C@H]([C@H](O3)O)O)O)O)N)C#N,C49068048,0,430.44200000000006,-0.06774000000000024,0
5692,CC(=C[C@@]1([C@@H](C([C@@H](C(C1=O)(C)C)O)(C)C)O[C@H]2[C@@H]([C@H]([C@@H]([C@H](O2)CO)O)O)O)O)C,C49180885,0,418.4830000000001,-1.1351999999999984,0
5693,CC(=C[C@@]1([C@H](C([C@@H](C(C1=O)(C)C)O)(C)C)O[C@H]2[C@@H]([C@H]([C@@H]([C@H](O2)CO)O)O)O)O)C,C49180891,0,418.4830000000001,-1.1351999999999984,0
5694,COc1ccc(cc1)[C@@H]2C(=C(NC(=C2C#N)S[C@H]3[C@@H]([C@H]([C@@H]([C@H](O3)O)O)O)O)N)C#N,C49793829,0,432.4580000000001,-0.6983400000000006,0
5695,C[C@@H]1c2cccc(O)c2CC2=C(O)[C@]3(O)C(=O)C(C(N)=O)=C(O)[C@@H](N(C)C)[C@@H]3[C@H](O)[C@H]21,C49946775,0,430.4570000000001,0.01220000000000071,0
5696,c1c(c(nc(=O)n1[C@H]2[C@H]([C@@H]([C@@H](O2)CO)O)O)N)I,C17044138,0,369.115,-1.9583999999999997,0
5697,Cc1ccc(s1)c2c(c3c([nH]2)[nH]c(=O)[nH]c3=O)c4c([nH]c(=O)[nH]c4=O)N,C09047571,0,372.36600000000016,0.20721999999999996,0
5698,C([C@@H]1[C@@H]([C@@H]([C@@H](O1)n2c3c(c(=O)[nH]c(n3)N)sc2=O)O)O)O,C22066935,0,316.295,-2.6599999999999997,0
5699,c1cc2c(c(c1)O)C(=O)c3c(cc(cc3O)CO)[C@@H]2O[C@H]4[C@@H]([C@@H]([C@H]([C@H](O4)CO)O)O)O,C66322924,0,434.3970000000001,-0.9596000000000005,0
5700,c1nc2c(n1[C@@H]3C[C@@H]([C@@H](C3)O)CO)nc(nc2Cl)N,C05372681,0,283.719,0.36619999999999997,0
5701,COc1cc(c(c(c1)OC)[C@@H]2[C@H]([C@@H]([C@@H](O2)CO)O)O)CO,C01629843,0,300.307,-0.6498999999999999,0
5702,c1cc(n(c1)c2ccc(cc2)S(=O)(=O)N)/C=C(/C#N)\C(=O)N,C00108618,0,316.34200000000004,0.51698,0
5703,c1cc(ccc1S(=O)(=O)N2C[C@@H](C[C@@H]2C(=O)NN)O)Cl,C06052040,0,319.77,-0.5461999999999994,0
5704,C[C@@H](CN1CC2=C(C1=O)[C@@H](NC(=O)N2)c3ccc(cc3)O)O,C08878064,0,303.31800000000004,0.22319999999999984,0
5705,c1ccc2c(c1)c(=O)[nH]c(n2)C3=C(N(CC3=O)c4ccc(cc4)O)N,C11904246,0,334.33500000000004,1.3452999999999997,0
5706,CSC[C@H]1[C@@H]([C@@H]([C@@H](O1)n2ccc3c2ncnc3N)O)O,C05487638,0,296.35200000000003,-0.0042999999999999705,0
5707,c1cc(cc(c1)O)[C@H]2c3c(c(=O)cc(o3)CO)OC(=C2C#N)N,C13724829,0,312.281,1.0558799999999995,0
5708,c1nc2c(n1[C@@H]3C[C@@H]([C@H](C3)O)CO)nc(nc2Cl)N,C01562550,0,283.719,0.36619999999999997,0
5709,CCN1CCC2(CC1)C(C#N)=C(N)NC(S)=C2C#N,C19817768,0,275.38100000000003,1.05056,0
5710,c1cc(cc(c1)S(=O)(=O)N)NC(=O)c2ccc(=O)[nH]c2,C20298941,0,293.304,0.27459999999999984,0
5711,Cc1ncc2c(c1O)[C@H](c1c(O)[nH]c(=S)[nH]c1=O)OC2,C08575497,0,293.3040000000001,1.1667099999999997,0
5712,COc1ccc(cc1N)S(=O)(=O)N2CCC[C@@H](C2)C(=O)N,C20556351,0,313.3790000000001,0.16340000000000054,0
5713,c1cc(c(cc1S(=O)(=O)N)N)N2CCS(=O)(=O)CC2,C36161247,0,305.3810000000001,-0.8489999999999993,0
5714,N[C@H]1CC[C@@H]2CN(C(=O)c3cc(=O)[nH]c(O)n3)C[C@@H]2C1,C36262169,0,278.312,-0.32509999999999994,0
5715,N[C@@H]1CC[C@@H]2CN(C(=O)c3cc(=O)[nH]c(O)n3)C[C@@H]2C1,C36262172,0,278.312,-0.32509999999999994,0
5716,CNC(=O)c1cc(cn1C)S(=O)(=O)Nc2ccc(cc2)N,C36283904,0,308.36300000000006,0.7676999999999998,0
5717,c1c(c(cc2c1OCC(=O)N2)NC(=O)[C@H]3CCCO3)N,C36738622,0,277.28000000000003,0.7171999999999998,0
5718,c1cc2c(cc1[C@@H](C(C(F)(F)F)(F)F)N)[nH]c(=O)c(=O)[nH]2,C37034529,0,309.19399999999996,1.413799999999999,0
5719,c1cc(c(cc1N)S(=O)(=O)N2CCC[C@@H](C2)C(=O)N)F,C37052615,0,301.34299999999996,0.29389999999999994,0
5720,c1csc2n1c(c(n2)NN)S(=O)(=O)NC3CC3,C37471361,0,273.3430000000001,0.12209999999999949,0
5721,c1cc(ccc1CN(CC(=O)N)c2cc(ccn2)C#N)N,C37672413,0,281.319,1.0273800000000002,0
5722,c1c2c(cc(c1Cl)S(=O)(=O)N)S(=O)(=O)NCN2,C00896569,0,297.745,-0.3513000000000001,0
5723,c1c(c(cc2c1NCNS2(=O)=O)S(=O)(=O)N)C(F)(F)F,C00897225,0,331.29699999999997,0.014100000000000168,0
5724,CC(C)N1CCC2(CC1)C(C#N)=C(N)NC(S)=C2C#N,C20458796,0,289.4080000000001,1.43906,0
5725,c1cc2c(cc1F)[C@@]3(C[C@H](O2)C(=O)N)C(=O)NC(=O)N3,C03789766,0,279.227,-0.5032000000000001,0
5726,CN(c1cc(cc(c1)S(=O)(=O)N)N)[C@H]2CCS(=O)(=O)C2,C37934306,0,319.408,-0.4604999999999986,0
5727,c1cc(ccc1N)NC(=S)N[C@@H]2CS(=O)(=O)C=C2,C40166782,0,283.37800000000004,0.8659000000000003,0
5728,Cn1cc(cn1)CNc2cc3c(cc2N)OCC(=O)N3,C41158768,0,273.296,0.9453,0
5729,C[C@@H](C(=O)NC(=O)NC)[S@@](=O)c1nc2ccc(cc2s1)N,C42195088,0,326.403,0.8301999999999998,0
5730,C[C@H](C(=O)NC(=O)NC)[S@@](=O)c1nc2ccc(cc2s1)N,C42195090,0,326.403,0.8301999999999998,0
5731,c1c2c(nc(c1/C(=N\O)/N)N3CCC(CC3)O)CCCC2,C43410598,0,290.367,1.0159999999999996,0
5732,CC1=C[C@H]2[C@@](C[C@@H]1O)([C@@]3([C@@H]([C@H]([C@@H]([C@]34CO4)O2)O)O)C)CO,C44018882,0,298.33500000000004,-1.0458999999999998,0
5733,Cc1cc(c(o1)C)[C@H](C)Nc2c(n(c(=O)[nH]c2=O)C)N,C44730778,0,278.312,1.0387399999999998,0
5734,C[C@]1(CCS(=O)(=O)C1)NS(=O)(=O)c2ccc(c(c2)N)O,C44886595,0,320.39200000000005,-0.17009999999999997,0
5735,C[C@@]1(CCS(=O)(=O)C1)Nc2ccc(cc2N)S(=O)(=O)NC,C44924196,0,333.43500000000006,0.1660000000000007,0
5736,C[C@]1(CCS(=O)(=O)C1)NS(=O)(=O)c2ccccc2NN,C44934388,0,319.408,-0.1722999999999989,0
5737,Cc1c(c(n(n1)C)C)S(=O)(=O)NCc2cc(ccc2O)N,C50252737,0,310.379,0.8032399999999997,0
5738,c1cc(c(cc1N)S(=O)(=O)N[C@@H]2CCCNC2=O)Cl,C50397213,0,303.77099999999996,0.4790999999999997,0
5739,c1c(c(cc2c1OCC(=O)N2)NC[C@@H]3CCS(=O)(=O)C3)N,C50602279,0,311.3630000000001,0.4462999999999998,0
5740,Cc1c(c[nH]n1)CNC(=O)c2c(cnc(n2)C(C)C)N,C50710746,0,274.32800000000003,1.1437199999999996,0
5741,c1cc(c(c(c1)Cl)/C(=N\O)/N)N2CCN(CC2)CCO,C52904477,0,298.774,0.5487999999999997,0
5742,c1c(cncc1Br)C(=O)NCC/C(=N\O)/N,C54154557,0,287.11699999999996,0.7104000000000001,0
5743,Cc1c(sc2c1c(=O)nc([nH]2)CNCCC(=O)N)C,C36747227,0,280.353,0.5664400000000002,0
5744,c1cc(sc1)c2nnc3n2N/C(=C/C(=O)NN)/CS3,C04336107,0,294.36500000000007,0.5295999999999996,0
5745,Cc1nc(cs1)CN(C)c2ccc(cc2C(=O)N)N,C44611289,0,276.365,1.7690199999999998,0
5746,CS(=O)(=O)N1CCN(CC1)c2cc(c(cc2F)N)C(=O)N,C62096984,0,316.35800000000006,-0.4115999999999986,0
5747,c1cc(c(cc1F)N)C(=O)N2CCN(CC2)S(=O)(=O)N,C62822883,0,302.331,-0.6307999999999989,0
5748,c1cc(ccc1[C@@H]2c3c(c(=O)cc(o3)CO)OC(=C2C#N)N)O,C04770631,0,312.281,1.0558799999999995,0
5749,Cc1ccc2c(c1)[C@](C(=O)N2)([C@H]3C(=O)N=C(S3)N)O,C09482558,0,277.305,0.09141999999999983,0
5750,O=C(O)CCC/N=C/C1C(=O)NC(=S)NC1=O,C05220251,0,257.271,-0.9308999999999998,0
5751,O=C(NCCS(=O)(=O)O)c1cncc(O)c1,C02097573,0,246.24400000000003,-0.5951999999999997,0
5752,CC(C)(C)OC(=O)N[C@@]1(C(=O)O)CC[C@@H](O)C1,C15446451,0,245.27499999999995,0.8792999999999997,0
5753,Cc1ccsc1C(=O)N[C@H](C(=O)O)[C@H](C)O,C19437997,0,243.28400000000002,0.6203199999999998,0
5754,O=C(/C=N/O)Nc1ccc(S(=O)(=O)O)cc1,C19639574,0,244.22799999999998,0.33179999999999965,0
5755,N[C@@H]1C(=O)N2C(C(=O)O)=C(Cl)CS[C@@H]12,C19735357,0,234.664,-0.23619999999999997,0
5756,O=S(=O)(O)c1ccc2[nH]c(CCCO)nc2c1,C19929096,0,256.28299999999996,0.7345000000000002,0
5757,O=C(O)[C@H]1C[C@@H](O)CN1C(=O)c1cc(Cl)c(Cl)[nH]1,C20215038,0,293.106,0.9814999999999998,0
5758,Cc1noc(C)c1C(=O)N[C@H](C(=O)O)[C@H](C)O,C20249664,0,242.231,-0.14476,0
5759,O=C1N[C@H](C(=O)N2C[C@@H](O)C[C@@H]2C(=O)O)CS1,C20259132,0,260.27099999999996,-1.1422,0
5760,C[C@H](O)[C@H](NC(=O)c1ccc(F)cc1F)C(=O)O,C21953794,0,259.20799999999997,0.5286,0
5761,N#Cc1ccc(NCC(=O)NCC(=O)O)nc1,C35384640,0,234.215,-0.4340200000000001,0
5762,O=C(O)CN1CCN(C(=O)c2c[nH]c(=O)[nH]2)CC1,C35680188,0,254.246,-1.4545999999999983,0
5763,Cn1cc(NC(=O)NC(=O)/C=C/C(=O)O)cn1,C35738156,0,238.203,-0.2910000000000004,0
5764,CCC[C@](C)(NC(=O)c1c(C)n[nH]c1C)C(=O)O,C36337356,0,253.302,1.39974,0
5765,O=C(NC1(C(=O)O)CCCCCC1)c1cn[nH]c1,C36778307,0,251.28599999999994,1.3170999999999993,0
5766,C[C@@](NC(=O)[C@H]1CCC(=O)N1)(C(=O)O)C1CC1,C36947021,0,240.259,-0.3655000000000004,0
5767,Cc1cc(C(=O)N[C@@H](C(=O)O)[C@@H](C)O)sc1C,C36971730,0,257.311,0.9287399999999999,0
5768,Cc1nc(C)c(C(=O)N[C@@H](CO)C(=O)O)s1,C36977121,0,244.272,-0.06476000000000032,0
5769,C[C@@H](O)[C@H](NC(=O)c1ccc([N+](=O)[O-])s1)C(=O)O,C37407274,0,274.254,0.22009999999999996,0
5770,Cc1n[nH]c(C)c1CC(=O)N[C@H](C(=O)O)C(C)C,C37432947,0,253.302,0.7944399999999994,0
5771,CN(CC(=O)O)C(=O)Cc1cc(=O)[nH]c(=O)[nH]1,C37448123,0,241.20299999999997,-1.8512999999999993,0
5772,Cc1cc(C)n2ncc(C(=O)N[C@@H](CO)C(=O)O)c2n1,C37451014,0,278.26800000000003,-0.47856000000000015,0
5773,O=C(/C=C/c1cccnc1)N[C@@H](CO)C(=O)O,C37451346,0,236.227,-0.34349999999999997,0
5774,NC(=O)c1ccccc1C[S@@](=O)CC(=O)O,C37921581,0,241.26799999999994,0.11879999999999974,0
5775,O=C(O)Cn1cc(NC(=O)[C@H]2CCC(=O)N2)cn1,C38029767,0,252.23,-0.8151999999999997,0
5776,C[C@@H](S[C@@H]1N=C2C(=N)N=CN=C2[N-]1)C(=O)O,C39305998,0,238.25199999999998,0.72227,-1
5777,CC[C@H](S[C@@H]1N=C2C(=N)N=CN=C2[N-]1)C(=O)O,C39306008,0,252.279,1.11237,-1
5778,O=C1C/C(=C/C(=O)NCc2ccccn2)NC(O)=N1,C39371306,0,260.25300000000004,0.015599999999999614,0
5779,O=C(N[C@H](CCO)C(=O)O)c1csc(Br)c1,C40697250,0,308.153,1.076,0
5780,O=C(N[C@H](CCO)C(=O)O)c1cn2ccccc2n1,C40698564,0,263.25300000000004,-0.10030000000000028,0
5781,C#CCNC(=O)N[C@]1(C(=O)O)CCC[C@@H](C)C1,C41035768,0,238.28699999999995,0.9522999999999995,0
5782,C[C@H]1CCCC[C@@]1(NC(=O)c1c[nH]c(=O)cn1)C(=O)O,C41037607,0,279.29600000000005,0.5331999999999999,0
5783,O=C(NC1(C(=O)O)CCCC1)N1CCC[C@@H](O)C1,C42471584,0,256.3019999999999,0.5500999999999994,0
5784,Cc1ccc(C#N)c(NCC(=O)NCC(=O)O)n1,C43395230,0,248.242,-0.1256000000000002,0
5785,O=C(N[C@@H]1CCCNC1=O)c1ccc(O)nn1,C49497715,0,236.23100000000002,-0.8094000000000003,0
5786,O=C(O)[C@@H]1CN(C(=O)N[C@@H]2CCCNC2=O)CCO1,C50398438,0,271.27299999999997,-1.2399999999999987,0
5787,C[C@H](CC(=O)O)NC(=O)N[C@@H](C)c1nncn1C,C50421631,0,255.27800000000002,0.0385000000000002,0
5788,NS(=O)(=O)N1CCN(C(=O)CC(=O)O)CC1,C50917690,0,251.26399999999995,-2.1911999999999967,0
5789,C[C@H](O)[C@H](NC(=O)c1cccc(Cl)n1)C(=O)O,C51067671,0,258.661,0.29879999999999995,0
5790,C[C@@H](C(=O)O)N(C)C(=O)c1cc(F)ccc1N,C54071185,0,240.23399999999998,0.9530000000000003,0
5791,N#Cc1nccnc1NCC(=O)NCC(=O)O,C54376603,0,235.20299999999997,-1.0390199999999998,0
5792,C[C@@H](O)[C@H](Nc1ccc([N+](=O)[O-])cn1)C(=O)O,C58279047,0,241.20299999999997,0.23570000000000002,0
5793,Cc1nc(=O)n(CC(N)=O)c(C)c1[C@@H](C)C(=O)O,C50288422,0,253.25799999999998,-0.4664599999999995,0
5794,Cc1nc(N)sc1C(=O)N(C)C(C)(C)C(=O)O,C61150904,0,257.31499999999994,0.9689199999999998,0
5795,Cc1cnc(CNC(=O)NC2(C(=O)O)CCCC2)cn1,C61323365,0,278.31199999999995,0.981619999999999,0
5796,Cc1nc(=O)[nH]c(C)c1C/C(O)=N/c1ncn[nH]1,C61844709,0,248.246,0.33553999999999995,0
5797,O=C(O)CNC1=NS(=O)(=O)c2ccccc2N1,C62325312,0,255.25500000000002,-0.16899999999999998,0
5798,Cc1ccc(F)cc1C(=O)N[C@H](C(=O)O)[C@@H](C)O,C62664431,0,255.24500000000003,0.6979199999999999,0
5799,O=S(=O)(O)c1cc(O)cc2ccc(O)cc12,C62722714,0,240.236,1.4976999999999998,0
5800,c1ccc2c(c1)NC(=O)[C@@H](S2)CC(=O)NC(=O)N,C00089285,0,265.294,0.6843999999999999,0
5801,c1c(c(nc(=O)n1[C@@H]2C[C@@H]([C@@H](O2)CO)O)N)Br,C02040054,0,306.116,-0.7713000000000001,0
5802,COc1cc2c(cc1OC)nc(=S)n(c2N)N,C05702319,0,252.29899999999998,1.07899,0
5803,C[C@]12CCCC(=NNC(=S)N)[C@@H]1C(=O)NC(=O)C2,C17130752,0,268.34200000000004,0.028499999999999803,0
5804,c1cc(cc(c1)NC(=O)N[C@H]2CCS(=O)(=O)C2)N,C19980331,0,269.32599999999996,0.5774,0
5805,c1cn(c2c1c(=S)nc[nH]2)[C@@H]3[C@H]([C@@H]([C@@H](O3)CO)O)O,C17380179,0,283.309,-0.29461000000000054,0
5806,c1cc(ccc1[C@H](CNS(=O)(=O)N2CCCC2)O)N,C35367200,0,285.3689999999999,0.2324000000000001,0
5807,C[C@H](CNS(=O)(=O)c1cc(ccc1F)N)O,C35599622,0,248.279,0.06700000000000017,0
5808,CNS(=O)(=O)c1ccc(c(c1)N)N2CCC[C@@H](C2)O,C35612247,0,285.36899999999997,0.1379999999999993,0
5809,O=C(N[C@@H]1CCNC2(CCC2)C1)c1cc(=O)[nH]c(O)n1,C36257400,0,278.31199999999995,-0.12,0
5810,c1cc(c(cc1/C(=N/O)/N)F)Sc2[nH]ncn2,C36888055,0,253.262,1.1895,0
5811,Cc1c(sc(n1)N)SCC(=O)NC(=O)NC,C37037030,0,260.344,0.58142,0
5812,C[C@@H](C(=O)NC(=O)NC)Oc1ccc(cc1F)N,C37064835,0,255.24899999999997,0.6307999999999997,0
5813,C[C@@H](C(=O)NC(=O)NC)Sc1ccc(nc1)N,C37192561,0,254.315,0.5999999999999998,0
5814,Cc1cc(nc(n1)C)N(Cc2ccc(cc2)N)CC(=O)N,C37756900,0,285.35100000000006,1.1675399999999998,0
5815,C[C@H](CNS(=O)(=O)c1cc(ccc1N)F)O,C37929513,0,248.279,0.06700000000000017,0
5816,c1cnc(cc1S(=O)(=O)NCC(F)(F)F)NN,C38008846,0,270.236,0.20780000000000015,0
5817,c1cc(ccc1N)NC(=O)N[C@@H]2CS(=O)(=O)C=C2,C40166780,0,267.31,0.7010000000000001,0
5818,c1c(c[nH]c1C(=O)NC[C@H]2CCS(=O)(=O)C2)N,C40346406,0,257.315,-0.23859999999999915,0
5819,Cc1c(c[nH]n1)CNS(=O)(=O)Cc2cccc(c2)N,C40347258,0,280.353,0.9199200000000001,0
5820,c1cc(c(c(c1)F)/C(=N\O)/N)NC(=O)c2ccoc2,C40369616,0,263.228,1.7654999999999998,0
5821,c1ccnc(c1)C(=O)Nc2cccc(c2/C(=N\O)/N)F,C40369618,0,274.255,1.5675,0
5822,c1ccc2c(c1)c(c(cn2)C(=O)N)n3cnc(n3)N,C40516906,0,254.253,0.49659999999999993,0
5823,Cc1cc([nH]c(=O)c1NC(=O)c2cc(ccn2)N)C,C40816752,0,258.281,1.2212399999999999,0
5824,C[C@@H](C(=O)NC(=O)NC)N(C)c1cccc(c1)N,C41022896,0,250.302,0.5490999999999998,0
5825,Cc1nc([nH]n1)Sc2ccc(cc2)/C(=N/O)/N,C41632772,0,249.299,1.35882,0
5826,c1c(cc(cc1N)N)c2nnnn2C3CCOCC3,C42028993,0,260.30100000000004,0.8559999999999995,0
5827,c1ccc(c(c1)CS(=O)(=O)c2ccc(cc2)N)C(=O)N,C42193097,0,290.34400000000005,1.3416,0
5828,c1cc(c(nc1)N2CCCC[C@@H]2CO)/C(=N\O)/N,C42432269,0,250.30199999999996,0.5273000000000001,0
5829,C[C@H](COC)N(C)c1cc(cc(c1)S(=O)(=O)N)N,C42517391,0,273.358,0.38730000000000064,0
5830,O=C(NC[C@@H]1CCCCN1)c1cc(O)[nH]c(=O)c1,C44492199,0,251.28600000000003,-0.047600000000000586,0
5831,c1cc2c(cc1N)c(n[nH]2)C(=O)NC3CCS(=O)(=O)CC3,C48278390,0,308.3630000000001,0.4520999999999997,0
5832,c1c(c(cc2c1OCC(=O)N2)N3CCC[C@@H]3CO)N,C48862735,0,263.29699999999997,0.5608,0
5833,C[C@@H](/N=C1\C(=O)C(=O)[C@H]1Nc1ccncc1)c1cccc(N)c1,C49538650,0,308.34100000000007,1.7982999999999998,0
5834,Cc1c(c(n[nH]1)C(=O)Nc2c(nn(c2C)C)C)N,C50305957,0,248.29,0.9029599999999998,0
5835,c1c(c(cc(c1F)F)N)C(=O)N[C@@H]2CCCNC2=O,C50397173,0,269.251,0.5553999999999999,0
5836,c1cc(c(cc1N)Cl)S(=O)(=O)N[C@@H]2CCCNC2=O,C50397197,0,303.7710000000001,0.4790999999999997,0
5837,c1cc(ncc1C(=S)N)N[C@H]2CCCNC2=O,C50397988,0,250.32699999999997,0.4062999999999997,0
5838,c1c2c(cc(c1N)NC[C@H]3CCS(=O)(=O)C3)NC(=O)C2,C50602267,0,295.3640000000001,0.6099999999999994,0
5839,c1cc(nc(c1Cl)C(=O)N[C@@H]2CCCNC2=O)N,C50705420,0,268.704,0.3256000000000003,0
5840,Cc1ccn(n1)c2ccc(cc2N)S(=O)(=O)N,C52855779,0,252.29899999999998,0.41032000000000024,0
5841,C[C@@H]1CCC[C@@](C1)(CO)Nc2c(=O)[nH]c(=O)[nH]n2,C53110034,0,254.29000000000002,-0.1887000000000002,0
5842,C[C@@H]1CCC[C@](C1)(CO)Nc2c(=O)[nH]c(=O)[nH]n2,C53110042,0,254.29000000000002,-0.1887000000000002,0
5843,c1cnc(c(n1)C(=S)N)N2CCC[C@@H]2C(=O)N,C54397100,0,251.31499999999994,-0.4351,0
5844,c1cc(c(cc1C(=O)N[C@@H]2CCCNC2=O)F)N,C54413581,0,251.26099999999994,0.4163000000000003,0
5845,CC1=C([C@@H](C(=C(O1)N)C(=O)N)c2cccnc2)C(=O)C,C58949136,0,273.29200000000003,0.7139999999999999,0
5846,c1cc2c(c(c1)Br)[C@H](C(=O)N2)NCC(=O)N,C22210268,0,284.113,0.5172000000000001,0
5847,c1cc(nnc1C(=O)N[C@@H]2CCCc3c2ccs3)NN,C61374253,0,289.364,1.6311,0
5848,Cn1c(ccn1)C(=O)NC2(CCCC2)/C(=N/O)/N,C61665658,0,251.28999999999994,0.20909999999999979,0
5849,C1C[C@@H]([C@H](C1)NS(=O)(=O)C(F)F)/C(=N\O)/N,C61888233,0,257.262,0.04349999999999982,0
5850,c1cc(ccc1N[C@@H]2[C@@H]([C@@H]([C@H](CO2)O)O)O)Cl,C01512608,0,259.68899999999996,0.19089999999999996,0
5851,Cc1ccc(cc1C)O[C@@H]2[C@@H]([C@@H]([C@@H]([C@@H](O2)CO)O)O)O,C04010854,0,284.308,-0.51786,0
5852,Cc1ccc(cc1C)O[C@H]2[C@@H]([C@@H]([C@@H]([C@@H](O2)CO)O)O)O,C04010855,0,284.308,-0.51786,0
5853,c1cc(ccc1c2csc(n2)C3=C(N(CC3=O)N)N)Cl,C04207228,0,306.7779999999999,1.8492,0
5854,c1cc(ccc1N[C@H]2[C@H]([C@H]([C@@H](CO2)O)O)O)Cl,C04644945,0,259.68899999999996,0.19089999999999996,0
5855,c1ccc(cc1)/C=C/c2c[n+](c(c(n2)C(=O)N)N)[O-],C05438225,0,256.26499999999993,0.5665000000000002,0
5856,c1c(nn2c1N[C@@H](C[C@H]2C(F)F)C3CC3)C(=O)NN,C06328739,0,271.27099999999996,0.887,0
5857,c1ccc(c(c1)NC(=O)c2ccc(=O)[nH]c2)SCC(=O)N,C06654150,0,303.34300000000013,1.2046,0
5858,c1cc(ccc1O[C@H]2[C@H]([C@H]([C@@H]([C@H](O2)CO)O)O)O)Cl,C12378559,0,290.69899999999996,-0.48129999999999984,0
5859,c1cnc(cc1C(=S)N)N2CCC[C@@H](C2)C(=O)N,C19474541,0,264.3539999999999,0.41749999999999987,0
5860,c1cnc(cc1C(=S)N)N2CCC(CC2)C(=O)N,C19475624,0,264.3539999999999,0.41749999999999987,0
5861,c1c(c(=O)[nH]c(=O)[nH]1)C(C(F)(F)F)(C(F)(F)F)N,C19857527,0,277.12399999999997,0.3418000000000002,0
5862,C[C@@H](C(=O)NC(=O)NC)Sc1cnc(s1)N,C20422380,0,260.344,0.6615,0
5863,Cc1ccc(cc1N[C@@H]2CS(=O)(=O)C[C@@H]2O)N,C33487016,0,256.327,0.14701999999999987,0
5864,c1cc(c(cc1S(=O)(=O)N)N)N2CCSCC2,C34974515,0,273.38300000000004,0.46940000000000004,0
5865,Cc1cccc(c1S(=O)(=O)NCC(=O)NC)N,C35347173,0,257.315,-0.398479999999999,0
5866,CCCS(=O)(=O)NC[C@@H](c1ccc(cc1)N)O,C35367235,0,258.34299999999996,0.6315999999999999,0
5867,c1ccnc(c1)CNc2cc3c(cc2N)c(=O)[nH]cn3,C35383095,0,267.292,1.5123999999999995,0
5868,Cc1cc(cc(c1C)S(=O)(=O)NC[C@@H](C)O)N,C35599647,0,258.343,0.5447399999999998,0
5869,Cc1cc(cc(c1C)S(=O)(=O)NC[C@H](C)O)N,C35599649,0,258.343,0.5447399999999998,0
5870,C[C@H](C1CC1)NS(=O)(=O)c2cccnc2NN,C35734077,0,256.331,0.4440000000000001,0
5871,c1cc(c(cc1F)N)S(=O)(=O)Nc2c[nH]nc2,C35763507,0,256.262,0.9318,0
5872,COc1cc(cc(c1O)Br)/C(=N/O)/N,C36893246,0,261.075,1.2577999999999996,0
5873,c1cc(c(cc1C(F)(F)F)/C(=N/O)/N)N2CCC(CC2)O,C37334577,0,303.28400000000005,1.7610000000000006,0
5874,Cc1cnc(c(n1)NC[C@H](c2ccc(cc2)N)O)C,C37671203,0,258.325,1.82114,0
5875,c1c2c(cc(c1N)NC[C@H]3COCCO3)NC(=O)CC2,C38062600,0,277.32400000000007,0.9807999999999997,0
5876,c1cc(ccc1N)NC(=S)N[C@H]2CCS(=O)(=O)C2,C40166787,0,285.39400000000006,0.7423000000000001,0
5877,CCCn1cc(cc1C(=O)NCc2c[nH]nc2C)N,C40335888,0,261.329,1.4418199999999999,0
5878,Cc1ccc(cc1S(=O)(=O)NC/C(=N/O)/N)F,C40377137,0,261.278,0.15882000000000013,0
5879,c1cnc(cc1C(=O)N)n2cc(c(n2)N)Br,C40517032,0,282.101,0.7109000000000002,0
5880,Cc1cc([nH]c(=O)c1NC(=O)c2cccnc2N)C,C40816777,0,258.281,1.2212399999999999,0
5881,c1ccc(c(c1)C[S@](=O)c2c(cccn2)N)C(=O)N,C42198384,0,275.333,1.0704999999999998,0
5882,CC(C)N(CCO)c1cc2c(cc1N)c(=O)[nH]cn2,C42478913,0,262.313,0.7123999999999999,0
5883,Cc1nc(cs1)CN(C)c2ccc(cc2N)S(=O)(=O)N,C44609091,0,312.4200000000001,1.31752,0
5884,CC(C)[C@@H](C(=S)N)C(=O)NCC(=O)NC1CC1,C44838607,0,257.35900000000004,-0.060499999999998666,0
5885,Cn1cnnc1SC[C@](c2ccccc2)(C(=O)N)N,C45584177,0,277.353,0.24669999999999992,0
5886,Cc1c(cccc1S(=O)(=O)N[C@H]2CCCNC2=O)N,C50397228,0,283.353,0.13412000000000063,0
5887,c1c(cc(nc1N)Cl)C(=O)N[C@H]2CCCNC2=O,C50705423,0,268.704,0.3255999999999997,0
5888,c1cc(cnc1)CNC(=O)c2cc(cnc2NN)Br,C51088431,0,322.166,1.4546999999999999,0
5889,COCCNC(=O)c1cc(cnc1NN)Br,C51095510,0,289.133,0.5059000000000005,0
5890,Cc1cccc(n1)CNc2cc3c(cc2N)c(=O)[nH]cn3,C51575364,0,281.319,1.8208199999999999,0
5891,c1ccc2c(c1)ccc(n2)C(=O)NCC/C(=N\O)/N,C54154802,0,258.28099999999995,1.1010999999999997,0
5892,c1cc(ccc1F)S(=O)(=O)NCC/C(=N\O)/N,C54155976,0,261.27799999999996,0.2405000000000001,0
5893,c1cc(c(cc1S(=O)(=O)N)NC(=O)NC2CC2)F,C54458059,0,273.289,0.7569999999999999,0
5894,Cc1c(sc(n1)N)C(=O)NCC(=O)NC(C)C,C55171395,0,256.331,0.2881199999999997,0
5895,Cc1c(c(n[nH]1)C)S(=O)(=O)N[C@@H](C(C)C)C(=S)N,C57603130,0,290.41400000000004,0.6155399999999999,0
5896,c1cc(ccc1CO)Oc2ccnc(c2)/C(=N\O)/N,C61814224,0,259.265,1.460699999999999,0
5897,c1cc(c(cc1NC(=O)[C@@H]2CCCOC2)/C(=N\O)/N)F,C62243267,0,281.2869999999999,1.2852999999999999,0
5898,c1cc2c(cc1N)c(c[nH]2)C(=O)NC3CCS(=O)(=O)CC3,C62832592,0,307.3750000000001,1.0571000000000002,0
5899,c1cc2c(cc1N)cc([nH]2)C(=O)NC[C@H]3CCS(=O)(=O)C3,C62834356,0,307.37500000000006,0.9146,0
5900,c1cc(ccc1O[C@H]2[C@H]([C@@H]([C@@H]([C@@H](O2)CO)O)O)O)Cl,C01074256,0,290.69899999999996,-0.48129999999999984,0
5901,Cc1ccc2nc(c(n2c1)NCC(=O)NN)c3ccsc3,C00426802,0,301.37500000000006,1.7730199999999996,0
5902,c1cc(cc(c1)Cl)O[C@@H]2[C@H]([C@@H]([C@@H]([C@H](O2)CO)O)O)O,C00485477,0,290.699,-0.4813000000000005,0
5903,Cc1c(c(=O)[nH]c(n1)N)[C@H](C(Cl)(Cl)Cl)O,C03091419,0,272.519,1.0641199999999997,0
5904,c1cc(ccc1c2nnc(n2N)SCC(=O)N)F,C00524685,0,267.289,0.3753999999999997,0
5905,c1cc(cc(c1)F)c2nnc(n2N)SCC(=O)N,C03442943,0,267.289,0.3754000000000001,0
5906,Cc1ccc2c(c1)nc(s2)[C@@H]3[C@H]([C@@H]([C@@H]([C@@H](O3)CO)O)O)O,C12503343,0,311.35900000000004,0.11961999999999928,0
5907,c1ccc2c(c1)[nH]c(n2)C3=C(N(CC3=O)c4ccc(cc4)O)N,C05009274,0,306.325,1.9850999999999994,0
5908,c1cc(ccc1N)S(=O)(=O)NNC=C2C=CC(=O)C=C2,C08581575,0,291.33200000000005,0.6307,0
5909,c1cc(c(nc1)NN)S(=O)(=O)NCC(F)(F)F,C35358249,0,270.236,0.20780000000000015,0
5910,c1cc(c(cc1N)Cl)S(=O)(=O)Nc2c[nH]nc2,C35763504,0,272.71700000000004,1.4460999999999997,0
5911,c1cc(c(cc1N)S(=O)(=O)NC2CCC(CC2)O)F,C37052613,0,288.34399999999994,0.9897,0
5912,Cc1ccc(cc1)CNS(=O)(=O)c2c[nH]nc2N,C37557766,0,266.326,0.7788200000000001,0
5913,C[C@H](c1ccccc1N)NS(=O)(=O)c2c[nH]nc2,C37744377,0,266.326,1.0313999999999999,0
5914,c1cc([nH]c1)C(=O)Nc2ccc(cc2)S(=O)(=O)N,C40215670,0,265.294,0.9144000000000001,0
5915,c1cc2c(cc1N)[nH]cc2C(=O)N[C@H]3CCS(=O)(=O)C3,C40296025,0,293.34800000000007,0.6669999999999996,0
5916,CC(C)(/C(=N/O)/N)NS(=O)(=O)c1cccs1,C40376992,0,263.344,0.5514000000000006,0
5917,c1cc(ccc1C(=O)N)n2cc(c(n2)N)Br,C40517077,0,281.11299999999994,1.3158999999999998,0
5918,Cc1c(sc(n1)C)[C@@H](C)NC(=O)c2cc(c[nH]2)N,C40517460,0,264.35400000000004,2.16124,0
5919,Cn1cc(cn1)CNc2cc3c(cc2N)NC(=O)CC3,C41158752,0,271.32400000000007,1.4990999999999999,0
5920,Cc1cc(ccc1Sc2[nH]nc(n2)C)/C(=N/O)/N,C41632783,0,263.326,1.6672399999999996,0
5921,C[C@H](C(=O)NC(C)C)[S@](=O)c1[nH]c2cc(ccc2n1)N,C42196154,0,294.38000000000005,1.1657999999999993,0
5922,c1cc(cc(c1)NS(=O)(=O)N)NC2CCS(=O)CC2,C42353340,0,303.40900000000005,0.6249999999999998,0
5923,COC(=O)[C@H](Cc1cc(cnc1N)I)N,C44330104,0,321.11800000000005,0.31120000000000014,0
5924,CNC(=O)CNC(=O)C1(CCCCCC1)C(=S)N,C44775349,0,271.3859999999999,0.4752999999999995,0
5925,c1cc(c(cc1NC(=O)NC[C@@H]2CCCO2)C(=O)N)F,C45694434,0,281.2869999999999,1.2250999999999999,0
5926,c1c2c(cc(c1N)N3CCCC[C@H]3CO)nc[nH]c2=O,C48857542,0,274.324,0.8564999999999998,0
5927,c1cc2c(cc1F)CC[C@H]2NC(=O)CCNC(=O)N,C49357112,0,265.288,0.9876,0
5928,CN(Cc1ccoc1)c2cc(c(cc2F)N)C(=O)N,C50031031,0,263.27199999999993,1.7361999999999997,0
5929,Cc1c(sc(n1)C)[C@@H](C)NC(=O)c2c(c(n[nH]2)C3CC3)N,C50324390,0,305.4070000000001,2.43364,0
5930,Cc1ccc(c(c1C)S(=O)(=O)N[C@@H]2CCCNC2=O)N,C50397239,0,297.38000000000005,0.4425400000000001,0
5931,Cc1ccc(c(c1S(=O)(=O)N[C@H]2CCCNC2=O)C)N,C50397270,0,297.38000000000005,0.4425400000000001,0
5932,Cc1c(nnc(c1C(=S)N)N[C@H]2CCCNC2=O)C,C50398008,0,279.369,0.41814,0
5933,c1c2c(cc(c1N)NC[C@H]3CCS(=O)(=O)C3)NC(=O)CC2,C50602227,0,309.39100000000013,1.0000999999999995,0
5934,Cc1c(sc(n1)NC(=O)c2cccnc2NN)C,C51124979,0,263.326,1.6928399999999997,0
5935,c1cc(c(cc1NC(=O)[C@@H]2CCOC2)/C(=N\O)/N)F,C51638208,0,267.25999999999993,0.8952000000000002,0
5936,C[C@@H](c1ccc2c(c1)[nH]c(=O)[nH]2)N[C@H](C)C(=O)NC,C49096010,0,262.31300000000005,0.6412999999999996,0
5937,c1cc(c(cc1Cl)/C(=N\O)/N)N2CCC[C@@H](C2)O,C52860624,0,269.7319999999999,1.3956000000000006,0
5938,c1cc(c(c(c1)Cl)/C(=N\O)/N)N2CCC[C@@H]2CO,C52904690,0,269.7319999999999,1.3956000000000002,0
5939,c1cc(ccc1[C@@H](CNC(=O)Nc2c[nH]nc2)O)F,C59313829,0,264.26000000000005,1.4038999999999997,0
5940,c1c(c(cc(c1N)F)Br)C(=O)NCc2nc[nH]n2,C61079860,0,314.118,1.2185,0
5941,c1c(c(cc2c1OCC(=O)N2)NC[C@H]3CCOC3)N,C61146730,0,263.29699999999997,1.0480999999999998,0
5942,c1cc(c(cc1N2CCC[C@H](C2)O)Cl)/C(=N\O)/N,C61855940,0,269.732,1.3956,0
5943,Cc1c(c(n[nH]1)C)S(=O)(=O)N[C@H]2CCC[C@H]2C(=S)N,C61887325,0,302.425,0.7596399999999996,0
5944,CC1CCC(CC1)(C(=S)N)NC(=O)c2cc[nH]n2,C62777572,0,266.37,1.3745,0
5945,c1cc(c(cc1Cl)N2CCC[C@@H]2CO)/C(=N\O)/N,C62789409,0,269.73199999999997,1.3955999999999993,0
5946,c1cc(c(cc1/C(=N\O)/N)Cl)Sc2[nH]ncn2,C62794977,0,269.717,1.7037999999999998,0
5947,c1cc2c(cc1N)c(c[nH]2)C(=O)N3CCC[C@@H](C3)CO,C62832583,0,273.33599999999996,1.5946,0
5948,c1cnn(c1)CCNC(=O)c2cc3cc(ccc3[nH]2)N,C62834397,0,269.308,1.3765999999999994,0
5949,c1cscc1CNC(=O)c2c(c(n[nH]2)C3CC3)N,C63152209,0,262.33799999999997,1.8607999999999998,0
5950,Cc1cccc(c1C)O[C@H]2[C@@H]([C@@H]([C@@H]([C@@H](O2)CO)O)O)O,C04028531,0,284.308,-0.51786,0
5951,c1ccc(cc1)NC(=S)NN[C@@H]2CS(=O)(=O)C[C@H]2O,C04982298,0,301.3930000000001,-0.36450000000000066,0
5952,c1cc2c(cc1N)N(C(=O)/C(=C\c3ccncc3)/O2)CC(=O)N,C20338233,0,310.3130000000001,0.9156,0
5953,c1cc(c(cc1N)Cl)S(=O)(=O)N2CCC[C@H](C2)C(=O)N,C20553201,0,317.79800000000006,0.8081999999999998,0
5954,c1cc(c(cc1N)Cl)S(=O)(=O)N2CCC[C@@H](C2)C(=O)N,C20553202,0,317.79800000000006,0.8081999999999998,0
5955,c1cc(ccc1NC(=O)NC[C@H]2CCCO2)S(=O)(=O)N,C25452487,0,299.352,0.6344999999999997,0
5956,C[C@@H]1CC[C@@H]2[C@@H]1[C@@H](OC=C2C)O[C@H]3[C@@H]([C@H]([C@@H]([C@H](O3)CO)O)O)O,C35271577,0,330.377,-0.2747,0
5957,c1cnccc1CNc2cc3c(cc2N)OCC(=O)N3,C35452949,0,270.2919999999999,1.6067999999999998,0
5958,[H]/N=C\1/C(=N/Nc2ccc(c(c2)C(F)(F)F)Cl)/C(=N/[H])/N(N1)C,C15221682,0,318.68999999999994,2.5312400000000004,0
5959,Cc1cc(no1)CN(C)c2ccc(cc2N)S(=O)(=O)N,C36198329,0,296.3520000000001,0.8490200000000003,0
5960,Cc1cccc(c1NC(=O)Cn2ccc(=O)[nH]c2=O)N,C37274085,0,274.28000000000003,0.06591999999999992,0
5961,C[C@@H](c1ccc(cc1)C#N)Nc2c(n(c(=O)[nH]c2=O)C)N,C37502122,0,285.307,0.7005799999999998,0
5962,C[C@H](c1ccc(cc1)C#N)Nc2c(n(c(=O)[nH]c2=O)C)N,C37502123,0,285.307,0.7005799999999998,0
5963,Cn1c2c(cn1)c(ncn2)NCc3cc(ccc3O)N,C37671367,0,270.296,1.2631999999999999,0
5964,c1cc(c(nc1)C(=O)Nc2ccc(cc2)S(=O)(=O)N)O,C37760518,0,293.30400000000003,0.6868999999999998,0
5965,Cn1c(c(c(=O)[nH]c1=O)NC[C@@H]2Cc3ccccc3O2)N,C37987155,0,288.307,0.07140000000000024,0
5966,Cc1ccc(cc1)C2=NN=C[C@@H]2CNC(CO)(CO)CO,C39938999,0,291.351,-0.2949799999999998,0
5967,Cc1c(cc(cc1Cl)S(=O)(=O)NCc2nc[nH]n2)N,C40315840,0,301.759,0.8272200000000001,0
5968,Cc1ccc(o1)[C@H](C)NS(=O)(=O)c2c[nH]nc2N,C40348342,0,270.314,0.9328200000000002,0
5969,c1c2c(cc(c1OCC(=O)NN)Br)OCC(=O)N2,C40546123,0,316.1110000000001,0.14869999999999994,0
5970,Cc1nc(cs1)CNc2cc3c(cc2N)c(=O)[nH]cn3,C41010372,0,287.34799999999996,1.8823200000000002,0
5971,Cc1nc([nH]n1)Sc2ccc(cc2N)S(=O)(=O)NC,C41632468,0,299.38100000000003,0.7546200000000003,0
5972,Cc1nc([nH]n1)Sc2c3ccccc3ncc2/C(=N/O)/N,C41632781,0,300.34700000000004,1.9070199999999995,0
5973,Cc1ccc(cc1)S[C@H]2[C@@H]([C@@H]([C@@H]([C@H](O2)CO)O)O)O,C43763915,0,286.349,-0.11298000000000036,0
5974,c1ccc(c(c1)NN)S(=O)(=O)NCC[C@@H]2CCCO2,C44511062,0,285.369,0.8195999999999997,0
5975,CNC(=O)CN(C)C(=O)C1(CCCCC1)/C(=N/O)/N,C44785038,0,270.33299999999997,-0.11229999999999907,0
5976,c1c[nH]nc1C(=O)NNC(=O)c2cc(c[nH]2)Br,C44956310,0,298.1,0.5750999999999996,0
5977,Cc1ccccc1C(=O)NNC(=O)c2c(nccn2)N,C45728181,0,271.28000000000003,0.44201999999999986,0
5978,CC(C)NC(=O)C(=O)NNC(=O)Nc1ccccc1F,C48399291,0,282.27500000000003,0.5029999999999997,0
5979,Cc1nc(cs1)CNC(=O)[C@H](CCSC)NC(=O)N,C48938843,0,302.425,0.8577200000000003,0
5980,c1cscc1C(=O)NCC(=O)NNC(=S)NC2CC2,C49023140,0,298.3930000000001,0.13559999999999978,0
5981,CCNC(=O)CN(C)c1cc2c(cc1N)c(=O)[nH]cn2,C49726863,0,275.312,0.07760000000000095,0
5982,CO[C@@H]1CCC[C@H]1n2c(nnn2)c3cc(cc(c3)N)N,C50377068,0,274.32800000000003,1.2445,0
5983,CO[C@H]1CCC[C@H]1n2c(nnn2)c3cc(cc(c3)N)N,C50377069,0,274.32800000000003,1.2445,0
5984,CCNc1c(cc(cn1)Br)C(=O)NCCC(=O)N,C50753203,0,315.1710000000001,0.8811,0
5985,CC1CCC(CC1)(/C(=N/O)/N)NC(=O)c2cnccn2,C50891767,0,277.32800000000003,0.9016999999999997,0
5986,c1cc(ccc1/C(=N\O)/N)Sc2c3c(nc[nH]3)ncn2,C51036507,0,286.32,1.5985999999999998,0
5987,c1cc(c(cc1/C(=N\O)/N)F)Sc2c3c(nc[nH]3)ncn2,C51036516,0,304.30999999999995,1.7376999999999996,0
5988,c1cc(ncc1CSc2c3c(nc[nH]3)ncn2)NN,C51150241,0,273.325,1.3257999999999994,0
5989,c1cnc(cc1S(=O)(=O)N[C@@H]2CCCC[C@@H]2O)N,C52015809,0,271.342,0.2456000000000002,0
5990,Cc1ccc(c(n1)N2CCC[C@H]2CCCO)/C(=N/O)/N,C52760286,0,278.356,1.2258199999999997,0
5991,C[C@H](c1ccsc1)NS(=O)(=O)c2c[nH]nc2N,C61360527,0,272.355,1.0929000000000002,0
5992,c1cc(nc(c1Cl)CN2CCC(=O)NCC2)NN,C62101882,0,269.736,0.3425000000000002,0
5993,c1c(cc(cc1F)S(=O)(=O)N)NC(=O)c2c[nH]nc2,C62779793,0,284.272,0.4484999999999999,0
5994,c1cc2c(cc1CCNC(=O)c3c(c[nH]n3)N)OCCO2,C62810722,0,288.3070000000001,0.7355999999999996,0
5995,Cc1cc(c(cc1C(=O)Nc2c[nH]ccc2=O)S(=O)(=O)N)C,C63340185,0,321.3580000000001,0.89144,0
5996,CC1=CN2[C@H](S1)NC(=CC2=O)CSc3nc([nH]n3)N,C63646957,0,296.381,0.6864000000000001,0
5997,c1ccc2c(c1)c(cn2[C@H]3[C@@H]([C@@H]([C@@H]([C@@H](O3)CO)O)O)O)C=O,C63772485,0,307.302,-0.5738000000000005,0
5998,Cc1ccc(cc1C(=O)Nc2cc[nH]n2)S(=O)(=O)N,C66052236,0,280.3090000000001,0.6178199999999998,0
5999,c1cc(cc(c1)F)[C@@H]2CN(CCO2)Cc3nc(nc(n3)N)N,C66848797,0,304.329,0.7485999999999999,0
6000,CCC(=O)NC(C(F)(F)F)(C(F)(F)F)Nc1c(c2c(s1)CCC2)C(=O)N,C04177323,0,403.34800000000024,3.0947000000000005,0
6001,c1ccc2c(c1)cc([nH]2)C(=O)OCC(=O)Nc3c(c4c(s3)CCC4)C(=O)N,C05530495,0,383.42900000000014,2.6125,0
6002,c1ccnc(c1)/C=C/c2cccc(c2)NC(=O)C[C@H](c3ccc(cc3)Cl)NC(=O)N,C08346238,0,420.90000000000015,4.643600000000003,0
6003,c1cc(ccc1NC(=O)c2cc(ccc2Br)S(=O)(=O)NCC(=O)N)F,C09587515,0,430.2550000000001,1.6040999999999999,0
6004,c1cc(cnc1)CSc2[nH]c(=O)c(c(n2)N)NC(=O)c3ccc(cc3)C(F)(F)F,C08824661,0,421.4040000000001,3.3105,0
6005,c1ccc(cc1)NC(=S)NNC(=O)CCNC(=O)c2ccc(cc2)Br,C12634153,0,421.32000000000005,2.5868,0
6006,Cc1nc(c2c(csc2n1)c3cccs3)NCCCc4c(c([nH]n4)N)C#N,C12550714,0,395.5170000000002,3.9499000000000013,0
6007,c1ccc(cc1)C[C@H](C(=O)Nc2ccc3c(c2)[nH]c(=O)[nH]3)NC(=O)c4ccccc4,C15542292,0,400.4380000000001,2.8360000000000003,0
6008,c1ccc(cc1)Cn2ccc(n2)NC(=S)Nc3ccc(cc3)S(=O)(=O)N,C17079130,0,387.4900000000001,2.3876999999999997,0
6009,c1cc(c(c(c1)Cl)N)C(=O)OCC(=O)NC(=O)NCCc2cccs2,C18405487,0,381.84100000000007,2.2089999999999996,0
6010,Cc1ccccc1NC(=O)C2=C(NC(=C([C@@H]2c3cccnc3)C#N)SCC(=O)N)C,C05593413,0,419.51000000000016,2.943200000000001,0
6011,CC1=C([C@@H](C(=C(N1)SCC(=O)N)C#N)c2ccco2)C(=O)Nc3ccc(cc3)Cl,C00876071,0,428.90100000000007,3.486180000000001,0
6012,c1cc(c(cc1Br)F)OCC(=O)Nc2nc(cs2)c3cc([nH]c3)C(=O)N,C22899671,0,439.26600000000013,3.1562,0
6013,Cc1cccc(c1)C(=O)NCC(=O)NNC(=S)N[C@H]2CCC[C@@H]([C@H]2C)C,C27265524,0,376.5260000000002,2.0448199999999996,0
6014,Cc1ccc(cc1)OCCNC(=O)C[C@H](c2cccc(c2)Br)NC(=O)N,C32999708,0,420.3070000000001,3.05222,0
6015,Cc1ccc(cc1)C(=O)CS[C@@H]2NN[C@@H](N2N)[C@@H]3C=C(N=N3)c4ccc(cc4)F,C38748417,0,412.49400000000014,2.818720000000001,0
6016,c1ccc(cc1)C[C@H]2C(=O)N[C@H](C(=O)N2)CC(=O)NNc3cccc(c3)Br,C39267169,0,431.29,1.5082000000000004,0
6017,c1cc(c(=O)[nH]c1)C(=O)N[C@H]2N/C(=C\C(=O)NCCc3ccc(cc3)Cl)/CS2,C39590281,0,418.9060000000002,1.6209000000000002,0
6018,c1ccc(cc1)C(c2ccccc2)Nc3c(c(ncn3)NCc4cccnc4)N,C40686649,0,382.47100000000006,4.267400000000002,0
6019,c1cc(ccc1c2c([nH]c(n2)SCCO)c3ccnc(c3)NC4CCC(CC4)O)F,C40951966,0,428.53300000000013,4.077600000000002,0
6020,c1ccc(cc1)n2c(c(c(n2)CCCNC(=O)Nc3c(cccc3F)F)C#N)N,C43264521,0,396.401,3.3586800000000006,0
6021,C[C@H](C(=O)Nc1c(ccs1)C(=O)N)OC(=O)c2c(c3ccccc3[nH]2)Cl,C46767672,0,391.836,3.165700000000001,0
6022,c1ccc(c(c1)C(=O)NCCNC(=O)NCC(=O)Nc2ccc(c(c2)F)F)F,C52498279,0,394.353,1.7715999999999998,0
6023,c1cc(sc1)[C@H](CC(=O)NCCc2cc(cc3c2OCOC3)F)NC(=O)N,C52901063,0,393.4400000000001,2.2121,0
6024,Cc1c(c(c(nc1C)SCC(=O)N[C@H](C)c2ccc(cc2)NC(=O)N)C#N)C,C58236270,0,397.50400000000013,3.3386400000000007,0
6025,CCOc1ccc(cc1)/C=C(\C#N)/C(=O)N[C@H](C)c2ccc(cc2)NC(=O)N,C58236977,0,378.4320000000001,3.3602800000000004,0
6026,CCc1c(cnn1c2ccc(cc2)F)C(=O)N[C@@H](C)c3ccc(cc3)NC(=O)N,C58237166,0,395.43800000000016,3.5554000000000014,0
6027,C/C(=C(/C#N)\C(=O)CSc1nnc(n1N)Cc2cccc3c2cccc3)/N,C06312157,0,378.46100000000007,2.1533800000000003,0
6028,C[C@@H](c1ccc2c(c1)[nH]c(=O)[nH]2)NC(=O)[C@H](C(C)C)NC(=O)c3ccccc3F,C58385412,0,398.4380000000001,2.6270999999999995,0
6029,c1cc(ccc1CCNC(=O)Nc2ccc(cc2)N3CCCCC3)S(=O)(=O)N,C58844303,0,402.5200000000003,2.6885000000000003,0
6030,Cc1ccccc1NC(=O)NNC(=O)CCNC(=O)c2ccc(cc2F)F,C58865227,0,376.36300000000006,2.2460199999999997,0
6031,c1cc(ccc1CCNC(=S)Nc2ccc(cc2)C(F)(F)F)S(=O)(=O)N,C17082646,0,403.4510000000001,2.8819,0
6032,Cc1cccc(c1C)NC(=S)NNC(=O)c2ccc(cc2)n3c(c[nH]c3=O)C,C63091668,0,395.48800000000017,2.7222600000000003,0
6033,Cc1ccc(c(c1)C)c2nnc(s2)NC(=O)[C@H](CCSC)NC(=O)N,C65083376,0,379.5110000000002,2.550439999999999,0
6034,Cc1cccc(c1)OC[C@H](C)NC(=O)N[C@H](C)c2cccc(c2)S(=O)(=O)N,C54611184,0,391.4930000000001,2.4701199999999996,0
6035,c1cc(ccc1S(=O)(=O)CCNC(=O)Nc2ccc(c(c2)C(=O)N)F)Cl,C65523501,0,399.83100000000013,2.1734,0
6036,CC[C@H](C)[C@@H](C(=O)NCCc1cc(ccc1F)Br)NC(=O)N,C65620136,0,374.254,2.3299000000000003,0
6037,CC(C)CCNC(=O)NNC(=O)CNC(=O)c1cccc(c1)Br,C65622636,0,385.262,1.5554000000000001,0
6038,c1cc(ccc1C(F)(F)F)OC[C@@H](CNC(=O)c2ccc3c(c2)[nH]c(=O)[nH]3)O,C57454202,0,395.33700000000005,2.0446999999999993,0
6039,Cc1ccsc1C(=O)NNC(=O)[C@@H](C(C)C)NC(=O)Nc2ccccc2,C66558351,0,374.4660000000001,2.663820000000001,0
6040,C[C@@H](C(=O)Nc1ccc(c(c1)Cl)OC)Nc2cccc(c2)NC(=O)CO,C66582865,0,377.8280000000001,2.718500000000001,0
6041,Cc1ccc(c(c1)C)C[C@H](C)NC(=O)NCc2ccc(cc2)S(=O)(=O)N,C66617994,0,375.49400000000014,2.38124,0
6042,Cc1c(n[nH]c1NC(=O)CNC(=O)NCc2ccc(cc2)Cl)C(F)(F)F,C66641915,0,389.765,2.828220000000001,0
6043,CCC(=O)Nc1ccc(cc1)[C@@H](C)NC(=O)NNC(=O)Cc2ccccc2F,C66924983,0,386.42700000000013,2.808300000000001,0
6044,Cc1ccc(cc1F)C(=O)NCCNC(=O)NNC(=O)c2c(ccs2)C,C67043067,0,378.42900000000014,1.8780399999999995,0
6045,c1cc(ccc1C(=O)NCCNC(=O)NCC2(CC2)c3ccc(cc3)Cl)O,C67089290,0,387.867,2.8064000000000013,0
6046,Cc1cccc(c1)C(=O)NNC(=O)N[C@H](C)c2ccc(cc2)NC(=O)C3CC3,C67103089,0,380.44800000000015,3.048720000000001,0
6047,Cc1c(c(n(n1)c2ccc(cc2)F)C)CC(=O)Nc3ccc(cc3)CNC(=O)N,C67239664,0,395.43800000000016,2.97774,0
6048,Cc1cc(cc(c1O)C)CNC(=O)N[C@H](C)c2cccc(c2)S(=O)(=O)NC,C67391486,0,391.4930000000001,2.4775400000000003,0
6049,CNC(=O)COc1cccc(c1)NC(=O)NC[C@H](c2ccc3ccccc3c2)O,C67541534,0,393.4430000000001,2.8197000000000005,0
6050,CC(C)N1CCN(c2nc3c(=O)[nH]c(N)nc3n2[C@@H]2O[C@@H](CO)[C@@H](O)[C@H]2O)CC1,C02024313,0,409.4470000000002,-2.1562999999999963,0
6051,O=[S@@](O)O[C@H]1N[C@@H](CO)[C@H](O)[C@@H](O)[C@@H]1O,C04625207,0,243.237,-3.4873999999999996,0
6052,Nc1ncnc2c1c(C1=NCCCN1)cn2[C@H]1O[C@@H](CO)[C@@H](O)[C@@H]1O,C01606196,0,348.363,-1.635099999999999,0
6053,NCCCS[C@@H]1O[C@@H](n2cnc3c(N)nc(Cl)nc32)[C@@H](O)[C@@H]1O,C05217281,0,360.82700000000006,-0.27939999999999987,0
6054,CN1CCN(c2nc3c(=O)[nH]c(N)nc3n2[C@@H]2O[C@@H](CO)[C@@H](O)[C@@H]2O)CC1,C05224227,0,381.39300000000014,-2.934899999999997,0
6055,C([C@H]1[C@H]([C@H]([C@H]([C@H](O1)O[C@]2([C@H]([C@@H]([C@H](O2)CO)O)O)CO)O)O)O)O,C05224796,0,342.297,-5.395599999999995,0
6056,C[C@H]([C@@H]([C@@H]([C@@H](C1NNC(=S)NN1)O)O)O)O,C05357624,0,252.29600000000005,-3.737099999999998,0
6057,Nc1nc2c(nc(N3CCNCC3)n2[C@H]2O[C@@H](CO)[C@@H](O)[C@H]2O)c(=O)[nH]1,C06150376,0,367.36600000000004,-3.2770999999999977,0
6058,NCCCCCCNc1nc2c(=O)[nH]cnc2n1[C@@H]1O[C@@H](CO)[C@@H](O)[C@H]1O,C08738349,0,382.4210000000001,-1.3378999999999974,0
6059,NCCCCNc1nc2c(=O)[nH]cnc2n1[C@@H]1O[C@@H](CO)[C@@H](O)[C@@H]1O,C09886089,0,354.3670000000001,-2.1180999999999974,0
6060,C([C@@H]1[C@H]([C@@H]([C@@H]([C@H](O1)OC[C@H]2[C@H]([C@@H]([C@@H]([C@@H](O2)O)O)O)O)O)O)O)O,C12504150,0,342.297,-5.397199999999994,0
6061,CN1CCN(Nc2nc3c(=O)[nH]c(N)nc3n2[C@@H]2O[C@H](CO)[C@H](O)[C@@H]2O)CC1,C12658566,0,396.4080000000002,-3.1123999999999974,0
6062,CN1CCN(Nc2nc3c(=O)[nH]c(N)nc3n2[C@@H]2O[C@H](CO)[C@H](O)[C@H]2O)CC1,C12658570,0,396.4080000000002,-3.1123999999999974,0
6063,c1nc(c2c(n1)n(cn2)[C@H]3[C@H]([C@@H]([C@@H](O3)COP(=O)(N)N)O)O)N,C05389923,0,345.2560000000001,-1.9301999999999984,0
6064,NCCCSC[C@H]1O[C@@H](n2cnc3c(N)ncnc32)[C@H](O)[C@@H]1O,C05163039,0,340.40900000000005,-0.8902999999999985,0
6065,C([C@H]1[C@@H]([C@@H]([C@H]([C@H](O1)O)O)O[C@@H]2[C@H]([C@H]([C@@H]([C@@H](O2)CO)O)O)O)O)O,C13519108,0,342.297,-5.397199999999993,0
6066,C([C@@H]1[C@@H]([C@H]([C@H]([C@H](O1)OC[C@@H]2[C@H]([C@H]([C@H]([C@@H](O2)O)O)O)O)O)O)O)O,C15205979,0,342.297,-5.397199999999994,0
6067,C([C@@H]1[C@H]([C@@H]([C@H]([C@H](O1)O[C@@H]2[C@H](O[C@@]([C@H]2O)(CO)O)CO)O)O)O)O,C15657774,0,342.297,-5.395599999999993,0
6068,CNC(=S)NN[C@@]1([C@H]([C@@H]([C@H](O1)CO)O)O)CO,C16189339,0,267.307,-3.6135999999999977,0
6069,COc1nc2c([nH]c(=N)n2[C@@H]2O[C@H](CO)[C@@H](O)[C@H](O)[C@H]2O)c(=O)n1C,C16953324,0,357.3230000000001,-3.476429999999999,0
6070,c1n(c2c([n+]1CCO)c(nc(n2)N)O)[C@H]3[C@@H]([C@H]([C@@H](O3)CO)O)O,C16957472,0,328.30500000000006,-3.3895999999999975,1
6071,N=C(NO)c1cn([C@H]2O[C@@H](CO)[C@H](O)[C@H]2O)c2ncnc(N)c12,C17020151,0,324.2970000000001,-2.07083,0
6072,O=[S@](O)O[C@H]1N[C@H](CO)[C@H](O)[C@H](O)[C@@H]1O,C22059859,0,243.237,-3.4873999999999996,0
6073,C([C@H]1[C@H]([C@@H]([C@@H]([C@@H](O1)O[C@H]2[C@H](O[C@]([C@@H]2O)(CO)O)CO)O)O)O)O,C22061835,0,342.297,-5.395599999999993,0
6074,C([C@H]1[C@H]([C@@H]([C@H]([C@H](O1)OC[C@@H]2[C@H]([C@@H]([C@H]([C@@H](O2)O)O)O)O)O)O)O)O,C22062002,0,342.297,-5.397199999999994,0
6075,Nc1ncnc(NN=c2[nH]cnc(N)c2[N+](=O)[O-])c1[N+](=O)[O-],C12490754,0,308.2180000000001,-0.8916999999999997,0
6076,C([C@@H]1[C@H]([C@@H]([C@@H]([C@@H](O1)O)O[C@@H]2[C@@H]([C@@H]([C@@H]([C@@H](O2)O)O)O)O)O)O)O,C33739914,0,328.27000000000004,-5.439699999999994,0
6077,[NH-]NNc1nc2c(N)ncnc2n1[C@@H]1O[C@@H](CO)[C@@H](O)[C@H]1O,C35395440,0,311.28200000000004,-2.0963000000000003,-1
6078,C[C@]1(C[C@H]([C@@]2([C@@H]1[C@@H](OC=C2)O[C@H]3[C@@H]([C@H]([C@@H]([C@H](O3)CO)O)O)O)O)O)O,C35465907,0,364.34700000000004,-3.4641999999999977,0
6079,CN1CCN(Nc2nc3c(=O)[nH]c(N)nc3n2[C@@H]2O[C@@H](CO)[C@@H](O)[C@H]2O)CC1,C36593229,0,396.4080000000002,-3.1123999999999974,0
6080,c1c(nc([nH]c1=O)SCc2nc(nc(n2)N)N)N,C37022253,0,266.28999999999996,-1.0061999999999998,0
6081,CN1CCN(c2nc3c(=O)[nH]c(N)nc3n2[C@H]2O[C@H](CO)[C@@H](O)[C@@H]2O)CC1,C12657776,0,381.39300000000014,-2.934899999999997,0
6082,C[C@@H]1C[C@@H](CC([C@@]1(/C=C/[C@@H](CO)O[C@H]2[C@@H]([C@H]([C@@H]([C@H](O2)CO)O)O)O)O)(C)C)O,C35456935,0,406.47200000000015,-1.7318999999999984,0
6083,C1[C@H]([C@H]([C@@H]([C@](O1)(CO)O)O)O[C@@H]2[C@@H]([C@H]([C@@H]([C@H](O2)CO)O)O)O)O,C38317766,0,342.297,-5.395599999999993,0
6084,c1cc(cc(c1)N[C@H]2[C@@H]([C@@H]([C@@H](O2)CO)O)O)N[C@@H]3[C@H]([C@H]([C@H](O3)CO)O)O,C36367438,0,372.3740000000001,-2.6115999999999975,0
6085,CC1=NN[C@@H]([C@@H]1C(=O)NN)CSSC[C@@H]2C(=C(N=N2)C)C(=O)NN,C39381025,0,372.4800000000001,-0.5800999999999987,0
6086,C[C@H](/C=C/[C@@]1([C@](C[C@H](CC1(C)C)O[C@H]2[C@@H]([C@H]([C@@H]([C@H](O2)CO)O)O)O)(C)O)O)O,C31155045,0,406.47200000000015,-1.5893999999999986,0
6087,C([C@H]1[C@@H]([C@@H]([C@@H](O1)N2[C@@H](N=C3C2=NC(=NC3=O)[NH-])NN)O)O)O,C39940632,0,312.266,-3.7241999999999984,-1
6088,c1c(ccc(c1)/C=N/Nc2nc(nc(n2)N)N)/C=N/Nc3nc(nc(n3)N)N,C15777315,0,380.3800000000001,-0.7226000000000001,0
6089,CO[C@H]1O[C@@H](CNC2=N[C@H](CO)[C@H](O)[C@H](O)[C@@H]2O)[C@@H](O)[C@@H](O)[C@@H]1O,C40812898,0,352.34000000000003,-5.114299999999992,0
6090,OCC(CO)N[C@@H]1C[C@@](O)(CO)[C@H](O)[C@H](O)[C@@H]1O,C43769480,0,267.278,-4.492399999999994,0
6091,C([C@H]1[C@@H]([C@H]([C@@H]([C@@H](O1)O[C@@H]2[C@@H](O[C@@H]([C@@H]([C@@H]2O)O)O)CO)O)O)O)O,C44185569,0,342.297,-5.397199999999994,0
6092,CSc1nn(-c2nncn2N)c(N)c1CN,C44249856,0,240.296,-1.0595999999999992,0
6093,OC[C@@H]1O[C@H](O[C@H]2[C@H](O)[C@@H](O)CN[C@@H]2CO)[C@H](O)[C@@H](O)[C@@H]1O,C44960204,0,325.314,-5.142599999999994,0
6094,c1cc(cc(c1)N[C@H]2[C@@H]([C@@H]([C@@H](O2)CO)O)O)N[C@@H]3[C@@H]([C@@H]([C@H](O3)CO)O)O,C35361010,0,372.3740000000001,-2.6115999999999975,0
6095,c1cc2c(cc1N)[nH]c(n2)[C@H]([C@H](c3[nH]c4cc(ccc4n3)N)O)O,C05687390,0,324.34400000000005,1.3705999999999994,0
6096,C([C@@H]1[C@H]([C@@H]([C@H]([C@H](O1)OC[C@@H]2[C@H]([C@@H]([C@](O2)(CO)O)O)O)O)O)O)O,C04095714,0,342.297,-5.395599999999994,0
6097,C([C@@H]1[C@@H]([C@@H]([C@H]([C@H](O1)OC[C@@H]2[C@H]([C@@H]([C@H]([C@@H](O2)O)O)O)O)O)O)O)O,C04096703,0,342.297,-5.397199999999994,0
6098,C([C@@H]1[C@H]([C@@H]([C@H]([C@H](O1)O)O)O[C@@H]2[C@@H]([C@H]([C@@H]([C@H](O2)CO)O)O)O)O)O,C04095664,0,342.297,-5.397199999999993,0
6099,C([C@H]1[C@H]([C@@H]([C@@H]([C@@H](O1)O[C@@H]2[C@H](O[C@H]([C@H]([C@H]2O)O)O)CO)O)O)O)O,C65739161,0,342.297,-5.397199999999994,0
6100,c1cc(c(cc1c2c(cc3c(cc(cc3[o+]2)O)O)O[C@H]4[C@@H]([C@H]([C@@H]([C@H](O4)CO)O)O)O)O)O,C04097706,0,449.3880000000001,0.3820000000000006,1
6101,C1[C@H]([C@@H]([C@@H]([C@@](O1)(CO)O)O[C@@H]2[C@@H]([C@@H]([C@@H]([C@@H](O2)CO)O)O)O)O)O,C04721319,0,342.297,-5.395599999999993,0
6102,C(Cc1nc(nc(n1)N)N)c2nc(nc(n2)N)N,C01674441,0,248.254,-1.8293999999999997,0
6103,C1[C@H]([C@H]([C@@H]([C@@](O1)(CO)O)O[C@@H]2[C@@H]([C@H]([C@@H]([C@H](O2)CO)O)O)O)O)O,C06569133,0,342.297,-5.395599999999993,0
6104,C=C1c2cccc(O)c2C(=O)C2=C(O)[C@]3(O)C(=O)C(C(N)=O)=C(O)[C@@H](N(C)C)[C@@H]3[C@@H](O)[C@@H]12,C08836062,0,442.42400000000015,-0.4378999999999982,0
6105,C[C@@]1([C@@]([C@@]([C@@]([C@@](O1)(C)OC[C@@]2([C@@]([C@]([C@@](O2)(CO)O)(C)O)(C)O)C)(C)O)(C)O)(C)O)CO,C09970297,0,454.51300000000015,-2.274799999999996,0
6106,C=C1c2cccc(O)c2C(=O)C2=C(O)[C@@]3(O)C(=O)C(C(N)=O)=C(O)[C@H](N(C)C)[C@@H]3[C@@H](O)[C@H]12,C11592789,0,442.42400000000015,-0.4378999999999982,0
6107,C([C@@H]1[C@H]([C@@H]([C@@H]([C@@H](O1)O[C@@H]2[C@H](O[C@@H]([C@@H]([C@H]2O)O)O)CO)O)O)O)O,C12358840,0,342.297,-5.397199999999994,0
6108,C[C@H]1[C@@]([C@@]([C@@]([C@](O1)(CO)O)(C)O)(C)O[C@H]2[C@]([C@]([C@]([C@@H](O2)CO)(C)O)(C)O)(C)O)(C)O,C12358937,0,440.48600000000016,-2.666499999999996,0
6109,CC1([C@]([C@]([C@@]([C@@](O1)(CO)O)(C)O[C@@]2([C@]([C@@H]([C@]([C@@H](O2)CO)(C)O)O)(C)O)C)(C)O)(C)O)C,C12358952,0,454.5130000000002,-2.2763999999999953,0
6110,C([C@H]1[C@H]([C@@H]([C@@H](O1)n2c3c([nH]c2=O)n(c(=O)[nH]c3=O)[C@@H]4[C@H]([C@@H]([C@@H](O4)CO)O)O)O)O)O,C13425010,0,432.3420000000001,-5.597399999999994,0
6111,C([C@@H]1[C@H]([C@@H]([C@@H]([C@@H](O1)O[C@H]2[C@H]([C@@H]([C@@H]([C@@H](O2)CO)O)O)O)O)O)O)O,C13543578,0,342.297,-5.3971999999999944,0
6112,c1cc(c(cc1c2c(cc3c(cc(cc3[o+]2)O)O)O[C@@H]4[C@@H]([C@H]([C@@H]([C@H](O4)CO)O)O)O)O)O,C13551787,0,449.3880000000001,0.3820000000000006,1
6113,[C@H]1([C@H](NC(=O)N1)NN=C(N)N)NN=C(N)N,C15276598,0,230.236,-4.4926,0
6114,[C@@H]1([C@@H](NC(=O)N1)NN=C(N)N)NN=C(N)N,C15276600,0,230.236,-4.4926,0
6115,C1[C@H]([C@H]([C@@H]([C@](O1)(CO)O)O[C@@H]2[C@@H]([C@H]([C@@H]([C@H](O2)CO)O)O)O)O)O,C15657717,0,342.297,-5.395599999999993,0
6116,C[C@H]([C@H]([C@H]([C@H](C1NNC(=S)NN1)O)O)O)O,C16322549,0,252.29600000000005,-3.737099999999998,0
6117,c1c(c2c(nc(nc2n1[C@@H]3[C@H]([C@@H]([C@@H](O3)CO)O)O)NN)N)C#N,C17045290,0,321.2970000000001,-2.2177199999999995,0
6118,C([C@@H]1[C@H]([C@@H]([C@@H]([C@@H](O1)O[C@]2([C@H]([C@H]([C@H](O2)CO)O)O)CO)O)O)O)O,C22066565,0,342.297,-5.395599999999995,0
6119,NCCNCc1ccc(O)c(CNCCN)c1CNCCN,C33611494,0,310.446,-1.462899999999996,0
6120,C(COCCCO[C@@H]1[C@@H]([C@@H]([C@@H]([C@@H](O1)CO)O)O)O)CO[C@@H]2[C@@H]([C@@H]([C@@H]([C@@H](O2)CO)O)O)O,C37246741,0,458.45700000000016,-4.583799999999991,0
6121,c1cc(c(cc1[C@@H]2CC(=O)c3c(cc(c(c3O)[C@@H]4[C@@H]([C@@H]([C@@H]([C@@H](O4)CO)O)O)O)O)O2)O)O,C37538893,0,450.39600000000013,-0.26959999999999945,0
6122,c1cc(c(cc1[C@H]2CC(=O)c3c(cc(c(c3O)[C@@H]4[C@@H]([C@@H]([C@@H]([C@@H](O4)CO)O)O)O)O)O2)O)O,C37538895,0,450.39600000000013,-0.26959999999999945,0
6123,c1cc(c(cc1[C@@H]2CC(=O)c3c(cc(c(c3O)[C@H]4[C@@H]([C@@H]([C@@H]([C@@H](O4)CO)O)O)O)O)O2)O)O,C37538897,0,450.39600000000013,-0.26959999999999945,0
6124,c1cc(c(cc1[C@H]2CC(=O)c3c(cc(c(c3O)[C@H]4[C@@H]([C@@H]([C@@H]([C@@H](O4)CO)O)O)O)O)O2)O)O,C37538899,0,450.39600000000013,-0.26959999999999945,0
6125,C([C@@H]1[C@@H]([C@@H]([C@H]([C@@H](O1)O[C@@H]2[C@H](O[C@@]([C@H]2O)(CO)O)CO)O)O)O)O,C03977952,0,342.297,-5.395599999999993,0
6126,C([C@@H]1[C@H]([C@@H]([C@@H]([C@@H](O1)O)O[C@@H]2[C@H]([C@H]([C@@H]([C@H](O2)CO)O)O)O)O)O)O,C38243977,0,342.297,-5.397199999999994,0
6127,c1cc(c(cc1c2c(cc3c(cc(cc3[o+]2)O)O)O[C@H]4[C@H]([C@H]([C@H]([C@H](O4)CO)O)O)O)O)O,C38601500,0,449.3880000000001,0.3820000000000006,1
6128,C([C@H]1[C@H]([C@H]([C@H]([C@H](O1)O[C@H]2[C@H](O[C@]([C@H]2O)(CO)O)CO)O)O)O)O,C39937201,0,342.297,-5.395599999999993,0
6129,C([C@@H]1[C@@H]([C@@H]([C@H]([C@H](O1)O)O)O[C@@H]2[C@@H]([C@H]([C@H]([C@H](O2)CO)O)O)O)O)O,C33982313,0,342.297,-5.397199999999993,0
6130,C([C@@H]1[C@@H]([C@H]([C@@H]([C@H](O1)O[C@H]2[C@H](O[C@@H]([C@H]([C@@H]2O)O)O)CO)O)O)O)O,C43505217,0,342.297,-5.397199999999994,0
6131,C[C@@]1([C@H](O[C@]([C@@]([C@@]1(C)O)(C)O)(C)O[C@@]2([C@@H](O[C@]([C@@]([C@@]2(C)O)(C)O)(C)O)CO)C)CO)O,C43509295,0,454.5130000000002,-2.2763999999999975,0
6132,C[C@@]1([C@H](O[C@]([C@]([C@@]1(C)O)(C)O)(C)O[C@@]2([C@@H](O[C@]([C@@]([C@@]2(C)O)(C)O)(C)O)CO)C)CO)O,C43509297,0,454.5130000000002,-2.2763999999999975,0
6133,C[C@@]1([C@@H](O[C@]([C@@]([C@@]1(C)O)(C)O)(C)O[C@@]2([C@@H](O[C@@]([C@@]([C@@]2(C)O)(C)O)(C)O)CO)C)CO)O,C43509305,0,454.5130000000002,-2.2763999999999975,0
6134,C[C@H]1[C@@]([C@]([C@@]([C@](O1)(CO)O)(C)O)(C)O[C@H]2[C@@]([C@@]([C@]([C@@H](O2)CO)(C)O)(C)O)(C)O)(C)O,C43509402,0,440.48600000000016,-2.666499999999996,0
6135,C[C@]1([C@H](O[C@@]([C@@]([C@H]1O)(C)O)(C)O[C@@]2([C@@]([C@@](C(O[C@@]2(CO)O)(C)C)(C)O)(C)O)C)CO)O,C43509429,0,454.5130000000002,-2.2763999999999966,0
6136,c1cc(c(cc1c2c(cc3c(cc(cc3[o+]2)O)O)O[C@H]4[C@@H]([C@@H]([C@H]([C@@H](O4)CO)O)O)O)O)O,C44136129,0,449.3880000000001,0.3820000000000006,1
6137,COc1cc(C[C@H](N)CO)cc(-c2cc(C[C@H](N)CO)cc(OC)c2O)c1O,C44467014,0,392.45200000000017,0.5062,0
6138,C([C@@H]1[C@@H]([C@@H]([C@@H]([C@@H](O1)O[C@H]2[C@@H](O[C@@H]([C@@H]([C@@H]2O)O)O)CO)O)O)O)O,C08602640,0,342.297,-5.397199999999994,0
6139,C([C@@H]1[C@@H]([C@@H]([C@@H]([C@@H](O1)S[C@H]2[C@@H](O[C@@H]([C@@H]([C@@H]2O)O)O)CO)O)O)O)O,C44699317,0,358.36500000000007,-4.6805999999999965,0
6140,NCCNC[C@@H](N)CCCN/C(N)=N/[N+](=O)[O-],C24773728,0,247.303,-2.2617999999999974,0
6141,N[C@H]1[C@H](O[C@H]2[C@@H](O)[C@H](N)[C@H](O)O[C@@H]2CO)O[C@@H](CO)[C@@H](O)[C@H]1O,C43758960,0,340.329,-5.464399999999993,0
6142,c1ccc2c(c1)/C(=N\Nc3nc4c(=O)[nH]c(nc4n3[C@H]5[C@H]([C@@H]([C@@H](O5)CO)O)O)N)/C(=O)N2,C05223166,0,442.39200000000017,-1.9183999999999983,0
6143,C([C@@H]1[C@H]([C@@H]([C@H]([C@H](O1)OC[C@@H]2[C@H]([C@@H]([C@@](O2)(CO)O)O)O)O)O)O)O,C04095713,0,342.297,-5.395599999999994,0
6144,C([C@@H]1[C@@H]([C@@H]([C@H]([C@H](O1)OC[C@@H]2[C@H]([C@@H]([C@H]([C@H](O2)O)O)O)O)O)O)O)O,C04096704,0,342.297,-5.397199999999994,0
6145,C([C@@H]1[C@H]([C@@H]([C@H]([C@H](O1)O[C@@H]2[C@H](O[C@@H]([C@@H]([C@H]2O)O)O)CO)O)O)O)O,C04095490,0,342.297,-5.397199999999994,0
6146,C(CO)Nc1nc2c(=O)[nH]c(nc2n1[C@H]3[C@H]([C@@H]([C@@H](O3)CO)O)O)N,C59369436,0,342.3120000000001,-3.2824999999999975,0
6147,C([C@@H]1[C@H]([C@@H]([C@H]([C@H](O1)O[C@H]2[C@@H](O[C@H]([C@H]([C@@H]2O)O)O)CO)O)O)O)O,C05222464,0,342.297,-5.397199999999994,0
6148,N[C@@H]1[C@@H](O)[C@H](O[C@@H]2O[C@H](CO)[C@@H](O)[C@H](O)[C@H]2N)[C@H](CO)O[C@H]1O,C64219076,0,340.32900000000006,-5.464399999999993,0
6149,N[C@@H]1[C@@H](O)[C@H](O[C@@H]2O[C@@H](CO)[C@@H](O)[C@H](O)[C@H]2N)[C@H](CO)O[C@H]1O,C64219079,0,340.32900000000006,-5.464399999999993,0
6150,c1c(c(=O)[nH]c(=O)n1[C@H]2[C@H]([C@@H]([C@@H](O2)CO)O)O)CC(C(F)(F)F)(F)F,C05215349,0,376.234,-1.1118000000000003,0
6151,COP(=O)([C@]1(c2ccccc2NC1=O)Nc3ccc(cc3)S(=O)(=O)N)OC,C02979428,0,411.37600000000015,2.0368999999999993,0
6152,c1cc(ccc1SCC(=O)NNC=C2C(=O)NC(=O)NC2=O)Cl,C06541743,0,354.7750000000001,0.3028000000000002,0
6153,Cc1c(c(n(n1)CCO)N)[C@]2(c3ccccc3N(C2=O)Cc4ccccc4)O,C07001319,0,378.43200000000013,1.5487199999999994,0
6154,c1c(=O)[nH]c(nn1)SCC(=O)Nc2c(c3c(s2)CCCC3)C(=O)N,C11905424,0,365.4400000000002,0.9348999999999998,0
6155,c1cc(=O)[nH]cc1C(=O)Nc2nc(cs2)CC(=O)N3CCC(CC3)C(=O)N,C12440096,0,389.43700000000024,0.3501000000000002,0
6156,COCCNC(=O)NC(=O)CSc1nnc(s1)SCC(=O)N,C13005080,0,365.4620000000001,-0.32019999999999954,0
6157,C[C@H](CNC(=O)Cn1c2ccccc2nc1SCC(=O)NC[C@@H](C)O)O,C05387146,0,380.4700000000002,0.12239999999999929,0
6158,c1cc2c(cc1C(=O)NCC(=O)NNC(=S)NC[C@H]3CCCO3)OCO2,C15899459,0,380.4260000000003,-0.18059999999999987,0
6159,Cc1cccc(n1)CSc2c3c(nc(n2)N)n(cn3)[C@@H]4C[C@@H]([C@H](O4)CO)O,C17001446,0,388.45300000000015,1.0449199999999998,0
6160,Cc1c2c([nH]n1)NC(=O)CS[C@@H]2c3ccc(c(c3)OC)OCC(=O)N,C20898897,0,362.4110000000002,1.3655199999999994,0
6161,CCNC(=O)NC(=O)[C@@H](C)OC(=O)c1cc(ccc1F)S(=O)(=O)N,C22520403,0,361.35100000000006,-0.13589999999999958,0
6162,C=CCN1C(=O)[C@@H]2[C@H](N[C@]3([C@H]2C1=O)c4ccccc4NC3=O)CCC(=O)N,C16026454,0,368.39300000000014,-0.14149999999999896,0
6163,Cc1c(c([nH]c1C(=O)NN2C(=O)[C@H](NC2=O)Cc3c[nH]c4c3cccc4)C)C(=O)C,C28849105,0,407.4300000000001,2.12334,0
6164,NC(=O)CN1CCC(NC(=O)Cn2c(S)nnc2-c2cccs2)CC1,C32908394,0,380.49900000000014,0.36119999999999985,0
6165,CC1=CC(=O)/C(=C/NC(=S)Nc2ccc(cc2)S(=O)(=O)N)/C(=O)O1,C17221911,0,367.40800000000013,0.534,0
6166,c1cc(ccc1CNC(=O)C(=O)Nc2ccc3c(c2)OCO3)S(=O)(=O)N,C38718091,0,377.37800000000016,0.3176,0
6167,Cc1c(=O)nc([nH]n1)SCC(=O)N[C@H]2[C@@H](C3=C(S2)CCCC3)C(=O)N,C39246116,0,381.48300000000023,0.68412,0
6168,Cc1c(c(=O)[nH]c(n1)SCC(=O)NCCNC(=O)C)CCC(=O)O,C13450318,0,356.40400000000017,-0.5600799999999992,0
6169,CC(C)C(=O)Nc1ccc(cc1)NC(=O)C(=O)NCCCNS(=O)(=O)C,C41854437,0,384.4580000000002,0.27510000000000084,0
6170,Cc1nc2ccccc2n1CCCNC(=O)NNC(=O)C(=O)NC3CC3,C43472211,0,358.4020000000001,0.3438200000000008,0
6171,Cc1cc(n(n1)C[C@@H](C)CNC(=O)C(=O)Nc2c(ccs2)C(=O)N)C,C48003169,0,363.4430000000001,1.0513399999999997,0
6172,Cn1cc(c2c1cccc2)C(=O)NNC(=O)CNC(=O)c3c[nH]c4ccccc4c3=O,C48341627,0,417.4250000000002,1.2107999999999997,0
6173,c1ccc2c(c1)OC[C@H](O2)CNC(=O)C(=O)Nc3ccc(c(c3)C(=O)N)F,C48703998,0,373.3400000000001,0.819299999999999,0
6174,COCCN1C(=O)[C@@H]2[C@@H](N[C@]3([C@@H]2C1=O)c4cc(ccc4NC3=O)F)CC(=O)N,C16021954,0,390.37100000000015,-0.9320999999999975,0
6175,CC[C@@H](C)N1C(=O)[C@@H]2[C@H](N[C@@]3([C@@H]2C1=O)c4cc(ccc4NC3=O)F)CCC(=O)N,C35375531,0,402.42600000000016,0.6101000000000005,0
6176,COCCN1C(=O)[C@@H]2[C@@H](N[C@]3([C@@H]2C1=O)c4cc(ccc4NC3=O)F)CCC(=O)N,C16025175,0,404.3980000000002,-0.5419999999999978,0
6177,C[C@@H]1C[C@]2(CC(C1)(C)C)C(=O)N(C(=O)N2)CC(=O)NCCS(=O)(=O)N,C56850337,0,374.46300000000014,-0.47209999999999613,0
6178,c1cnc(nc1)Nc2nc(cs2)C(=O)Nc3nc(cs3)CC(=O)N,C56924442,0,361.41200000000015,1.4132999999999996,0
6179,CN(C)c1ccc(cc1)/C=N/Nc2[nH]nc(n2)SCC(=O)NCCO,C59813598,0,363.4470000000002,0.5172999999999996,0
6180,c1cc(ccc1CNC(=O)CCCNC(=O)c2ccsc2)S(=O)(=O)N,C22594908,0,381.47900000000004,1.2219,0
6181,CC(C)NS(=O)(=O)c1ccc(cc1)NC=C2C(=O)NC(=S)NC2=O,C60865265,0,368.44000000000005,0.19999999999999968,0
6182,c1cc(c(cc1CNC(=O)C(=O)Nc2ccc(c(c2)C(=O)N)F)F)n3ccnc3,C63227359,0,399.3570000000001,1.5042999999999997,0
6183,C[C@@H](C(=O)NNC(=O)c1cccc(c1)Cl)SC2=NC(=O)CC(=N2)N,C63743086,0,367.81800000000015,0.8661999999999996,0
6184,COCCCn1c(=O)[nH]nc1SCC(=O)NC2=C([C@@H]3CCC[C@@H]3S2)C(=O)N,C64056584,0,413.52500000000026,0.4286000000000011,0
6185,COCCN1C(=O)[C@H]2[C@@H](N[C@@]3([C@@H]2C1=O)c4cc(ccc4NC3=O)F)CC(=O)N,C20548427,0,390.37100000000015,-0.9320999999999975,0
6186,c1cc(c(=O)[nH]c1)C(=O)N[C@@H]2N/C(=C\C(=O)NC[C@H]3CCCO3)/CS2,C64403626,0,364.4270000000002,-0.09619999999999962,0
6187,c1ccc2c(c1)nc(s2)C3=C(N(CC3=O)CCc4ccc(cc4)S(=O)(=O)N)N,C35479240,0,414.51200000000006,1.6983999999999995,0
6188,C#CCNC(=O)CCNC(=O)CCCC[C@H]1[C@H]2[C@@H](CS1)NC(=O)N2,C64512356,0,352.46000000000004,-0.03209999999999902,0
6189,C#CCNC(=O)CCNC(=O)CCCC[C@H]1[C@@H]2[C@H](CS1)NC(=O)N2,C64513656,0,352.46000000000004,-0.03209999999999902,0
6190,CNC(=O)c1cc(ccc1F)NC(=O)C(=O)NC[C@@H](c2ccccc2F)O,C64764378,0,377.34700000000004,1.1126999999999994,0
6191,COCCCNC(=O)NNC(=O)c1cccc(c1)S(=O)(=O)NCC#C,C65206763,0,368.41500000000013,-0.42139999999999733,0
6192,c1ccc(c(c1)c2[nH]ccn2)C(=O)N3CCN4[C@@H](C3)C=C(N4)C(=O)NCCO,C65394682,0,382.4240000000001,-0.2862999999999995,0
6193,c1cc(ccc1c2nnc(o2)/C(=C/C(=O)Cn3cc(cn3)N)/N)Br,C66088455,0,389.213,1.8466999999999998,0
6194,c1cc2c(cc1NC(=O)C(=O)N3CCC[C@@H](C3)CCC(=O)N)CCC(=O)N2,C66222242,0,372.4250000000001,1.0139000000000002,0
6195,Cn1c(n[nH]c1=S)CNC(=O)c2ccc(cc2)N3CCC[C@@H](C3)C(=O)N,C66626075,0,374.47000000000025,1.1093899999999999,0
6196,Cc1cc(c(cc1C(=O)NCCc2n[nH]c(=S)n2C)S(=O)(=O)N)C,C67050853,0,369.4720000000001,0.7144300000000001,0
6197,Cn1c(n[nH]c1=S)CCNC(=O)c2ccc(cc2)NC(=O)NC3CC3,C67051588,0,360.4430000000001,1.7340899999999997,0
6198,C1CCC(C1)CNC(=O)NCC(=O)NCc2n[nH]c(=S)n2C3CC3,C67070617,0,352.4640000000001,1.38119,0
6199,CCOCCCNC(=O)NNC(=O)c1cccc(c1)S(=O)(=O)NC,C67314703,0,358.4200000000001,-0.03469999999999768,0
